solid Cut (Meshed)
  facet normal 0.000000 -1.000000 0.000000
    outer loop
      vertex -1.870944 -2.900000 0.504990
      vertex -0.970944 -2.900000 1.505071
      vertex -1.870944 -2.900000 1.505071
    endloop
  endfacet
  facet normal 0.000000 -1.000000 0.000000
    outer loop
      vertex -0.970944 -2.900000 0.504990
      vertex -0.970944 -2.900000 1.505071
      vertex -1.870944 -2.900000 0.504990
    endloop
  endfacet
  facet normal -1.000000 0.000000 0.000000
    outer loop
      vertex -1.870944 -2.630954 1.519088
      vertex -1.870944 -2.333796 1.586403
      vertex -1.870944 -2.359038 1.572655
    endloop
  endfacet
  facet normal -1.000000 0.000000 0.000000
    outer loop
      vertex -1.870944 -2.630954 1.519088
      vertex -1.870944 -2.359038 1.572655
      vertex -1.870944 -2.381203 1.543499
    endloop
  endfacet
  facet normal -1.000000 0.000000 0.000000
    outer loop
      vertex -1.870944 -2.630954 1.519088
      vertex -1.870944 -2.381203 1.543499
      vertex -1.870944 -2.398870 1.498168
    endloop
  endfacet
  facet normal -1.000000 0.000000 0.000000
    outer loop
      vertex -1.870944 -2.630954 1.519088
      vertex -1.870944 -2.398870 1.498168
      vertex -1.870944 -2.412756 1.427905
    endloop
  endfacet
  facet normal -1.000000 0.000000 0.000000
    outer loop
      vertex -1.870944 -2.630954 1.519088
      vertex -1.870944 -2.412756 1.427905
      vertex -1.870944 -2.416501 1.394068
    endloop
  endfacet
  facet normal -1.000000 0.000000 0.000000
    outer loop
      vertex -1.870944 -2.630954 1.519088
      vertex -1.870944 -2.416501 1.394068
      vertex -1.870944 -2.420656 1.323427
    endloop
  endfacet
  facet normal -1.000000 0.000000 0.000000
    outer loop
      vertex -1.870944 -2.419422 1.173441
      vertex -1.870944 -2.630954 1.519088
      vertex -1.870944 -2.420656 1.323427
    endloop
  endfacet
  facet normal -1.000000 0.000000 0.000000
    outer loop
      vertex -1.870944 -2.824814 1.498858
      vertex -1.870944 -2.630954 1.519088
      vertex -1.870944 -2.419422 1.173441
    endloop
  endfacet
  facet normal -1.000000 0.000000 0.000000
    outer loop
      vertex -1.870944 -2.405141 0.965266
      vertex -1.870944 -2.824814 1.498858
      vertex -1.870944 -2.419422 1.173441
    endloop
  endfacet
  facet normal -1.000000 0.000000 0.000000
    outer loop
      vertex -1.870944 -2.482204 0.379855
      vertex -1.870944 -2.374879 0.704994
      vertex -1.870944 -2.326923 0.405766
    endloop
  endfacet
  facet normal -1.000000 0.000000 0.000000
    outer loop
      vertex -1.870944 -2.587991 0.464193
      vertex -1.870944 -2.374879 0.704994
      vertex -1.870944 -2.482204 0.379855
    endloop
  endfacet
  facet normal -1.000000 0.000000 0.000000
    outer loop
      vertex -1.870944 -2.380736 0.247876
      vertex -1.870944 -2.482204 0.379855
      vertex -1.870944 -2.326923 0.405766
    endloop
  endfacet
  facet normal -1.000000 0.000000 0.000000
    outer loop
      vertex -1.870944 -2.259666 0.069589
      vertex -1.870944 -2.380736 0.247876
      vertex -1.870944 -2.326923 0.405766
    endloop
  endfacet
  facet normal -1.000000 0.000000 0.000000
    outer loop
      vertex -1.870944 -2.706919 0.511371
      vertex -1.870944 -2.405141 0.965266
      vertex -1.870944 -2.374879 0.704994
    endloop
  endfacet
  facet normal -1.000000 0.000000 0.000000
    outer loop
      vertex -1.870944 -2.706919 0.511371
      vertex -1.870944 -2.374879 0.704994
      vertex -1.870944 -2.587991 0.464193
    endloop
  endfacet
  facet normal -1.000000 0.000000 0.000000
    outer loop
      vertex -1.870944 -2.275700 0.034507
      vertex -1.870944 -2.380736 0.247876
      vertex -1.870944 -2.259666 0.069589
    endloop
  endfacet
  facet normal -1.000000 0.000000 0.000000
    outer loop
      vertex -1.870944 -2.836633 0.519205
      vertex -1.870944 -2.900000 1.505071
      vertex -1.870944 -2.824814 1.498858
    endloop
  endfacet
  facet normal -1.000000 0.000000 0.000000
    outer loop
      vertex -1.870944 -2.836633 0.519205
      vertex -1.870944 -2.824814 1.498858
      vertex -1.870944 -2.405141 0.965266
    endloop
  endfacet
  facet normal -1.000000 0.000000 0.000000
    outer loop
      vertex -1.870944 -2.836633 0.519205
      vertex -1.870944 -2.405141 0.965266
      vertex -1.870944 -2.706919 0.511371
    endloop
  endfacet
  facet normal -1.000000 0.000000 0.000000
    outer loop
      vertex -1.870944 -2.900000 0.504990
      vertex -1.870944 -2.900000 1.505071
      vertex -1.870944 -2.836633 0.519205
    endloop
  endfacet
  facet normal -1.000000 0.000000 0.000000
    outer loop
      vertex -1.870944 -2.179748 -0.271518
      vertex -1.870944 -2.275700 0.034507
      vertex -1.870944 -2.259666 0.069589
    endloop
  endfacet
  facet normal -0.002686 -0.968746 -0.248039
    outer loop
      vertex -1.501391 -2.141352 -0.420607
      vertex -1.420944 -2.179748 -0.271518
      vertex -1.580024 -2.142417 -0.415596
    endloop
  endfacet
  facet normal -0.005508 -0.957064 -0.289826
    outer loop
      vertex -1.599237 -1.998304 -0.891123
      vertex -1.501391 -2.141352 -0.420607
      vertex -1.580024 -2.142417 -0.415596
    endloop
  endfacet
  facet normal 0.003698 -0.967910 -0.251268
    outer loop
      vertex -1.420944 -2.125223 -0.481553
      vertex -1.420944 -2.179748 -0.271518
      vertex -1.501391 -2.141352 -0.420607
    endloop
  endfacet
  facet normal -0.003677 -0.966200 -0.257768
    outer loop
      vertex -1.580024 -2.142417 -0.415596
      vertex -1.870944 -2.179748 -0.271518
      vertex -1.733677 -2.146380 -0.398551
    endloop
  endfacet
  facet normal -0.003673 -0.966201 -0.257764
    outer loop
      vertex -1.733677 -2.146380 -0.398551
      vertex -1.870944 -2.179748 -0.271518
      vertex -1.885649 -2.150349 -0.381509
    endloop
  endfacet
  facet normal -0.021655 -0.997421 -0.068427
    outer loop
      vertex -1.870944 -2.405141 0.965266
      vertex -1.870944 -2.419422 1.173441
      vertex -1.934339 -2.403316 0.958722
    endloop
  endfacet
  facet normal -0.036341 -0.997283 -0.064080
    outer loop
      vertex -1.934339 -2.403316 0.958722
      vertex -1.870944 -2.419422 1.173441
      vertex -1.929748 -2.417317 1.174019
    endloop
  endfacet
  facet normal -0.077713 -0.928926 0.362017
    outer loop
      vertex -1.870944 -2.398870 1.498168
      vertex -1.870944 -2.381203 1.543499
      vertex -1.922841 -2.393656 1.500406
    endloop
  endfacet
  facet normal -0.089831 -0.977057 0.193105
    outer loop
      vertex -1.870944 -2.412756 1.427905
      vertex -1.870944 -2.398870 1.498168
      vertex -1.922841 -2.393656 1.500406
    endloop
  endfacet
  facet normal -0.090919 -0.922162 0.375966
    outer loop
      vertex -1.870944 -2.381203 1.543499
      vertex -1.921758 -2.372907 1.551561
      vertex -1.922841 -2.393656 1.500406
    endloop
  endfacet
  facet normal -0.033946 -0.795625 0.604838
    outer loop
      vertex -1.870944 -2.381203 1.543499
      vertex -1.870944 -2.359038 1.572655
      vertex -1.921758 -2.372907 1.551561
    endloop
  endfacet
  facet normal -0.117155 -0.977798 0.173741
    outer loop
      vertex -1.870944 -2.412756 1.427905
      vertex -1.922841 -2.393656 1.500406
      vertex -1.925115 -2.412560 1.392480
    endloop
  endfacet
  facet normal -0.075313 -0.991109 0.109683
    outer loop
      vertex -1.870944 -2.416501 1.394068
      vertex -1.870944 -2.412756 1.427905
      vertex -1.925115 -2.412560 1.392480
    endloop
  endfacet
  facet normal -0.074135 -0.995527 0.058561
    outer loop
      vertex -1.870944 -2.420656 1.323427
      vertex -1.870944 -2.416501 1.394068
      vertex -1.925115 -2.412560 1.392480
    endloop
  endfacet
  facet normal -0.157927 -0.987418 -0.008123
    outer loop
      vertex -1.870944 -2.419422 1.173441
      vertex -1.870944 -2.420656 1.323427
      vertex -1.925115 -2.412560 1.392480
    endloop
  endfacet
  facet normal -0.035556 -0.999114 0.022507
    outer loop
      vertex -1.929748 -2.417317 1.174019
      vertex -1.870944 -2.419422 1.173441
      vertex -1.925115 -2.412560 1.392480
    endloop
  endfacet
  facet normal -0.016864 -0.993371 -0.113707
    outer loop
      vertex -1.938808 -2.379156 0.748317
      vertex -1.870944 -2.405141 0.965266
      vertex -1.934339 -2.403316 0.958722
    endloop
  endfacet
  facet normal -0.037080 -0.791689 0.609798
    outer loop
      vertex -1.870944 -2.359038 1.572655
      vertex -1.921290 -2.356223 1.573249
      vertex -1.921758 -2.372907 1.551561
    endloop
  endfacet
  facet normal -0.016385 -0.478215 0.878090
    outer loop
      vertex -1.921290 -2.356223 1.573249
      vertex -1.870944 -2.359038 1.572655
      vertex -1.870944 -2.333796 1.586403
    endloop
  endfacet
  facet normal 0.044419 -0.926086 0.374690
    outer loop
      vertex -1.922841 -2.393656 1.500406
      vertex -1.921758 -2.372907 1.551561
      vertex -1.993488 -2.380635 1.540963
    endloop
  endfacet
  facet normal 0.063129 -0.983264 0.170901
    outer loop
      vertex -1.925115 -2.412560 1.392480
      vertex -1.922841 -2.393656 1.500406
      vertex -1.995522 -2.406328 1.454346
    endloop
  endfacet
  facet normal -0.011134 -0.993247 -0.115484
    outer loop
      vertex -1.870944 -2.374879 0.704994
      vertex -1.870944 -2.405141 0.965266
      vertex -1.938808 -2.379156 0.748317
    endloop
  endfacet
  facet normal 0.026639 -0.999420 0.021195
    outer loop
      vertex -1.929748 -2.417317 1.174019
      vertex -1.925115 -2.412560 1.392480
      vertex -1.996899 -2.414401 1.395912
    endloop
  endfacet
  facet normal -0.052011 -0.996613 -0.063702
    outer loop
      vertex -1.934339 -2.403316 0.958722
      vertex -1.929748 -2.417317 1.174019
      vertex -1.999654 -2.420399 1.279320
    endloop
  endfacet
  facet normal 0.010963 -0.993386 -0.114299
    outer loop
      vertex -1.938808 -2.379156 0.748317
      vertex -1.934339 -2.403316 0.958722
      vertex -2.006873 -2.406033 0.975385
    endloop
  endfacet
  facet normal 0.000000 -0.505906 0.862589
    outer loop
      vertex -1.992444 -2.333796 1.586403
      vertex -1.921290 -2.356223 1.573249
      vertex -1.870944 -2.333796 1.586403
    endloop
  endfacet
  facet normal 0.029509 -0.792583 0.609050
    outer loop
      vertex -1.921758 -2.372907 1.551561
      vertex -1.921290 -2.356223 1.573249
      vertex -1.992922 -2.365061 1.565218
    endloop
  endfacet
  facet normal 0.010876 -0.841542 0.540083
    outer loop
      vertex -1.921758 -2.372907 1.551561
      vertex -1.992922 -2.365061 1.565218
      vertex -1.993488 -2.380635 1.540963
    endloop
  endfacet
  facet normal 0.032898 -0.933522 0.357009
    outer loop
      vertex -1.922841 -2.393656 1.500406
      vertex -1.993488 -2.380635 1.540963
      vertex -1.994391 -2.395395 1.502452
    endloop
  endfacet
  facet normal 0.030008 -0.974846 0.220849
    outer loop
      vertex -1.922841 -2.393656 1.500406
      vertex -1.994391 -2.395395 1.502452
      vertex -1.995522 -2.406328 1.454346
    endloop
  endfacet
  facet normal 0.031893 -0.990188 0.136051
    outer loop
      vertex -1.925115 -2.412560 1.392480
      vertex -1.995522 -2.406328 1.454346
      vertex -1.996899 -2.414401 1.395912
    endloop
  endfacet
  facet normal -0.038641 -0.986695 -0.157926
    outer loop
      vertex -1.947314 -2.314372 0.345641
      vertex -1.870944 -2.374879 0.704994
      vertex -1.938808 -2.379156 0.748317
    endloop
  endfacet
  facet normal 0.116475 -0.992019 0.048285
    outer loop
      vertex -1.929748 -2.417317 1.174019
      vertex -1.996899 -2.414401 1.395912
      vertex -1.999654 -2.420399 1.279320
    endloop
  endfacet
  facet normal 0.026426 -0.998506 -0.047823
    outer loop
      vertex -1.934339 -2.403316 0.958722
      vertex -1.999654 -2.420399 1.279320
      vertex -2.006873 -2.406033 0.975385
    endloop
  endfacet
  facet normal -0.043469 -0.990524 -0.130277
    outer loop
      vertex -2.017798 -2.345617 0.519669
      vertex -1.938808 -2.379156 0.748317
      vertex -2.006873 -2.406033 0.975385
    endloop
  endfacet
  facet normal 0.018918 -0.460478 0.887470
    outer loop
      vertex -1.992444 -2.333796 1.586403
      vertex -1.992685 -2.354813 1.575503
      vertex -1.921290 -2.356223 1.573249
    endloop
  endfacet
  facet normal 0.008285 -0.708425 0.705738
    outer loop
      vertex -1.921290 -2.356223 1.573249
      vertex -1.992685 -2.354813 1.575503
      vertex -1.992922 -2.365061 1.565218
    endloop
  endfacet
  facet normal 0.054075 -0.840818 0.538610
    outer loop
      vertex -1.993488 -2.380635 1.540963
      vertex -1.992922 -2.365061 1.565218
      vertex -2.009787 -2.368285 1.561878
    endloop
  endfacet
  facet normal 0.009682 -0.933802 0.357661
    outer loop
      vertex -1.994391 -2.395395 1.502452
      vertex -1.993488 -2.380635 1.540963
      vertex -2.012347 -2.388325 1.521396
    endloop
  endfacet
  facet normal -0.144826 -0.964111 0.222520
    outer loop
      vertex -1.995522 -2.406328 1.454346
      vertex -1.994391 -2.395395 1.502452
      vertex -2.012347 -2.388325 1.521396
    endloop
  endfacet
  facet normal -0.057396 -0.988773 0.137960
    outer loop
      vertex -1.996899 -2.414401 1.395912
      vertex -1.995522 -2.406328 1.454346
      vertex -2.017852 -2.407968 1.433303
    endloop
  endfacet
  facet normal -0.037668 -0.986699 -0.158134
    outer loop
      vertex -1.870944 -2.326923 0.405766
      vertex -1.870944 -2.374879 0.704994
      vertex -1.947314 -2.314372 0.345641
    endloop
  endfacet
  facet normal 0.043176 -0.986240 -0.159581
    outer loop
      vertex -1.947314 -2.314372 0.345641
      vertex -1.938808 -2.379156 0.748317
      vertex -2.017798 -2.345617 0.519669
    endloop
  endfacet
  facet normal -0.201945 -0.977847 0.055079
    outer loop
      vertex -2.017852 -2.407968 1.433303
      vertex -1.999654 -2.420399 1.279320
      vertex -1.996899 -2.414401 1.395912
    endloop
  endfacet
  facet normal 0.112405 -0.992425 -0.049578
    outer loop
      vertex -2.006873 -2.406033 0.975385
      vertex -1.999654 -2.420399 1.279320
      vertex -2.023557 -2.414563 1.108306
    endloop
  endfacet
  facet normal -0.035738 -0.990804 -0.130499
    outer loop
      vertex -2.017798 -2.345617 0.519669
      vertex -2.006873 -2.406033 0.975385
      vertex -2.048065 -2.355500 0.602996
    endloop
  endfacet
  facet normal 0.000000 -0.460389 0.887717
    outer loop
      vertex -2.000381 -2.333796 1.586403
      vertex -1.992685 -2.354813 1.575503
      vertex -1.992444 -2.333796 1.586403
    endloop
  endfacet
  facet normal 0.016834 -0.708447 0.705563
    outer loop
      vertex -1.992922 -2.365061 1.565218
      vertex -1.992685 -2.354813 1.575503
      vertex -2.008791 -2.353339 1.577367
    endloop
  endfacet
  facet normal 0.000047 -0.719596 0.694393
    outer loop
      vertex -1.992922 -2.365061 1.565218
      vertex -2.008791 -2.353339 1.577367
      vertex -2.009787 -2.368285 1.561878
    endloop
  endfacet
  facet normal -0.100716 -0.889101 0.446493
    outer loop
      vertex -2.012347 -2.388325 1.521396
      vertex -1.993488 -2.380635 1.540963
      vertex -2.009787 -2.368285 1.561878
    endloop
  endfacet
  facet normal -0.140087 -0.964511 0.223817
    outer loop
      vertex -1.995522 -2.406328 1.454346
      vertex -2.012347 -2.388325 1.521396
      vertex -2.017852 -2.407968 1.433303
    endloop
  endfacet
  facet normal -0.002311 -0.979478 -0.201535
    outer loop
      vertex -1.955142 -2.236998 -0.030311
      vertex -1.870944 -2.326923 0.405766
      vertex -1.947314 -2.314372 0.345641
    endloop
  endfacet
  facet normal -0.044250 -0.980028 -0.193875
    outer loop
      vertex -2.031899 -2.230260 -0.060235
      vertex -1.947314 -2.314372 0.345641
      vertex -2.017798 -2.345617 0.519669
    endloop
  endfacet
  facet normal -0.065521 -0.995206 0.072603
    outer loop
      vertex -1.999654 -2.420399 1.279320
      vertex -2.017852 -2.407968 1.433303
      vertex -2.015377 -2.419571 1.276481
    endloop
  endfacet
  facet normal -0.105867 -0.991402 -0.076909
    outer loop
      vertex -2.031747 -2.400612 0.939737
      vertex -2.006873 -2.406033 0.975385
      vertex -2.023557 -2.414563 1.108306
    endloop
  endfacet
  facet normal -0.047634 -0.998489 -0.027417
    outer loop
      vertex -2.023557 -2.414563 1.108306
      vertex -1.999654 -2.420399 1.279320
      vertex -2.015377 -2.419571 1.276481
    endloop
  endfacet
  facet normal -0.027654 -0.990942 -0.131412
    outer loop
      vertex -2.048065 -2.355500 0.602996
      vertex -2.006873 -2.406033 0.975385
      vertex -2.031747 -2.400612 0.939737
    endloop
  endfacet
  facet normal -0.150404 -0.973874 -0.170141
    outer loop
      vertex -2.064302 -2.293941 0.264994
      vertex -2.017798 -2.345617 0.519669
      vertex -2.048065 -2.355500 0.602996
    endloop
  endfacet
  facet normal 0.000000 -0.070622 0.997503
    outer loop
      vertex -2.000546 -2.326579 1.586914
      vertex -2.000381 -2.333796 1.586403
      vertex -1.992444 -2.333796 1.586403
    endloop
  endfacet
  facet normal -0.004083 0.000061 0.999992
    outer loop
      vertex -1.850013 -2.322309 1.586984
      vertex -1.992444 -2.322129 1.586402
      vertex -1.992444 -2.333796 1.586403
    endloop
  endfacet
  facet normal -0.003094 0.444123 0.895960
    outer loop
      vertex -1.992626 -2.307141 1.578972
      vertex -1.992444 -2.322129 1.586402
      vertex -1.850013 -2.322309 1.586984
    endloop
  endfacet
  facet normal 0.000000 -0.069432 0.997587
    outer loop
      vertex -1.707291 -2.322286 1.587204
      vertex -1.706694 -2.333796 1.586403
      vertex -1.563819 -2.333796 1.586403
    endloop
  endfacet
  facet normal -0.001074 -0.082745 0.996570
    outer loop
      vertex -1.707291 -2.322286 1.587204
      vertex -1.563819 -2.333796 1.586403
      vertex -1.563851 -2.322013 1.587381
    endloop
  endfacet
  facet normal 0.000000 -0.112157 0.993690
    outer loop
      vertex -1.420944 -2.321109 1.587835
      vertex -1.420944 -2.333796 1.586403
      vertex -1.278069 -2.333796 1.586403
    endloop
  endfacet
  facet normal 0.002640 -0.082749 0.996567
    outer loop
      vertex -1.420944 -2.321109 1.587835
      vertex -1.278069 -2.333796 1.586403
      vertex -1.278037 -2.322013 1.587381
    endloop
  endfacet
  facet normal 0.000000 -0.082742 0.996571
    outer loop
      vertex -1.278037 -2.322013 1.587381
      vertex -1.278069 -2.333796 1.586403
      vertex -1.135194 -2.333796 1.586403
    endloop
  endfacet
  facet normal 0.001100 -0.069489 0.997582
    outer loop
      vertex -1.278037 -2.322013 1.587381
      vertex -1.135194 -2.333796 1.586403
      vertex -1.134596 -2.322286 1.587204
    endloop
  endfacet
  facet normal 0.000000 -0.069432 0.997587
    outer loop
      vertex -1.134596 -2.322286 1.587204
      vertex -1.135194 -2.333796 1.586403
      vertex -0.992319 -2.333796 1.586403
    endloop
  endfacet
  facet normal -0.002445 -0.112157 0.993688
    outer loop
      vertex -1.563851 -2.322013 1.587381
      vertex -1.420944 -2.333796 1.586403
      vertex -1.420944 -2.321109 1.587835
    endloop
  endfacet
  facet normal 0.000000 -0.082742 0.996571
    outer loop
      vertex -1.563851 -2.322013 1.587381
      vertex -1.563819 -2.333796 1.586403
      vertex -1.420944 -2.333796 1.586403
    endloop
  endfacet
  facet normal 0.001533 -0.050559 0.998720
    outer loop
      vertex -1.134596 -2.322286 1.587204
      vertex -0.992319 -2.333796 1.586403
      vertex -0.991874 -2.322309 1.586984
    endloop
  endfacet
  facet normal 0.000000 -0.050500 0.998724
    outer loop
      vertex -0.991874 -2.322309 1.586984
      vertex -0.992319 -2.333796 1.586403
      vertex -0.970944 -2.333796 1.586403
    endloop
  endfacet
  facet normal 0.004109 0.153568 0.988130
    outer loop
      vertex -1.420944 -2.304786 1.585298
      vertex -1.420944 -2.321109 1.587835
      vertex -1.278037 -2.322013 1.587381
    endloop
  endfacet
  facet normal 0.001595 0.203451 0.979084
    outer loop
      vertex -1.277972 -2.310408 1.584970
      vertex -1.278037 -2.322013 1.587381
      vertex -1.134596 -2.322286 1.587204
    endloop
  endfacet
  facet normal -0.004396 0.203435 0.979079
    outer loop
      vertex -1.563916 -2.310408 1.584970
      vertex -1.563851 -2.322013 1.587381
      vertex -1.420944 -2.321109 1.587835
    endloop
  endfacet
  facet normal 0.003920 -0.043373 0.999051
    outer loop
      vertex -0.849445 -2.321485 1.586461
      vertex -0.991874 -2.322309 1.586984
      vertex -0.970944 -2.333796 1.586403
    endloop
  endfacet
  facet normal 0.001536 0.252408 0.967620
    outer loop
      vertex -1.133942 -2.311097 1.584284
      vertex -1.134596 -2.322286 1.587204
      vertex -0.991874 -2.322309 1.586984
    endloop
  endfacet
  facet normal -0.008309 0.153564 0.988104
    outer loop
      vertex -1.563916 -2.310408 1.584970
      vertex -1.420944 -2.321109 1.587835
      vertex -1.420944 -2.304786 1.585298
    endloop
  endfacet
  facet normal 0.010248 0.203394 0.979043
    outer loop
      vertex -1.420944 -2.304786 1.585298
      vertex -1.278037 -2.322013 1.587381
      vertex -1.277972 -2.310408 1.584970
    endloop
  endfacet
  facet normal 0.005809 0.252170 0.967666
    outer loop
      vertex -1.277972 -2.310408 1.584970
      vertex -1.134596 -2.322286 1.587204
      vertex -1.133942 -2.311097 1.584284
    endloop
  endfacet
  facet normal -0.005630 0.203427 0.979074
    outer loop
      vertex -1.707946 -2.311097 1.584284
      vertex -1.563851 -2.322013 1.587381
      vertex -1.563916 -2.310408 1.584970
    endloop
  endfacet
  facet normal -0.001528 -0.069511 0.997580
    outer loop
      vertex -1.850013 -2.322309 1.586984
      vertex -1.706694 -2.333796 1.586403
      vertex -1.707291 -2.322286 1.587204
    endloop
  endfacet
  facet normal -0.001674 0.252400 0.967621
    outer loop
      vertex -1.707946 -2.311097 1.584284
      vertex -1.707291 -2.322286 1.587204
      vertex -1.563851 -2.322013 1.587381
    endloop
  endfacet
  facet normal 0.001764 0.300474 0.953789
    outer loop
      vertex -0.991349 -2.311292 1.583512
      vertex -0.991874 -2.322309 1.586984
      vertex -0.849445 -2.321485 1.586461
    endloop
  endfacet
  facet normal 0.005578 0.300304 0.953827
    outer loop
      vertex -1.133942 -2.311097 1.584284
      vertex -0.991874 -2.322309 1.586984
      vertex -0.991349 -2.311292 1.583512
    endloop
  endfacet
  facet normal -0.020639 0.473367 0.880624
    outer loop
      vertex -1.564111 -2.288467 1.573171
      vertex -1.563916 -2.310408 1.584970
      vertex -1.420944 -2.304786 1.585298
    endloop
  endfacet
  facet normal 0.020340 0.465534 0.884796
    outer loop
      vertex -1.420944 -2.267612 1.565739
      vertex -1.420944 -2.304786 1.585298
      vertex -1.277972 -2.310408 1.584970
    endloop
  endfacet
  facet normal 0.006454 0.473556 0.880740
    outer loop
      vertex -1.277776 -2.288467 1.573171
      vertex -1.277972 -2.310408 1.584970
      vertex -1.133942 -2.311097 1.584284
    endloop
  endfacet
  facet normal -0.006573 0.532976 0.846105
    outer loop
      vertex -1.709360 -2.290275 1.571157
      vertex -1.707946 -2.311097 1.584284
      vertex -1.563916 -2.310408 1.584970
    endloop
  endfacet
  facet normal -0.001522 0.300484 0.953786
    outer loop
      vertex -1.850538 -2.311292 1.583512
      vertex -1.850013 -2.322309 1.586984
      vertex -1.707291 -2.322286 1.587204
    endloop
  endfacet
  facet normal -0.005587 0.252182 0.967664
    outer loop
      vertex -1.850538 -2.311292 1.583512
      vertex -1.707291 -2.322286 1.587204
      vertex -1.707946 -2.311097 1.584284
    endloop
  endfacet
  facet normal 0.013752 0.449785 0.893031
    outer loop
      vertex -0.991349 -2.311292 1.583512
      vertex -0.849445 -2.321485 1.586461
      vertex -0.849248 -2.305545 1.578429
    endloop
  endfacet
  facet normal 0.005313 0.533041 0.846073
    outer loop
      vertex -1.132527 -2.290275 1.571157
      vertex -1.133942 -2.311097 1.584284
      vertex -0.991349 -2.311292 1.583512
    endloop
  endfacet
  facet normal -0.018100 0.473407 0.880658
    outer loop
      vertex -1.709360 -2.290275 1.571157
      vertex -1.563916 -2.310408 1.584970
      vertex -1.564111 -2.288467 1.573171
    endloop
  endfacet
  facet normal -0.021884 0.465519 0.884767
    outer loop
      vertex -1.564111 -2.288467 1.573171
      vertex -1.420944 -2.304786 1.585298
      vertex -1.420944 -2.267612 1.565739
    endloop
  endfacet
  facet normal 0.023238 0.473322 0.880583
    outer loop
      vertex -1.420944 -2.267612 1.565739
      vertex -1.277972 -2.310408 1.584970
      vertex -1.277776 -2.288467 1.573171
    endloop
  endfacet
  facet normal 0.018358 0.532324 0.846341
    outer loop
      vertex -1.277776 -2.288467 1.573171
      vertex -1.133942 -2.311097 1.584284
      vertex -1.132527 -2.290275 1.571157
    endloop
  endfacet
  facet normal -0.016132 0.532453 0.846306
    outer loop
      vertex -1.851733 -2.291108 1.568967
      vertex -1.707946 -2.311097 1.584284
      vertex -1.709360 -2.290275 1.571157
    endloop
  endfacet
  facet normal -0.021724 0.299538 0.953837
    outer loop
      vertex -1.992626 -2.307141 1.578972
      vertex -1.850013 -2.322309 1.586984
      vertex -1.850538 -2.311292 1.583512
    endloop
  endfacet
  facet normal -0.005195 0.584412 0.811441
    outer loop
      vertex -1.851733 -2.291108 1.568967
      vertex -1.850538 -2.311292 1.583512
      vertex -1.707946 -2.311097 1.584284
    endloop
  endfacet
  facet normal 0.062994 0.000062 0.998014
    outer loop
      vertex -1.992444 -2.322129 1.586402
      vertex -2.000546 -2.326579 1.586914
      vertex -1.992444 -2.333796 1.586403
    endloop
  endfacet
  facet normal 0.063235 -0.441123 0.895216
    outer loop
      vertex -2.000381 -2.333796 1.586403
      vertex -2.008791 -2.353339 1.577367
      vertex -1.992685 -2.354813 1.575503
    endloop
  endfacet
  facet normal -0.038109 -0.717847 0.695157
    outer loop
      vertex -2.009787 -2.368285 1.561878
      vertex -2.008791 -2.353339 1.577367
      vertex -2.024702 -2.354724 1.575064
    endloop
  endfacet
  facet normal -0.069369 -0.892295 0.446091
    outer loop
      vertex -2.012347 -2.388325 1.521396
      vertex -2.009787 -2.368285 1.561878
      vertex -2.026105 -2.369987 1.555938
    endloop
  endfacet
  facet normal -0.112358 -0.968336 0.222937
    outer loop
      vertex -2.017852 -2.407968 1.433303
      vertex -2.012347 -2.388325 1.521396
      vertex -2.029780 -2.389202 1.508800
    endloop
  endfacet
  facet normal 0.005389 0.584403 0.811445
    outer loop
      vertex -0.990154 -2.291108 1.568967
      vertex -0.991349 -2.311292 1.583512
      vertex -0.849248 -2.305545 1.578429
    endloop
  endfacet
  facet normal -0.007880 0.450027 0.892980
    outer loop
      vertex -0.849248 -2.305545 1.578429
      vertex -0.849445 -2.321485 1.586461
      vertex -0.841123 -2.319407 1.585487
    endloop
  endfacet
  facet normal 0.015900 0.583928 0.811650
    outer loop
      vertex -1.132527 -2.290275 1.571157
      vertex -0.991349 -2.311292 1.583512
      vertex -0.990154 -2.291108 1.568967
    endloop
  endfacet
  facet normal -0.018570 0.723926 0.689628
    outer loop
      vertex -1.564111 -2.288467 1.573171
      vertex -1.712276 -2.256869 1.536011
      vertex -1.709360 -2.290275 1.571157
    endloop
  endfacet
  facet normal -0.062917 0.689153 0.721879
    outer loop
      vertex -1.564590 -2.252543 1.538833
      vertex -1.564111 -2.288467 1.573171
      vertex -1.420944 -2.267612 1.565739
    endloop
  endfacet
  facet normal 0.056964 0.658464 0.750454
    outer loop
      vertex -1.420944 -2.243145 1.544272
      vertex -1.420944 -2.267612 1.565739
      vertex -1.277776 -2.288467 1.573171
    endloop
  endfacet
  facet normal 0.018618 0.690711 0.722892
    outer loop
      vertex -1.277297 -2.252543 1.538833
      vertex -1.277776 -2.288467 1.573171
      vertex -1.132527 -2.290275 1.571157
    endloop
  endfacet
  facet normal -0.014558 0.750016 0.661260
    outer loop
      vertex -1.709360 -2.290275 1.571157
      vertex -1.854212 -2.259293 1.532827
      vertex -1.851733 -2.291108 1.568967
    endloop
  endfacet
  facet normal -0.006477 0.628704 0.777618
    outer loop
      vertex -1.992734 -2.301682 1.574558
      vertex -1.992626 -2.307141 1.578972
      vertex -1.850538 -2.311292 1.583512
    endloop
  endfacet
  facet normal -0.011628 0.584129 0.811577
    outer loop
      vertex -1.992734 -2.301682 1.574558
      vertex -1.850538 -2.311292 1.583512
      vertex -1.851733 -2.291108 1.568967
    endloop
  endfacet
  facet normal -0.007458 -0.979475 -0.201428
    outer loop
      vertex -1.955142 -2.236998 -0.030311
      vertex -1.947314 -2.314372 0.345641
      vertex -2.031899 -2.230260 -0.060235
    endloop
  endfacet
  facet normal 0.000999 -0.979354 -0.202149
    outer loop
      vertex -1.877465 -2.238286 -0.023687
      vertex -1.870944 -2.326923 0.405766
      vertex -1.955142 -2.236998 -0.030311
    endloop
  endfacet
  facet normal -0.378350 -0.907676 -0.181594
    outer loop
      vertex -1.870944 -2.326923 0.405766
      vertex -1.877465 -2.238286 -0.023687
      vertex -1.870944 -2.259666 0.069589
    endloop
  endfacet
  facet normal -0.024677 -0.980599 -0.194464
    outer loop
      vertex -2.031899 -2.230260 -0.060235
      vertex -2.017798 -2.345617 0.519669
      vertex -2.064302 -2.293941 0.264994
    endloop
  endfacet
  facet normal -0.250675 -0.965715 0.067499
    outer loop
      vertex -2.017852 -2.407968 1.433303
      vertex -2.029185 -2.417291 1.257824
      vertex -2.015377 -2.419571 1.276481
    endloop
  endfacet
  facet normal -0.153753 -0.985328 -0.074080
    outer loop
      vertex -2.031747 -2.400612 0.939737
      vertex -2.023557 -2.414563 1.108306
      vertex -2.040659 -2.409832 1.080875
    endloop
  endfacet
  facet normal -0.132472 -0.990918 -0.023065
    outer loop
      vertex -2.023557 -2.414563 1.108306
      vertex -2.015377 -2.419571 1.276481
      vertex -2.029185 -2.417291 1.257824
    endloop
  endfacet
  facet normal -0.242802 -0.962965 -0.117239
    outer loop
      vertex -2.031747 -2.400612 0.939737
      vertex -2.075042 -2.342408 0.551329
      vertex -2.048065 -2.355500 0.602996
    endloop
  endfacet
  facet normal -0.231492 -0.958993 -0.163536
    outer loop
      vertex -2.048065 -2.355500 0.602996
      vertex -2.097725 -2.274695 0.199441
      vertex -2.064302 -2.293941 0.264994
    endloop
  endfacet
  facet normal -0.023927 0.443795 0.895809
    outer loop
      vertex -2.001321 -2.306877 1.578609
      vertex -1.992444 -2.322129 1.586402
      vertex -1.992626 -2.307141 1.578972
    endloop
  endfacet
  facet normal -0.044474 0.193650 0.980062
    outer loop
      vertex -2.000765 -2.319407 1.585487
      vertex -2.000546 -2.326579 1.586914
      vertex -1.992444 -2.322129 1.586402
    endloop
  endfacet
  facet normal -0.188484 -0.073624 0.979313
    outer loop
      vertex -2.000546 -2.326579 1.586914
      vertex -2.008904 -2.319978 1.585801
      vertex -2.000381 -2.333796 1.586403
    endloop
  endfacet
  facet normal -0.085715 -0.472989 0.876889
    outer loop
      vertex -2.024194 -2.333796 1.586403
      vertex -2.024702 -2.354724 1.575064
      vertex -2.008791 -2.353339 1.577367
    endloop
  endfacet
  facet normal -0.146934 -0.767878 0.623517
    outer loop
      vertex -2.009787 -2.368285 1.561878
      vertex -2.024702 -2.354724 1.575064
      vertex -2.026105 -2.369987 1.555938
    endloop
  endfacet
  facet normal -0.231477 -0.894424 0.382654
    outer loop
      vertex -2.012347 -2.388325 1.521396
      vertex -2.026105 -2.369987 1.555938
      vertex -2.029780 -2.389202 1.508800
    endloop
  endfacet
  facet normal -0.300383 -0.935683 0.185113
    outer loop
      vertex -2.037669 -2.406297 1.409589
      vertex -2.017852 -2.407968 1.433303
      vertex -2.029780 -2.389202 1.508800
    endloop
  endfacet
  facet normal 0.032321 0.749098 0.661670
    outer loop
      vertex -0.849248 -2.305545 1.578429
      vertex -0.987675 -2.259293 1.532827
      vertex -0.990154 -2.291108 1.568967
    endloop
  endfacet
  facet normal 0.066413 0.192769 0.978994
    outer loop
      vertex -0.849445 -2.321485 1.586461
      vertex -0.841342 -2.326579 1.586914
      vertex -0.841123 -2.319407 1.585487
    endloop
  endfacet
  facet normal -0.098305 -0.068050 0.992827
    outer loop
      vertex -0.841342 -2.326579 1.586914
      vertex -0.849445 -2.321485 1.586461
      vertex -0.841506 -2.333796 1.586403
    endloop
  endfacet
  facet normal 0.055240 0.478543 0.876325
    outer loop
      vertex -0.849248 -2.305545 1.578429
      vertex -0.841123 -2.319407 1.585487
      vertex -0.840566 -2.306877 1.578609
    endloop
  endfacet
  facet normal 0.000000 -0.070622 0.997503
    outer loop
      vertex -0.841342 -2.326579 1.586914
      vertex -0.841506 -2.333796 1.586403
      vertex -0.833569 -2.333796 1.586403
    endloop
  endfacet
  facet normal 0.014841 0.724126 0.689508
    outer loop
      vertex -0.990154 -2.291108 1.568967
      vertex -1.129611 -2.256869 1.536011
      vertex -1.132527 -2.290275 1.571157
    endloop
  endfacet
  facet normal -0.027828 0.723386 0.689883
    outer loop
      vertex -1.709360 -2.290275 1.571157
      vertex -1.712276 -2.256869 1.536011
      vertex -1.854212 -2.259293 1.532827
    endloop
  endfacet
  facet normal -0.034032 0.690323 0.722701
    outer loop
      vertex -1.712276 -2.256869 1.536011
      vertex -1.564111 -2.288467 1.573171
      vertex -1.564590 -2.252543 1.538833
    endloop
  endfacet
  facet normal -0.071422 0.657850 0.749755
    outer loop
      vertex -1.564590 -2.252543 1.538833
      vertex -1.420944 -2.267612 1.565739
      vertex -1.420944 -2.243145 1.544272
    endloop
  endfacet
  facet normal 0.072367 0.688644 0.721479
    outer loop
      vertex -1.420944 -2.243145 1.544272
      vertex -1.277776 -2.288467 1.573171
      vertex -1.277297 -2.252543 1.538833
    endloop
  endfacet
  facet normal 0.034363 0.722968 0.690027
    outer loop
      vertex -1.132527 -2.290275 1.571157
      vertex -1.129611 -2.256869 1.536011
      vertex -1.277297 -2.252543 1.538833
    endloop
  endfacet
  facet normal -0.061136 0.747103 0.661891
    outer loop
      vertex -1.851733 -2.291108 1.568967
      vertex -1.854212 -2.259293 1.532827
      vertex -1.994308 -2.250874 1.510385
    endloop
  endfacet
  facet normal -0.174889 0.617005 0.767280
    outer loop
      vertex -2.002632 -2.285578 1.559351
      vertex -1.992626 -2.307141 1.578972
      vertex -1.992734 -2.301682 1.574558
    endloop
  endfacet
  facet normal -0.034114 0.783157 0.620887
    outer loop
      vertex -1.851733 -2.291108 1.568967
      vertex -1.994308 -2.250874 1.510385
      vertex -1.992734 -2.301682 1.574558
    endloop
  endfacet
  facet normal 0.000000 -0.419672 0.907676
    outer loop
      vertex -0.841506 -2.333796 1.586403
      vertex -0.833096 -2.353339 1.577367
      vertex -0.833569 -2.333796 1.586403
    endloop
  endfacet
  facet normal 0.999999 0.000493 0.001243
    outer loop
      vertex -0.971575 -2.395349 0.895421
      vertex -0.970944 -2.706919 0.511371
      vertex -0.970944 -2.587991 0.464193
    endloop
  endfacet
  facet normal 0.999995 0.003284 -0.000004
    outer loop
      vertex -0.971575 -2.395349 0.895421
      vertex -0.970944 -2.587991 0.464193
      vertex -0.971699 -2.357848 0.608377
    endloop
  endfacet
  facet normal 0.999998 0.002232 -0.000167
    outer loop
      vertex -0.971495 -2.413922 1.124994
      vertex -0.970944 -2.706919 0.511371
      vertex -0.971575 -2.395349 0.895421
    endloop
  endfacet
  facet normal 0.999996 0.001838 0.002305
    outer loop
      vertex -0.970944 -2.587991 0.464193
      vertex -0.970944 -2.482204 0.379855
      vertex -0.971699 -2.357848 0.608377
    endloop
  endfacet
  facet normal 0.004702 -0.991562 -0.129545
    outer loop
      vertex -0.971699 -2.357848 0.608377
      vertex -0.907548 -2.403316 0.958722
      vertex -0.971575 -2.395349 0.895421
    endloop
  endfacet
  facet normal 0.999998 0.002185 -0.000145
    outer loop
      vertex -0.971483 -2.416125 1.177312
      vertex -0.970944 -2.706919 0.511371
      vertex -0.971495 -2.413922 1.124994
    endloop
  endfacet
  facet normal -0.044269 -0.995768 -0.080543
    outer loop
      vertex -0.907548 -2.403316 0.958722
      vertex -0.971495 -2.413922 1.124994
      vertex -0.971575 -2.395349 0.895421
    endloop
  endfacet
  facet normal 0.999997 0.002262 -0.000179
    outer loop
      vertex -0.971459 -2.417065 1.297441
      vertex -0.970944 -2.706919 0.511371
      vertex -0.971483 -2.416125 1.177312
    endloop
  endfacet
  facet normal 0.999998 0.001902 -0.000143
    outer loop
      vertex -0.971398 -2.393374 1.500779
      vertex -0.970944 -2.630954 1.519088
      vertex -0.970944 -2.706919 0.511371
    endloop
  endfacet
  facet normal 0.999970 0.007526 -0.001926
    outer loop
      vertex -0.971398 -2.393374 1.500779
      vertex -0.970944 -2.706919 0.511371
      vertex -0.971439 -2.409076 1.418120
    endloop
  endfacet
  facet normal 0.999996 0.001750 -0.002110
    outer loop
      vertex -0.970944 -2.630954 1.519088
      vertex -0.971398 -2.393374 1.500779
      vertex -0.971330 -2.374724 1.548338
    endloop
  endfacet
  facet normal 0.999994 0.003393 -0.000568
    outer loop
      vertex -0.971439 -2.409076 1.418120
      vertex -0.970944 -2.706919 0.511371
      vertex -0.971444 -2.411755 1.393734
    endloop
  endfacet
  facet normal 0.024898 -0.982130 0.186548
    outer loop
      vertex -0.916773 -2.412560 1.392480
      vertex -0.971398 -2.393374 1.500779
      vertex -0.971439 -2.409076 1.418120
    endloop
  endfacet
  facet normal 0.010070 -0.930932 0.365053
    outer loop
      vertex -0.971398 -2.393374 1.500779
      vertex -0.920130 -2.372907 1.551561
      vertex -0.971330 -2.374724 1.548338
    endloop
  endfacet
  facet normal 0.999973 0.002299 -0.006918
    outer loop
      vertex -0.970944 -2.630954 1.519088
      vertex -0.971330 -2.374724 1.548338
      vertex -0.971192 -2.353591 1.575419
    endloop
  endfacet
  facet normal 0.999997 0.002588 -0.000299
    outer loop
      vertex -0.971444 -2.411755 1.393734
      vertex -0.970944 -2.706919 0.511371
      vertex -0.971459 -2.417065 1.297441
    endloop
  endfacet
  facet normal -0.012143 -0.993948 0.109181
    outer loop
      vertex -0.916773 -2.412560 1.392480
      vertex -0.971439 -2.409076 1.418120
      vertex -0.971444 -2.411755 1.393734
    endloop
  endfacet
  facet normal -0.004062 -0.985010 0.172451
    outer loop
      vertex -0.916773 -2.412560 1.392480
      vertex -0.919046 -2.393656 1.500406
      vertex -0.971398 -2.393374 1.500779
    endloop
  endfacet
  facet normal -0.002296 -0.926687 0.375826
    outer loop
      vertex -0.919046 -2.393656 1.500406
      vertex -0.920130 -2.372907 1.551561
      vertex -0.971398 -2.393374 1.500779
    endloop
  endfacet
  facet normal -0.010226 -0.792686 0.609545
    outer loop
      vertex -0.920130 -2.372907 1.551561
      vertex -0.920597 -2.356223 1.573249
      vertex -0.971330 -2.374724 1.548338
    endloop
  endfacet
  facet normal 0.999236 0.008635 -0.038118
    outer loop
      vertex -0.970944 -2.333796 1.586403
      vertex -0.970944 -2.630954 1.519088
      vertex -0.971192 -2.353591 1.575419
    endloop
  endfacet
  facet normal -0.014629 -0.788232 0.615204
    outer loop
      vertex -0.920597 -2.356223 1.573249
      vertex -0.971192 -2.353591 1.575419
      vertex -0.971330 -2.374724 1.548338
    endloop
  endfacet
  facet normal -0.013449 -0.998393 0.055058
    outer loop
      vertex -0.971459 -2.417065 1.297441
      vertex -0.916773 -2.412560 1.392480
      vertex -0.971444 -2.411755 1.393734
    endloop
  endfacet
  facet normal -0.033033 -0.984584 0.171766
    outer loop
      vertex -0.844774 -2.414376 1.395916
      vertex -0.919046 -2.393656 1.500406
      vertex -0.916773 -2.412560 1.392480
    endloop
  endfacet
  facet normal -0.031082 -0.926454 0.375122
    outer loop
      vertex -0.847384 -2.395247 1.502414
      vertex -0.920130 -2.372907 1.551561
      vertex -0.919046 -2.393656 1.500406
    endloop
  endfacet
  facet normal -0.042928 -0.792337 0.608572
    outer loop
      vertex -0.848938 -2.365831 1.565794
      vertex -0.920597 -2.356223 1.573249
      vertex -0.920130 -2.372907 1.551561
    endloop
  endfacet
  facet normal 0.012240 -0.485280 0.874273
    outer loop
      vertex -0.970944 -2.333796 1.586403
      vertex -0.971192 -2.353591 1.575419
      vertex -0.920597 -2.356223 1.573249
    endloop
  endfacet
  facet normal 0.999987 0.004982 0.000594
    outer loop
      vertex -0.971699 -2.357848 0.608377
      vertex -0.970944 -2.482204 0.379855
      vertex -0.971760 -2.315491 0.355989
    endloop
  endfacet
  facet normal -0.072496 -0.990682 -0.115296
    outer loop
      vertex -0.971699 -2.357848 0.608377
      vertex -0.903080 -2.379156 0.748317
      vertex -0.907548 -2.403316 0.958722
    endloop
  endfacet
  facet normal -0.022399 -0.998864 -0.042055
    outer loop
      vertex -0.912139 -2.417317 1.174019
      vertex -0.971483 -2.416125 1.177312
      vertex -0.971495 -2.413922 1.124994
    endloop
  endfacet
  facet normal -0.003419 -0.997882 -0.064967
    outer loop
      vertex -0.907548 -2.403316 0.958722
      vertex -0.912139 -2.417317 1.174019
      vertex -0.971495 -2.413922 1.124994
    endloop
  endfacet
  facet normal -0.020517 -0.999759 -0.007820
    outer loop
      vertex -0.971483 -2.416125 1.177312
      vertex -0.912139 -2.417317 1.174019
      vertex -0.971459 -2.417065 1.297441
    endloop
  endfacet
  facet normal 0.042897 -0.998823 0.022657
    outer loop
      vertex -0.912139 -2.417317 1.174019
      vertex -0.916773 -2.412560 1.392480
      vertex -0.971459 -2.417065 1.297441
    endloop
  endfacet
  facet normal -0.027435 -0.998514 0.047086
    outer loop
      vertex -0.841623 -2.420522 1.267424
      vertex -0.844774 -2.414376 1.395916
      vertex -0.916773 -2.412560 1.392480
    endloop
  endfacet
  facet normal -0.092426 -0.987188 0.130066
    outer loop
      vertex -0.844774 -2.414376 1.395916
      vertex -0.846111 -2.407062 1.450483
      vertex -0.919046 -2.393656 1.500406
    endloop
  endfacet
  facet normal -0.064241 -0.940878 0.332598
    outer loop
      vertex -0.847384 -2.395247 1.502414
      vertex -0.848300 -2.381981 1.539765
      vertex -0.920130 -2.372907 1.551561
    endloop
  endfacet
  facet normal -0.027842 -0.974852 0.221108
    outer loop
      vertex -0.846111 -2.407062 1.450483
      vertex -0.847384 -2.395247 1.502414
      vertex -0.919046 -2.393656 1.500406
    endloop
  endfacet
  facet normal -0.020855 -0.849779 0.526726
    outer loop
      vertex -0.848300 -2.381981 1.539765
      vertex -0.848938 -2.365831 1.565794
      vertex -0.920130 -2.372907 1.551561
    endloop
  endfacet
  facet normal -0.021455 -0.707829 0.706058
    outer loop
      vertex -0.848938 -2.365831 1.565794
      vertex -0.849141 -2.357571 1.574069
      vertex -0.920597 -2.356223 1.573249
    endloop
  endfacet
  facet normal -0.026562 -0.549424 0.835121
    outer loop
      vertex -0.849252 -2.351536 1.578602
      vertex -0.970944 -2.333796 1.586403
      vertex -0.920597 -2.356223 1.573249
    endloop
  endfacet
  facet normal 0.999987 0.005044 0.001026
    outer loop
      vertex -0.971760 -2.315491 0.355989
      vertex -0.970944 -2.482204 0.379855
      vertex -0.971753 -2.299967 0.273173
    endloop
  endfacet
  facet normal 0.031297 -0.985724 -0.165435
    outer loop
      vertex -0.971760 -2.315491 0.355989
      vertex -0.903080 -2.379156 0.748317
      vertex -0.971699 -2.357848 0.608377
    endloop
  endfacet
  facet normal -0.016766 -0.993292 -0.114412
    outer loop
      vertex -0.903080 -2.379156 0.748317
      vertex -0.833974 -2.404179 0.955435
      vertex -0.907548 -2.403316 0.958722
    endloop
  endfacet
  facet normal -0.018124 -0.997703 -0.065269
    outer loop
      vertex -0.834182 -2.404987 0.963901
      vertex -0.912139 -2.417317 1.174019
      vertex -0.907548 -2.403316 0.958722
    endloop
  endfacet
  facet normal 0.999948 0.008079 0.006211
    outer loop
      vertex -0.971753 -2.299967 0.273173
      vertex -0.970944 -2.482204 0.379855
      vertex -0.970944 -2.380736 0.247876
    endloop
  endfacet
  facet normal -0.072065 -0.997196 0.020183
    outer loop
      vertex -0.912139 -2.417317 1.174019
      vertex -0.841623 -2.420522 1.267424
      vertex -0.916773 -2.412560 1.392480
    endloop
  endfacet
  facet normal 0.033711 -0.998251 0.048573
    outer loop
      vertex -0.826510 -2.419571 1.276481
      vertex -0.844774 -2.414376 1.395916
      vertex -0.841623 -2.420522 1.267424
    endloop
  endfacet
  facet normal 0.063806 -0.988908 0.134127
    outer loop
      vertex -0.844774 -2.414376 1.395916
      vertex -0.824036 -2.407968 1.433303
      vertex -0.846111 -2.407062 1.450483
    endloop
  endfacet
  facet normal 0.009262 -0.942217 0.334876
    outer loop
      vertex -0.847384 -2.395247 1.502414
      vertex -0.829540 -2.388325 1.521396
      vertex -0.848300 -2.381981 1.539765
    endloop
  endfacet
  facet normal 0.133898 -0.965587 0.222965
    outer loop
      vertex -0.824036 -2.407968 1.433303
      vertex -0.847384 -2.395247 1.502414
      vertex -0.846111 -2.407062 1.450483
    endloop
  endfacet
  facet normal 0.227652 -0.824913 0.517392
    outer loop
      vertex -0.829540 -2.388325 1.521396
      vertex -0.848938 -2.365831 1.565794
      vertex -0.848300 -2.381981 1.539765
    endloop
  endfacet
  facet normal 0.061330 -0.705644 0.705907
    outer loop
      vertex -0.849141 -2.357571 1.574069
      vertex -0.848938 -2.365831 1.565794
      vertex -0.832101 -2.368285 1.561878
    endloop
  endfacet
  facet normal -0.020503 -0.600676 0.799230
    outer loop
      vertex -0.920597 -2.356223 1.573249
      vertex -0.849141 -2.357571 1.574069
      vertex -0.849252 -2.351536 1.578602
    endloop
  endfacet
  facet normal -0.010447 -0.982826 -0.184238
    outer loop
      vertex -0.894574 -2.314372 0.345641
      vertex -0.971760 -2.315491 0.355989
      vertex -0.971753 -2.299967 0.273173
    endloop
  endfacet
  facet normal -0.006996 -0.987257 -0.158981
    outer loop
      vertex -0.894574 -2.314372 0.345641
      vertex -0.903080 -2.379156 0.748317
      vertex -0.971760 -2.315491 0.355989
    endloop
  endfacet
  facet normal 0.044610 -0.989911 -0.134482
    outer loop
      vertex -0.822425 -2.339665 0.484385
      vertex -0.833974 -2.404179 0.955435
      vertex -0.903080 -2.379156 0.748317
    endloop
  endfacet
  facet normal -0.015941 -0.995310 -0.095417
    outer loop
      vertex -0.833974 -2.404179 0.955435
      vertex -0.834182 -2.404987 0.963901
      vertex -0.907548 -2.403316 0.958722
    endloop
  endfacet
  facet normal 0.021603 -0.998487 -0.050575
    outer loop
      vertex -0.834182 -2.404987 0.963901
      vertex -0.841623 -2.420522 1.267424
      vertex -0.912139 -2.417317 1.174019
    endloop
  endfacet
  facet normal 0.999953 0.008685 0.004275
    outer loop
      vertex -0.971753 -2.299967 0.273173
      vertex -0.970944 -2.380736 0.247876
      vertex -0.970944 -2.275700 0.034507
    endloop
  endfacet
  facet normal 0.078221 -0.996600 -0.025873
    outer loop
      vertex -0.818331 -2.414563 1.108306
      vertex -0.826510 -2.419571 1.276481
      vertex -0.841623 -2.420522 1.267424
    endloop
  endfacet
  facet normal 0.177473 -0.981645 0.069833
    outer loop
      vertex -0.826510 -2.419571 1.276481
      vertex -0.824036 -2.407968 1.433303
      vertex -0.844774 -2.414376 1.395916
    endloop
  endfacet
  facet normal 0.136385 -0.965066 0.223709
    outer loop
      vertex -0.824036 -2.407968 1.433303
      vertex -0.829540 -2.388325 1.521396
      vertex -0.847384 -2.395247 1.502414
    endloop
  endfacet
  facet normal -0.027867 -0.896557 0.442052
    outer loop
      vertex -0.829540 -2.388325 1.521396
      vertex -0.832101 -2.368285 1.561878
      vertex -0.848938 -2.365831 1.565794
    endloop
  endfacet
  facet normal 0.046312 -0.717334 0.695189
    outer loop
      vertex -0.832101 -2.368285 1.561878
      vertex -0.833096 -2.353339 1.577367
      vertex -0.849141 -2.357571 1.574069
    endloop
  endfacet
  facet normal -0.005906 -0.600620 0.799513
    outer loop
      vertex -0.849252 -2.351536 1.578602
      vertex -0.849141 -2.357571 1.574069
      vertex -0.833096 -2.353339 1.577367
    endloop
  endfacet
  facet normal 0.006341 -0.979478 -0.201451
    outer loop
      vertex -0.886745 -2.236998 -0.030311
      vertex -0.894574 -2.314372 0.345641
      vertex -0.971753 -2.299967 0.273173
    endloop
  endfacet
  facet normal -0.039043 -0.986422 -0.159523
    outer loop
      vertex -0.894574 -2.314372 0.345641
      vertex -0.822425 -2.339665 0.484385
      vertex -0.903080 -2.379156 0.748317
    endloop
  endfacet
  facet normal 0.012885 -0.990711 -0.135369
    outer loop
      vertex -0.822425 -2.339665 0.484385
      vertex -0.793823 -2.355500 0.602996
      vertex -0.833974 -2.404179 0.955435
    endloop
  endfacet
  facet normal 0.087489 -0.991857 -0.092553
    outer loop
      vertex -0.810140 -2.400612 0.939737
      vertex -0.834182 -2.404987 0.963901
      vertex -0.833974 -2.404179 0.955435
    endloop
  endfacet
  facet normal -0.111813 -0.992286 -0.053529
    outer loop
      vertex -0.841623 -2.420522 1.267424
      vertex -0.834182 -2.404987 0.963901
      vertex -0.818331 -2.414563 1.108306
    endloop
  endfacet
  facet normal 0.999699 0.023819 0.005813
    outer loop
      vertex -0.971484 -2.232297 -0.050341
      vertex -0.971753 -2.299967 0.273173
      vertex -0.970944 -2.275700 0.034507
    endloop
  endfacet
  facet normal 0.240886 -0.970401 -0.017181
    outer loop
      vertex -0.801229 -2.409832 1.080875
      vertex -0.826510 -2.419571 1.276481
      vertex -0.818331 -2.414563 1.108306
    endloop
  endfacet
  facet normal 0.250674 -0.965715 0.067499
    outer loop
      vertex -0.812702 -2.417291 1.257824
      vertex -0.824036 -2.407968 1.433303
      vertex -0.826510 -2.419571 1.276481
    endloop
  endfacet
  facet normal 0.345726 -0.911024 0.224741
    outer loop
      vertex -0.804219 -2.406297 1.409589
      vertex -0.829540 -2.388325 1.521396
      vertex -0.824036 -2.407968 1.433303
    endloop
  endfacet
  facet normal 0.275227 -0.854559 0.440430
    outer loop
      vertex -0.812107 -2.389202 1.508800
      vertex -0.832101 -2.368285 1.561878
      vertex -0.829540 -2.388325 1.521396
    endloop
  endfacet
  facet normal 0.177684 -0.702413 0.689234
    outer loop
      vertex -0.815783 -2.369987 1.555938
      vertex -0.833096 -2.353339 1.577367
      vertex -0.832101 -2.368285 1.561878
    endloop
  endfacet
  facet normal 0.023791 -0.411101 0.911279
    outer loop
      vertex -0.841506 -2.333796 1.586403
      vertex -0.849252 -2.351536 1.578602
      vertex -0.833096 -2.353339 1.577367
    endloop
  endfacet
  facet normal 0.042539 -0.978759 -0.200550
    outer loop
      vertex -0.886745 -2.236998 -0.030311
      vertex -0.822425 -2.339665 0.484385
      vertex -0.894574 -2.314372 0.345641
    endloop
  endfacet
  facet normal -0.001115 -0.979083 -0.203458
    outer loop
      vertex -0.886745 -2.236998 -0.030311
      vertex -0.971753 -2.299967 0.273173
      vertex -0.964422 -2.238286 -0.023687
    endloop
  endfacet
  facet normal 0.163421 -0.971945 -0.169165
    outer loop
      vertex -0.777585 -2.293941 0.264994
      vertex -0.793823 -2.355500 0.602996
      vertex -0.822425 -2.339665 0.484385
    endloop
  endfacet
  facet normal 0.062795 -0.989585 -0.129528
    outer loop
      vertex -0.793823 -2.355500 0.602996
      vertex -0.810140 -2.400612 0.939737
      vertex -0.833974 -2.404179 0.955435
    endloop
  endfacet
  facet normal 0.103020 -0.991689 -0.077071
    outer loop
      vertex -0.834182 -2.404987 0.963901
      vertex -0.810140 -2.400612 0.939737
      vertex -0.818331 -2.414563 1.108306
    endloop
  endfacet
  facet normal -0.057146 -0.977207 -0.204452
    outer loop
      vertex -0.971484 -2.232297 -0.050341
      vertex -0.964422 -2.238286 -0.023687
      vertex -0.971753 -2.299967 0.273173
    endloop
  endfacet
  facet normal 0.999431 0.032169 0.010086
    outer loop
      vertex -0.970944 -2.275700 0.034507
      vertex -0.970944 -2.179748 -0.271518
      vertex -0.971484 -2.232297 -0.050341
    endloop
  endfacet
  facet normal 0.117677 -0.992463 -0.034204
    outer loop
      vertex -0.826510 -2.419571 1.276481
      vertex -0.801229 -2.409832 1.080875
      vertex -0.812702 -2.417291 1.257824
    endloop
  endfacet
  facet normal 0.139030 -0.986761 -0.083506
    outer loop
      vertex -0.818331 -2.414563 1.108306
      vertex -0.789734 -2.393234 0.903880
      vertex -0.801229 -2.409832 1.080875
    endloop
  endfacet
  facet normal 0.403264 -0.912046 0.074503
    outer loop
      vertex -0.787732 -2.410091 1.210808
      vertex -0.824036 -2.407968 1.433303
      vertex -0.812702 -2.417291 1.257824
    endloop
  endfacet
  facet normal 0.118050 -0.992592 0.028735
    outer loop
      vertex -0.787732 -2.410091 1.210808
      vertex -0.804219 -2.406297 1.409589
      vertex -0.824036 -2.407968 1.433303
    endloop
  endfacet
  facet normal 0.077250 -0.981486 0.175263
    outer loop
      vertex -0.804219 -2.406297 1.409589
      vertex -0.812107 -2.389202 1.508800
      vertex -0.829540 -2.388325 1.521396
    endloop
  endfacet
  facet normal 0.041981 -0.924051 0.379956
    outer loop
      vertex -0.812107 -2.389202 1.508800
      vertex -0.815783 -2.369987 1.555938
      vertex -0.832101 -2.368285 1.561878
    endloop
  endfacet
  facet normal 0.022431 -0.780644 0.624573
    outer loop
      vertex -0.815783 -2.369987 1.555938
      vertex -0.817185 -2.354724 1.575064
      vertex -0.833096 -2.353339 1.577367
    endloop
  endfacet
  facet normal 0.033113 -0.979341 -0.199488
    outer loop
      vertex -0.807328 -2.213724 -0.131389
      vertex -0.822425 -2.339665 0.484385
      vertex -0.886745 -2.236998 -0.030311
    endloop
  endfacet
  facet normal -0.004315 -0.970911 -0.239401
    outer loop
      vertex -0.879703 -2.151652 -0.376568
      vertex -0.886745 -2.236998 -0.030311
      vertex -0.964422 -2.238286 -0.023687
    endloop
  endfacet
  facet normal 0.021172 -0.979601 -0.199834
    outer loop
      vertex -0.807328 -2.213724 -0.131389
      vertex -0.777585 -2.293941 0.264994
      vertex -0.822425 -2.339665 0.484385
    endloop
  endfacet
  facet normal 0.146490 -0.974420 -0.170429
    outer loop
      vertex -0.777585 -2.293941 0.264994
      vertex -0.766846 -2.342408 0.551329
      vertex -0.793823 -2.355500 0.602996
    endloop
  endfacet
  facet normal 0.135508 -0.982847 -0.125101
    outer loop
      vertex -0.810140 -2.400612 0.939737
      vertex -0.793823 -2.355500 0.602996
      vertex -0.789734 -2.393234 0.903880
    endloop
  endfacet
  facet normal 0.229391 -0.970871 -0.069208
    outer loop
      vertex -0.789734 -2.393234 0.903880
      vertex -0.818331 -2.414563 1.108306
      vertex -0.810140 -2.400612 0.939737
    endloop
  endfacet
  facet normal 0.046779 -0.971878 -0.230791
    outer loop
      vertex -0.970944 -2.179748 -0.271518
      vertex -0.964422 -2.238286 -0.023687
      vertex -0.971484 -2.232297 -0.050341
    endloop
  endfacet
  facet normal 0.070586 -0.971206 -0.227544
    outer loop
      vertex -1.870944 -2.179748 -0.271518
      vertex -1.870944 -2.259666 0.069589
      vertex -1.877465 -2.238286 -0.023687
    endloop
  endfacet
  facet normal 0.008127 -0.970870 -0.239468
    outer loop
      vertex -1.962185 -2.151652 -0.376568
      vertex -1.955142 -2.236998 -0.030311
      vertex -2.031899 -2.230260 -0.060235
    endloop
  endfacet
  facet normal 0.004257 -0.971072 -0.238747
    outer loop
      vertex -1.885649 -2.150349 -0.381509
      vertex -1.877465 -2.238286 -0.023687
      vertex -1.955142 -2.236998 -0.030311
    endloop
  endfacet
  facet normal -0.164871 -0.964708 -0.205321
    outer loop
      vertex -2.031899 -2.230260 -0.060235
      vertex -2.064302 -2.293941 0.264994
      vertex -2.080467 -2.218665 -0.075716
    endloop
  endfacet
  facet normal -0.157925 -0.985467 0.062559
    outer loop
      vertex -2.029185 -2.417291 1.257824
      vertex -2.017852 -2.407968 1.433303
      vertex -2.037669 -2.406297 1.409589
    endloop
  endfacet
  facet normal -0.227105 -0.973515 -0.026310
    outer loop
      vertex -2.029185 -2.417291 1.257824
      vertex -2.040659 -2.409832 1.080875
      vertex -2.023557 -2.414563 1.108306
    endloop
  endfacet
  facet normal -0.216162 -0.973298 -0.077234
    outer loop
      vertex -2.040659 -2.409832 1.080875
      vertex -2.052153 -2.393234 0.903880
      vertex -2.031747 -2.400612 0.939737
    endloop
  endfacet
  facet normal -0.120144 -0.983670 -0.134014
    outer loop
      vertex -2.075042 -2.342408 0.551329
      vertex -2.031747 -2.400612 0.939737
      vertex -2.052153 -2.393234 0.903880
    endloop
  endfacet
  facet normal -0.129913 -0.975183 -0.179278
    outer loop
      vertex -2.097725 -2.274695 0.199441
      vertex -2.048065 -2.355500 0.602996
      vertex -2.075042 -2.342408 0.551329
    endloop
  endfacet
  facet normal -0.151893 -0.966615 -0.206358
    outer loop
      vertex -2.080467 -2.218665 -0.075716
      vertex -2.064302 -2.293941 0.264994
      vertex -2.097725 -2.274695 0.199441
    endloop
  endfacet
  facet normal -0.010625 0.670265 0.742046
    outer loop
      vertex -2.002632 -2.285578 1.559351
      vertex -2.001321 -2.306877 1.578609
      vertex -1.992626 -2.307141 1.578972
    endloop
  endfacet
  facet normal 0.061633 0.482351 0.873807
    outer loop
      vertex -2.001321 -2.306877 1.578609
      vertex -2.000765 -2.319407 1.585487
      vertex -1.992444 -2.322129 1.586402
    endloop
  endfacet
  facet normal 0.024141 0.195803 0.980346
    outer loop
      vertex -2.008904 -2.319978 1.585801
      vertex -2.000546 -2.326579 1.586914
      vertex -2.000765 -2.319407 1.585487
    endloop
  endfacet
  facet normal 0.000000 0.043494 0.999054
    outer loop
      vertex -2.008904 -2.319978 1.585801
      vertex -2.008319 -2.333796 1.586403
      vertex -2.000381 -2.333796 1.586403
    endloop
  endfacet
  facet normal 0.000000 -0.476353 0.879254
    outer loop
      vertex -2.040069 -2.333796 1.586403
      vertex -2.024702 -2.354724 1.575064
      vertex -2.024194 -2.333796 1.586403
    endloop
  endfacet
  facet normal -0.019508 -0.780797 0.624480
    outer loop
      vertex -2.026105 -2.369987 1.555938
      vertex -2.024702 -2.354724 1.575064
      vertex -2.040693 -2.356122 1.572817
    endloop
  endfacet
  facet normal -0.037428 -0.924344 0.379720
    outer loop
      vertex -2.029780 -2.389202 1.508800
      vertex -2.026105 -2.369987 1.555938
      vertex -2.042583 -2.371715 1.550106
    endloop
  endfacet
  facet normal -0.070422 -0.982078 0.174822
    outer loop
      vertex -2.037669 -2.406297 1.409589
      vertex -2.029780 -2.389202 1.508800
      vertex -2.047533 -2.390133 1.496420
    endloop
  endfacet
  facet normal 0.027637 0.749363 0.661582
    outer loop
      vertex -0.990154 -2.291108 1.568967
      vertex -0.987675 -2.259293 1.532827
      vertex -1.129611 -2.256869 1.536011
    endloop
  endfacet
  facet normal 0.038760 0.757977 0.651129
    outer loop
      vertex -0.849248 -2.305545 1.578429
      vertex -0.848004 -2.261997 1.527662
      vertex -0.987675 -2.259293 1.532827
    endloop
  endfacet
  facet normal -0.024141 0.195802 0.980346
    outer loop
      vertex -0.841123 -2.319407 1.585487
      vertex -0.841342 -2.326579 1.586914
      vertex -0.832984 -2.319978 1.585801
    endloop
  endfacet
  facet normal -0.000114 0.481168 0.876628
    outer loop
      vertex -0.840566 -2.306877 1.578609
      vertex -0.841123 -2.319407 1.585487
      vertex -0.832984 -2.319978 1.585801
    endloop
  endfacet
  facet normal 0.086667 0.665200 0.741619
    outer loop
      vertex -0.839256 -2.285578 1.559351
      vertex -0.849248 -2.305545 1.578429
      vertex -0.840566 -2.306877 1.578609
    endloop
  endfacet
  facet normal 0.101531 0.038978 0.994069
    outer loop
      vertex -0.832984 -2.319978 1.585801
      vertex -0.841342 -2.326579 1.586914
      vertex -0.833569 -2.333796 1.586403
    endloop
  endfacet
  facet normal -0.026308 0.850445 0.525405
    outer loop
      vertex -1.712276 -2.256869 1.536011
      vertex -1.859260 -2.208702 1.450686
      vertex -1.854212 -2.259293 1.532827
    endloop
  endfacet
  facet normal -0.034952 0.840916 0.540036
    outer loop
      vertex -1.564590 -2.252543 1.538833
      vertex -1.718237 -2.204159 1.453548
      vertex -1.712276 -2.256869 1.536011
    endloop
  endfacet
  facet normal -0.075169 0.824082 0.561462
    outer loop
      vertex -1.420944 -2.243145 1.544272
      vertex -1.565784 -2.195989 1.455666
      vertex -1.564590 -2.252543 1.538833
    endloop
  endfacet
  facet normal 0.073914 0.748358 0.659164
    outer loop
      vertex -1.277297 -2.252543 1.538833
      vertex -1.420944 -2.208845 1.505330
      vertex -1.420944 -2.243145 1.544272
    endloop
  endfacet
  facet normal 0.034946 0.826185 0.562314
    outer loop
      vertex -1.129611 -2.256869 1.536011
      vertex -1.276103 -2.195989 1.455666
      vertex -1.277297 -2.252543 1.538833
    endloop
  endfacet
  facet normal -0.031882 0.853964 0.519355
    outer loop
      vertex -1.854212 -2.259293 1.532827
      vertex -1.994451 -2.247326 1.504542
      vertex -1.994308 -2.250874 1.510385
    endloop
  endfacet
  facet normal 0.408161 0.746729 0.525166
    outer loop
      vertex -1.992734 -2.301682 1.574558
      vertex -2.005545 -2.251630 1.513346
      vertex -2.002632 -2.285578 1.559351
    endloop
  endfacet
  facet normal 0.109645 0.780600 0.615339
    outer loop
      vertex -1.992734 -2.301682 1.574558
      vertex -1.994308 -2.250874 1.510385
      vertex -2.005545 -2.251630 1.513346
    endloop
  endfacet
  facet normal 0.371934 -0.928138 -0.015006
    outer loop
      vertex -0.770983 -2.396593 1.011647
      vertex -0.812702 -2.417291 1.257824
      vertex -0.801229 -2.409832 1.080875
    endloop
  endfacet
  facet normal 0.350178 -0.934433 -0.064886
    outer loop
      vertex -0.754171 -2.373612 0.813230
      vertex -0.801229 -2.409832 1.080875
      vertex -0.789734 -2.393234 0.903880
    endloop
  endfacet
  facet normal 0.187334 -0.980985 -0.050733
    outer loop
      vertex -0.812702 -2.417291 1.257824
      vertex -0.770983 -2.396593 1.011647
      vertex -0.787732 -2.410091 1.210808
    endloop
  endfacet
  facet normal 0.331305 -0.942427 0.045464
    outer loop
      vertex -0.761514 -2.403102 1.164637
      vertex -0.804219 -2.406297 1.409589
      vertex -0.787732 -2.410091 1.210808
    endloop
  endfacet
  facet normal 0.282206 -0.941415 0.184655
    outer loop
      vertex -0.783769 -2.404734 1.386305
      vertex -0.812107 -2.389202 1.508800
      vertex -0.804219 -2.406297 1.409589
    endloop
  endfacet
  facet normal 0.219973 -0.897219 0.382897
    outer loop
      vertex -0.794354 -2.390133 1.496420
      vertex -0.815783 -2.369987 1.555938
      vertex -0.812107 -2.389202 1.508800
    endloop
  endfacet
  facet normal 0.140127 -0.768896 0.623830
    outer loop
      vertex -0.799304 -2.371715 1.550106
      vertex -0.817185 -2.354724 1.575064
      vertex -0.815783 -2.369987 1.555938
    endloop
  endfacet
  facet normal 0.094674 -0.415900 0.904469
    outer loop
      vertex -0.833569 -2.333796 1.586403
      vertex -0.833096 -2.353339 1.577367
      vertex -0.817185 -2.354724 1.575064
    endloop
  endfacet
  facet normal -0.015580 -0.971635 -0.235972
    outer loop
      vertex -0.804338 -2.179748 -0.271485
      vertex -0.807328 -2.213724 -0.131389
      vertex -0.886745 -2.236998 -0.030311
    endloop
  endfacet
  facet normal -0.027485 -0.970444 -0.239757
    outer loop
      vertex -0.879703 -2.151652 -0.376568
      vertex -0.804338 -2.179748 -0.271485
      vertex -0.886745 -2.236998 -0.030311
    endloop
  endfacet
  facet normal -0.001129 -0.971097 -0.238681
    outer loop
      vertex -0.879703 -2.151652 -0.376568
      vertex -0.964422 -2.238286 -0.023687
      vertex -0.956238 -2.150349 -0.381509
    endloop
  endfacet
  facet normal 0.146639 -0.967339 -0.206767
    outer loop
      vertex -0.807328 -2.213724 -0.131389
      vertex -0.761421 -2.218665 -0.075716
      vertex -0.777585 -2.293941 0.264994
    endloop
  endfacet
  facet normal 0.218261 -0.960824 -0.170819
    outer loop
      vertex -0.744163 -2.274695 0.199441
      vertex -0.766846 -2.342408 0.551329
      vertex -0.777585 -2.293941 0.264994
    endloop
  endfacet
  facet normal 0.230568 -0.965101 -0.124168
    outer loop
      vertex -0.766846 -2.342408 0.551329
      vertex -0.789734 -2.393234 0.903880
      vertex -0.793823 -2.355500 0.602996
    endloop
  endfacet
  facet normal 0.185574 -0.955211 -0.230507
    outer loop
      vertex -0.956238 -2.150349 -0.381509
      vertex -0.964422 -2.238286 -0.023687
      vertex -0.970944 -2.179748 -0.271518
    endloop
  endfacet
  facet normal -0.185574 -0.955211 -0.230507
    outer loop
      vertex -1.885649 -2.150349 -0.381509
      vertex -1.870944 -2.179748 -0.271518
      vertex -1.877465 -2.238286 -0.023687
    endloop
  endfacet
  facet normal 0.001083 -0.970935 -0.239341
    outer loop
      vertex -1.885649 -2.150349 -0.381509
      vertex -1.955142 -2.236998 -0.030311
      vertex -1.962185 -2.151652 -0.376568
    endloop
  endfacet
  facet normal 0.036914 -0.971697 -0.233329
    outer loop
      vertex -1.962185 -2.151652 -0.376568
      vertex -2.031899 -2.230260 -0.060235
      vertex -2.037549 -2.179748 -0.271485
    endloop
  endfacet
  facet normal -0.157593 -0.961375 -0.225659
    outer loop
      vertex -2.037549 -2.179748 -0.271485
      vertex -2.031899 -2.230260 -0.060235
      vertex -2.080467 -2.218665 -0.075716
    endloop
  endfacet
  facet normal -0.358310 -0.932393 0.047513
    outer loop
      vertex -2.037669 -2.406297 1.409589
      vertex -2.054156 -2.410091 1.210808
      vertex -2.029185 -2.417291 1.257824
    endloop
  endfacet
  facet normal -0.231488 -0.972491 -0.025982
    outer loop
      vertex -2.040659 -2.409832 1.080875
      vertex -2.029185 -2.417291 1.257824
      vertex -2.054156 -2.410091 1.210808
    endloop
  endfacet
  facet normal -0.252793 -0.964683 -0.074047
    outer loop
      vertex -2.052153 -2.393234 0.903880
      vertex -2.040659 -2.409832 1.080875
      vertex -2.070904 -2.396593 1.011647
    endloop
  endfacet
  facet normal -0.213900 -0.968725 -0.125772
    outer loop
      vertex -2.075042 -2.342408 0.551329
      vertex -2.052153 -2.393234 0.903880
      vertex -2.087717 -2.373612 0.813230
    endloop
  endfacet
  facet normal -0.201137 -0.964240 -0.172581
    outer loop
      vertex -2.097725 -2.274695 0.199441
      vertex -2.075042 -2.342408 0.551329
      vertex -2.121219 -2.309287 0.420096
    endloop
  endfacet
  facet normal -0.217378 -0.953704 -0.207836
    outer loop
      vertex -2.097725 -2.274695 0.199441
      vertex -2.120141 -2.192863 -0.152617
      vertex -2.080467 -2.218665 -0.075716
    endloop
  endfacet
  facet normal 0.175413 0.666182 0.724867
    outer loop
      vertex -2.011472 -2.286574 1.562407
      vertex -2.001321 -2.306877 1.578609
      vertex -2.002632 -2.285578 1.559351
    endloop
  endfacet
  facet normal 0.077191 0.482360 0.872566
    outer loop
      vertex -2.009674 -2.307729 1.579819
      vertex -2.000765 -2.319407 1.585487
      vertex -2.001321 -2.306877 1.578609
    endloop
  endfacet
  facet normal 0.003914 0.439030 0.898464
    outer loop
      vertex -2.009674 -2.307729 1.579819
      vertex -2.008904 -2.319978 1.585801
      vertex -2.000765 -2.319407 1.585487
    endloop
  endfacet
  facet normal 0.063083 0.046072 0.996944
    outer loop
      vertex -2.008904 -2.319978 1.585801
      vertex -2.024852 -2.320904 1.586853
      vertex -2.008319 -2.333796 1.586403
    endloop
  endfacet
  facet normal 0.000000 -0.034913 0.999390
    outer loop
      vertex -2.024852 -2.320904 1.586853
      vertex -2.024194 -2.333796 1.586403
      vertex -2.008319 -2.333796 1.586403
    endloop
  endfacet
  facet normal 0.000000 -0.118951 0.992900
    outer loop
      vertex -2.040542 -2.321853 1.587834
      vertex -2.040069 -2.333796 1.586403
      vertex -2.024194 -2.333796 1.586403
    endloop
  endfacet
  facet normal -0.074677 -0.516856 0.852809
    outer loop
      vertex -2.040069 -2.333796 1.586403
      vertex -2.040693 -2.356122 1.572817
      vertex -2.024702 -2.354724 1.575064
    endloop
  endfacet
  facet normal -0.115864 -0.814318 0.568738
    outer loop
      vertex -2.026105 -2.369987 1.555938
      vertex -2.040693 -2.356122 1.572817
      vertex -2.042583 -2.371715 1.550106
    endloop
  endfacet
  facet normal -0.184528 -0.924296 0.334105
    outer loop
      vertex -2.029780 -2.389202 1.508800
      vertex -2.042583 -2.371715 1.550106
      vertex -2.047533 -2.390133 1.496420
    endloop
  endfacet
  facet normal -0.244603 -0.957868 0.150528
    outer loop
      vertex -2.058119 -2.404734 1.386305
      vertex -2.037669 -2.406297 1.409589
      vertex -2.047533 -2.390133 1.496420
    endloop
  endfacet
  facet normal 0.026476 0.841414 0.539742
    outer loop
      vertex -0.987675 -2.259293 1.532827
      vertex -1.123651 -2.204159 1.453548
      vertex -1.129611 -2.256869 1.536011
    endloop
  endfacet
  facet normal -0.277136 0.732633 0.621646
    outer loop
      vertex -0.849248 -2.305545 1.578429
      vertex -0.839256 -2.285578 1.559351
      vertex -0.848004 -2.261997 1.527662
    endloop
  endfacet
  facet normal 0.035901 0.849927 0.525676
    outer loop
      vertex -0.848004 -2.261997 1.527662
      vertex -0.982627 -2.208702 1.450686
      vertex -0.987675 -2.259293 1.532827
    endloop
  endfacet
  facet normal -0.084356 0.441546 0.893265
    outer loop
      vertex -0.840566 -2.306877 1.578609
      vertex -0.832984 -2.319978 1.585801
      vertex -0.832214 -2.307729 1.579819
    endloop
  endfacet
  facet normal -0.038700 0.671469 0.740021
    outer loop
      vertex -0.839256 -2.285578 1.559351
      vertex -0.840566 -2.306877 1.578609
      vertex -0.832214 -2.307729 1.579819
    endloop
  endfacet
  facet normal 0.000000 0.043494 0.999054
    outer loop
      vertex -0.832984 -2.319978 1.585801
      vertex -0.833569 -2.333796 1.586403
      vertex -0.817694 -2.333796 1.586403
    endloop
  endfacet
  facet normal -0.059007 0.848356 0.526128
    outer loop
      vertex -1.854212 -2.259293 1.532827
      vertex -1.859260 -2.208702 1.450686
      vertex -1.995913 -2.214622 1.444905
    endloop
  endfacet
  facet normal -0.038046 0.840719 0.540134
    outer loop
      vertex -1.712276 -2.256869 1.536011
      vertex -1.718237 -2.204159 1.453548
      vertex -1.859260 -2.208702 1.450686
    endloop
  endfacet
  facet normal -0.052047 0.825455 0.562064
    outer loop
      vertex -1.564590 -2.252543 1.538833
      vertex -1.565784 -2.195989 1.455666
      vertex -1.718237 -2.204159 1.453548
    endloop
  endfacet
  facet normal -0.158019 0.740983 0.652667
    outer loop
      vertex -1.420944 -2.243145 1.544272
      vertex -1.420944 -2.208845 1.505330
      vertex -1.565784 -2.195989 1.455666
    endloop
  endfacet
  facet normal 0.119031 0.820249 0.559485
    outer loop
      vertex -1.277297 -2.252543 1.538833
      vertex -1.276103 -2.195989 1.455666
      vertex -1.420944 -2.208845 1.505330
    endloop
  endfacet
  facet normal 0.052511 0.839690 0.540522
    outer loop
      vertex -1.129611 -2.256869 1.536011
      vertex -1.123651 -2.204159 1.453548
      vertex -1.276103 -2.195989 1.455666
    endloop
  endfacet
  facet normal 0.078612 0.852953 0.516034
    outer loop
      vertex -1.994308 -2.250874 1.510385
      vertex -1.994451 -2.247326 1.504542
      vertex -2.005545 -2.251630 1.513346
    endloop
  endfacet
  facet normal -0.022262 0.876363 0.481137
    outer loop
      vertex -1.854212 -2.259293 1.532827
      vertex -1.995913 -2.214622 1.444905
      vertex -1.994451 -2.247326 1.504542
    endloop
  endfacet
  facet normal 0.292419 0.778231 0.555741
    outer loop
      vertex -2.002632 -2.285578 1.559351
      vertex -2.005545 -2.251630 1.513346
      vertex -2.015482 -2.252359 1.519596
    endloop
  endfacet
  facet normal 0.208483 -0.973394 -0.095072
    outer loop
      vertex -0.801229 -2.409832 1.080875
      vertex -0.754171 -2.373612 0.813230
      vertex -0.770983 -2.396593 1.011647
    endloop
  endfacet
  facet normal 0.213902 -0.968725 -0.125772
    outer loop
      vertex -0.789734 -2.393234 0.903880
      vertex -0.766846 -2.342408 0.551329
      vertex -0.754171 -2.373612 0.813230
    endloop
  endfacet
  facet normal 0.300637 -0.952928 -0.039303
    outer loop
      vertex -0.738893 -2.383665 0.943669
      vertex -0.787732 -2.410091 1.210808
      vertex -0.770983 -2.396593 1.011647
    endloop
  endfacet
  facet normal 0.134633 -0.988192 -0.073141
    outer loop
      vertex -0.787732 -2.410091 1.210808
      vertex -0.738893 -2.383665 0.943669
      vertex -0.761514 -2.403102 1.164637
    endloop
  endfacet
  facet normal 0.076606 -0.997061 0.000348
    outer loop
      vertex -0.761514 -2.403102 1.164637
      vertex -0.783769 -2.404734 1.386305
      vertex -0.804219 -2.406297 1.409589
    endloop
  endfacet
  facet normal 0.042481 -0.989888 0.135343
    outer loop
      vertex -0.783769 -2.404734 1.386305
      vertex -0.794354 -2.390133 1.496420
      vertex -0.812107 -2.389202 1.508800
    endloop
  endfacet
  facet normal 0.016141 -0.945305 0.325788
    outer loop
      vertex -0.794354 -2.390133 1.496420
      vertex -0.799304 -2.371715 1.550106
      vertex -0.815783 -2.369987 1.555938
    endloop
  endfacet
  facet normal 0.007563 -0.824079 0.566424
    outer loop
      vertex -0.799304 -2.371715 1.550106
      vertex -0.801195 -2.356122 1.572817
      vertex -0.817185 -2.354724 1.575064
    endloop
  endfacet
  facet normal 0.000000 -0.476353 0.879254
    outer loop
      vertex -0.833569 -2.333796 1.586403
      vertex -0.817185 -2.354724 1.575064
      vertex -0.817694 -2.333796 1.586403
    endloop
  endfacet
  facet normal 0.174111 -0.957830 -0.228575
    outer loop
      vertex -0.804338 -2.179748 -0.271485
      vertex -0.761421 -2.218665 -0.075716
      vertex -0.807328 -2.213724 -0.131389
    endloop
  endfacet
  facet normal 0.059530 -0.952875 -0.297466
    outer loop
      vertex -0.797632 -2.099611 -0.526848
      vertex -0.804338 -2.179748 -0.271485
      vertex -0.879703 -2.151652 -0.376568
    endloop
  endfacet
  facet normal 0.004031 -0.949750 -0.312983
    outer loop
      vertex -0.876774 -2.101824 -0.527733
      vertex -0.879703 -2.151652 -0.376568
      vertex -0.956238 -2.150349 -0.381509
    endloop
  endfacet
  facet normal 0.232811 -0.951889 -0.199265
    outer loop
      vertex -0.721747 -2.192863 -0.152617
      vertex -0.777585 -2.293941 0.264994
      vertex -0.761421 -2.218665 -0.075716
    endloop
  endfacet
  facet normal 0.132597 -0.967262 -0.216385
    outer loop
      vertex -0.721747 -2.192863 -0.152617
      vertex -0.744163 -2.274695 0.199441
      vertex -0.777585 -2.293941 0.264994
    endloop
  endfacet
  facet normal 0.201137 -0.964240 -0.172581
    outer loop
      vertex -0.766846 -2.342408 0.551329
      vertex -0.744163 -2.274695 0.199441
      vertex -0.720668 -2.309287 0.420096
    endloop
  endfacet
  facet normal 0.003673 -0.966201 -0.257764
    outer loop
      vertex -0.956238 -2.150349 -0.381509
      vertex -0.970944 -2.179748 -0.271518
      vertex -1.108211 -2.146380 -0.398551
    endloop
  endfacet
  facet normal -0.000000 -0.967190 -0.254056
    outer loop
      vertex -0.970944 -2.179748 -0.271518
      vertex -1.266898 -2.179748 -0.271518
      vertex -1.108211 -2.146380 -0.398551
    endloop
  endfacet
  facet normal 0.002848 -0.968054 -0.250725
    outer loop
      vertex -1.108211 -2.146380 -0.398551
      vertex -1.266898 -2.179748 -0.271518
      vertex -1.261863 -2.142417 -0.415596
    endloop
  endfacet
  facet normal -0.007125 -0.957924 -0.286934
    outer loop
      vertex -1.741673 -2.087079 -0.596327
      vertex -1.580024 -2.142417 -0.415596
      vertex -1.733677 -2.146380 -0.398551
    endloop
  endfacet
  facet normal 0.002866 -0.968054 -0.250725
    outer loop
      vertex -1.261863 -2.142417 -0.415596
      vertex -1.266898 -2.179748 -0.271518
      vertex -1.340496 -2.141352 -0.420607
    endloop
  endfacet
  facet normal 0.000000 -0.968401 -0.249399
    outer loop
      vertex -1.340496 -2.141352 -0.420607
      vertex -1.266898 -2.179748 -0.271518
      vertex -1.420944 -2.179748 -0.271518
    endloop
  endfacet
  facet normal -0.003698 -0.967910 -0.251268
    outer loop
      vertex -1.340496 -2.141352 -0.420607
      vertex -1.420944 -2.179748 -0.271518
      vertex -1.420944 -2.125223 -0.481553
    endloop
  endfacet
  facet normal -0.003474 -0.952333 -0.305039
    outer loop
      vertex -1.889612 -2.098310 -0.543930
      vertex -1.885649 -2.150349 -0.381509
      vertex -1.962185 -2.151652 -0.376568
    endloop
  endfacet
  facet normal -0.080051 -0.947147 -0.310652
    outer loop
      vertex -1.965114 -2.101824 -0.527733
      vertex -1.962185 -2.151652 -0.376568
      vertex -2.037549 -2.179748 -0.271485
    endloop
  endfacet
  facet normal -0.234798 -0.942259 -0.238784
    outer loop
      vertex -2.070054 -2.141291 -0.391277
      vertex -2.037549 -2.179748 -0.271485
      vertex -2.080467 -2.218665 -0.075716
    endloop
  endfacet
  facet normal -0.107727 -0.993789 0.027901
    outer loop
      vertex -2.054156 -2.410091 1.210808
      vertex -2.037669 -2.406297 1.409589
      vertex -2.058119 -2.404734 1.386305
    endloop
  endfacet
  facet normal -0.330110 -0.943249 -0.036169
    outer loop
      vertex -2.054156 -2.410091 1.210808
      vertex -2.070904 -2.396593 1.011647
      vertex -2.040659 -2.409832 1.080875
    endloop
  endfacet
  facet normal -0.309889 -0.947105 -0.083434
    outer loop
      vertex -2.070904 -2.396593 1.011647
      vertex -2.087717 -2.373612 0.813230
      vertex -2.052153 -2.393234 0.903880
    endloop
  endfacet
  facet normal -0.313254 -0.941100 -0.127290
    outer loop
      vertex -2.087717 -2.373612 0.813230
      vertex -2.121219 -2.309287 0.420096
      vertex -2.075042 -2.342408 0.551329
    endloop
  endfacet
  facet normal -0.268043 -0.947007 -0.177003
    outer loop
      vertex -2.121219 -2.309287 0.420096
      vertex -2.154317 -2.227287 0.031496
      vertex -2.097725 -2.274695 0.199441
    endloop
  endfacet
  facet normal -0.175340 -0.961348 -0.212289
    outer loop
      vertex -2.120141 -2.192863 -0.152617
      vertex -2.097725 -2.274695 0.199441
      vertex -2.154317 -2.227287 0.031496
    endloop
  endfacet
  facet normal -0.148386 -0.958123 -0.244912
    outer loop
      vertex -2.096533 -2.127839 -0.421303
      vertex -2.080467 -2.218665 -0.075716
      vertex -2.120141 -2.192863 -0.152617
    endloop
  endfacet
  facet normal 0.123637 0.780791 0.612438
    outer loop
      vertex -2.002632 -2.285578 1.559351
      vertex -2.015482 -2.252359 1.519596
      vertex -2.011472 -2.286574 1.562407
    endloop
  endfacet
  facet normal 0.046441 0.637175 0.769319
    outer loop
      vertex -2.011472 -2.286574 1.562407
      vertex -2.009674 -2.307729 1.579819
      vertex -2.001321 -2.306877 1.578609
    endloop
  endfacet
  facet normal 0.141246 0.441588 0.886030
    outer loop
      vertex -2.025719 -2.309027 1.583024
      vertex -2.008904 -2.319978 1.585801
      vertex -2.009674 -2.307729 1.579819
    endloop
  endfacet
  facet normal 0.044696 0.309518 0.949843
    outer loop
      vertex -2.025719 -2.309027 1.583024
      vertex -2.024852 -2.320904 1.586853
      vertex -2.008904 -2.319978 1.585801
    endloop
  endfacet
  facet normal 0.064236 -0.031565 0.997435
    outer loop
      vertex -2.024852 -2.320904 1.586853
      vertex -2.040542 -2.321853 1.587834
      vertex -2.024194 -2.333796 1.586403
    endloop
  endfacet
  facet normal 0.037548 -0.117401 0.992374
    outer loop
      vertex -2.048326 -2.322432 1.588060
      vertex -2.040069 -2.333796 1.586403
      vertex -2.040542 -2.321853 1.587834
    endloop
  endfacet
  facet normal 0.000000 -0.519832 0.854269
    outer loop
      vertex -2.048006 -2.333796 1.586403
      vertex -2.040693 -2.356122 1.572817
      vertex -2.040069 -2.333796 1.586403
    endloop
  endfacet
  facet normal 0.032985 -0.825227 0.563837
    outer loop
      vertex -2.042583 -2.371715 1.550106
      vertex -2.040693 -2.356122 1.572817
      vertex -2.048820 -2.356962 1.572064
    endloop
  endfacet
  facet normal 0.041053 -0.946244 0.320837
    outer loop
      vertex -2.047533 -2.390133 1.496420
      vertex -2.042583 -2.371715 1.550106
      vertex -2.051095 -2.372833 1.547897
    endloop
  endfacet
  facet normal 0.030192 -0.991245 0.128536
    outer loop
      vertex -2.058119 -2.404734 1.386305
      vertex -2.047533 -2.390133 1.496420
      vertex -2.056969 -2.391043 1.491620
    endloop
  endfacet
  facet normal 0.038046 0.849800 0.525730
    outer loop
      vertex -0.987675 -2.259293 1.532827
      vertex -0.982627 -2.208702 1.450686
      vertex -1.123651 -2.204159 1.453548
    endloop
  endfacet
  facet normal 0.014653 0.804118 0.594290
    outer loop
      vertex -0.839256 -2.285578 1.559351
      vertex -0.836342 -2.251630 1.513346
      vertex -0.848004 -2.261997 1.527662
    endloop
  endfacet
  facet normal 0.077036 0.877705 0.472968
    outer loop
      vertex -0.848004 -2.261997 1.527662
      vertex -0.844659 -2.188771 1.391228
      vertex -0.982627 -2.208702 1.450686
    endloop
  endfacet
  facet normal -0.033640 0.440292 0.897224
    outer loop
      vertex -0.832214 -2.307729 1.579819
      vertex -0.832984 -2.319978 1.585801
      vertex -0.817035 -2.320904 1.586853
    endloop
  endfacet
  facet normal -0.187918 0.633660 0.750441
    outer loop
      vertex -0.839256 -2.285578 1.559351
      vertex -0.832214 -2.307729 1.579819
      vertex -0.830416 -2.286574 1.562407
    endloop
  endfacet
  facet normal -0.067594 -0.031386 0.997219
    outer loop
      vertex -0.817035 -2.320904 1.586853
      vertex -0.832984 -2.319978 1.585801
      vertex -0.817694 -2.333796 1.586403
    endloop
  endfacet
  facet normal -0.056973 0.906364 0.418639
    outer loop
      vertex -1.859260 -2.208702 1.450686
      vertex -1.998726 -2.161810 1.330185
      vertex -1.995913 -2.214622 1.444905
    endloop
  endfacet
  facet normal -0.037747 0.905650 0.422343
    outer loop
      vertex -1.718237 -2.204159 1.453548
      vertex -1.869040 -2.127519 1.275728
      vertex -1.859260 -2.208702 1.450686
    endloop
  endfacet
  facet normal -0.054408 0.906918 0.417779
    outer loop
      vertex -1.565784 -2.195989 1.455666
      vertex -1.650289 -2.116814 1.272789
      vertex -1.718237 -2.204159 1.453548
    endloop
  endfacet
  facet normal -0.152792 0.752651 0.640446
    outer loop
      vertex -1.420944 -2.208845 1.505330
      vertex -1.492635 -2.184520 1.459640
      vertex -1.565784 -2.195989 1.455666
    endloop
  endfacet
  facet normal 0.152792 0.752651 0.640446
    outer loop
      vertex -1.276103 -2.195989 1.455666
      vertex -1.349253 -2.184520 1.459640
      vertex -1.420944 -2.208845 1.505330
    endloop
  endfacet
  facet normal 0.054305 0.902589 0.427065
    outer loop
      vertex -1.123651 -2.204159 1.453548
      vertex -1.111961 -2.120368 1.274973
      vertex -1.276103 -2.195989 1.455666
    endloop
  endfacet
  facet normal 0.036547 0.878854 0.475688
    outer loop
      vertex -1.994451 -2.247326 1.504542
      vertex -2.011617 -2.197940 1.414617
      vertex -2.005545 -2.251630 1.513346
    endloop
  endfacet
  facet normal 0.004237 0.876846 0.480753
    outer loop
      vertex -1.994451 -2.247326 1.504542
      vertex -1.995913 -2.214622 1.444905
      vertex -2.011617 -2.197940 1.414617
    endloop
  endfacet
  facet normal 0.233930 0.850461 0.471161
    outer loop
      vertex -2.005545 -2.251630 1.513346
      vertex -2.023896 -2.198032 1.425712
      vertex -2.015482 -2.252359 1.519596
    endloop
  endfacet
  facet normal 0.279568 -0.956171 -0.087054
    outer loop
      vertex -0.716179 -2.354401 0.724226
      vertex -0.770983 -2.396593 1.011647
      vertex -0.754171 -2.373612 0.813230
    endloop
  endfacet
  facet normal 0.313254 -0.941100 -0.127289
    outer loop
      vertex -0.720668 -2.309287 0.420096
      vertex -0.754171 -2.373612 0.813230
      vertex -0.766846 -2.342408 0.551329
    endloop
  endfacet
  facet normal 0.151353 -0.981738 -0.115255
    outer loop
      vertex -0.770983 -2.396593 1.011647
      vertex -0.716179 -2.354401 0.724226
      vertex -0.738893 -2.383665 0.943669
    endloop
  endfacet
  facet normal 0.121991 -0.989726 -0.074570
    outer loop
      vertex -0.719485 -2.379324 0.917802
      vertex -0.761514 -2.403102 1.164637
      vertex -0.738893 -2.383665 0.943669
    endloop
  endfacet
  facet normal 0.137442 -0.990489 0.006504
    outer loop
      vertex -0.746147 -2.401085 1.147037
      vertex -0.783769 -2.404734 1.386305
      vertex -0.761514 -2.403102 1.164637
    endloop
  endfacet
  facet normal 0.108397 -0.984071 0.140908
    outer loop
      vertex -0.772414 -2.404751 1.377451
      vertex -0.794354 -2.390133 1.496420
      vertex -0.783769 -2.404734 1.386305
    endloop
  endfacet
  facet normal 0.077089 -0.940868 0.329885
    outer loop
      vertex -0.784919 -2.391043 1.491620
      vertex -0.799304 -2.371715 1.550106
      vertex -0.794354 -2.390133 1.496420
    endloop
  endfacet
  facet normal 0.039322 -0.822229 0.567797
    outer loop
      vertex -0.790792 -2.372833 1.547897
      vertex -0.801195 -2.356122 1.572817
      vertex -0.799304 -2.371715 1.550106
    endloop
  endfacet
  facet normal 0.081911 -0.473213 0.877132
    outer loop
      vertex -0.817694 -2.333796 1.586403
      vertex -0.817185 -2.354724 1.575064
      vertex -0.801195 -2.356122 1.572817
    endloop
  endfacet
  facet normal 0.227552 -0.944332 -0.237608
    outer loop
      vertex -0.745355 -2.127839 -0.421303
      vertex -0.761421 -2.218665 -0.075716
      vertex -0.804338 -2.179748 -0.271485
    endloop
  endfacet
  facet normal 0.028077 -0.953956 -0.298631
    outer loop
      vertex -0.797632 -2.099611 -0.526848
      vertex -0.771833 -2.141291 -0.391277
      vertex -0.804338 -2.179748 -0.271485
    endloop
  endfacet
  facet normal 0.030050 -0.949479 -0.312389
    outer loop
      vertex -0.797632 -2.099611 -0.526848
      vertex -0.879703 -2.151652 -0.376568
      vertex -0.876774 -2.101824 -0.527733
    endloop
  endfacet
  facet normal 0.021011 -0.952253 -0.304586
    outer loop
      vertex -0.876774 -2.101824 -0.527733
      vertex -0.956238 -2.150349 -0.381509
      vertex -0.952276 -2.098310 -0.543930
    endloop
  endfacet
  facet normal 0.125154 -0.958286 -0.256953
    outer loop
      vertex -0.699758 -2.095326 -0.505664
      vertex -0.721747 -2.192863 -0.152617
      vertex -0.761421 -2.218665 -0.075716
    endloop
  endfacet
  facet normal 0.175340 -0.961348 -0.212289
    outer loop
      vertex -0.721747 -2.192863 -0.152617
      vertex -0.687570 -2.227287 0.031496
      vertex -0.744163 -2.274695 0.199441
    endloop
  endfacet
  facet normal 0.268043 -0.947007 -0.177003
    outer loop
      vertex -0.687570 -2.227287 0.031496
      vertex -0.720668 -2.309287 0.420096
      vertex -0.744163 -2.274695 0.199441
    endloop
  endfacet
  facet normal 0.009320 -0.952339 -0.304899
    outer loop
      vertex -0.952276 -2.098310 -0.543930
      vertex -0.956238 -2.150349 -0.381509
      vertex -1.108211 -2.146380 -0.398551
    endloop
  endfacet
  facet normal 0.007125 -0.957924 -0.286934
    outer loop
      vertex -1.100214 -2.087079 -0.596327
      vertex -1.108211 -2.146380 -0.398551
      vertex -1.261863 -2.142417 -0.415596
    endloop
  endfacet
  facet normal -0.007160 -0.957924 -0.286933
    outer loop
      vertex -1.741673 -2.087079 -0.596327
      vertex -1.733677 -2.146380 -0.398551
      vertex -1.885649 -2.150349 -0.381509
    endloop
  endfacet
  facet normal 0.046742 -0.942668 -0.330443
    outer loop
      vertex -1.750580 -2.017953 -0.794786
      vertex -1.580024 -2.142417 -0.415596
      vertex -1.741673 -2.087079 -0.596327
    endloop
  endfacet
  facet normal 0.005043 -0.959114 -0.282975
    outer loop
      vertex -1.327261 -1.993290 -0.922210
      vertex -1.261863 -2.142417 -0.415596
      vertex -1.340496 -2.141352 -0.420607
    endloop
  endfacet
  facet normal 0.021375 -0.959162 -0.282050
    outer loop
      vertex -1.420944 -1.992662 -0.932351
      vertex -1.340496 -2.141352 -0.420607
      vertex -1.420944 -2.125223 -0.481553
    endloop
  endfacet
  facet normal -0.055886 -0.956145 -0.287512
    outer loop
      vertex -1.599237 -1.998304 -0.891123
      vertex -1.580024 -2.142417 -0.415596
      vertex -1.677115 -2.007205 -0.846382
    endloop
  endfacet
  facet normal -0.046701 -0.958377 -0.281659
    outer loop
      vertex -1.514626 -1.993290 -0.922210
      vertex -1.501391 -2.141352 -0.420607
      vertex -1.599237 -1.998304 -0.891123
    endloop
  endfacet
  facet normal -0.021750 -0.959019 -0.282506
    outer loop
      vertex -1.514626 -1.993290 -0.922210
      vertex -1.420944 -2.125223 -0.481553
      vertex -1.501391 -2.141352 -0.420607
    endloop
  endfacet
  facet normal -0.035454 -0.951967 -0.304142
    outer loop
      vertex -1.741673 -2.087079 -0.596327
      vertex -1.885649 -2.150349 -0.381509
      vertex -1.889612 -2.098310 -0.543930
    endloop
  endfacet
  facet normal -0.022847 -0.949618 -0.312575
    outer loop
      vertex -1.889612 -2.098310 -0.543930
      vertex -1.962185 -2.151652 -0.376568
      vertex -1.965114 -2.101824 -0.527733
    endloop
  endfacet
  facet normal -0.047788 -0.951808 -0.302949
    outer loop
      vertex -1.965114 -2.101824 -0.527733
      vertex -2.037549 -2.179748 -0.271485
      vertex -2.044051 -2.090794 -0.549938
    endloop
  endfacet
  facet normal -0.006034 -0.952597 -0.304176
    outer loop
      vertex -2.044051 -2.090794 -0.549938
      vertex -2.037549 -2.179748 -0.271485
      vertex -2.070054 -2.141291 -0.391277
    endloop
  endfacet
  facet normal -0.210160 -0.947914 -0.239357
    outer loop
      vertex -2.096533 -2.127839 -0.421303
      vertex -2.070054 -2.141291 -0.391277
      vertex -2.080467 -2.218665 -0.075716
    endloop
  endfacet
  facet normal -0.294357 -0.955430 0.022516
    outer loop
      vertex -2.058119 -2.404734 1.386305
      vertex -2.080373 -2.403102 1.164637
      vertex -2.054156 -2.410091 1.210808
    endloop
  endfacet
  facet normal -0.170065 -0.984039 -0.052392
    outer loop
      vertex -2.070904 -2.396593 1.011647
      vertex -2.054156 -2.410091 1.210808
      vertex -2.080373 -2.403102 1.164637
    endloop
  endfacet
  facet normal -0.187636 -0.977407 -0.097303
    outer loop
      vertex -2.087717 -2.373612 0.813230
      vertex -2.070904 -2.396593 1.011647
      vertex -2.102994 -2.383665 0.943669
    endloop
  endfacet
  facet normal -0.149474 -0.977741 -0.147242
    outer loop
      vertex -2.121219 -2.309287 0.420096
      vertex -2.087717 -2.373612 0.813230
      vertex -2.125709 -2.354401 0.724226
    endloop
  endfacet
  facet normal -0.133759 -0.971901 -0.193693
    outer loop
      vertex -2.154317 -2.227287 0.031496
      vertex -2.121219 -2.309287 0.420096
      vertex -2.170963 -2.276769 0.291280
    endloop
  endfacet
  facet normal -0.229445 -0.948163 -0.219868
    outer loop
      vertex -2.154317 -2.227287 0.031496
      vertex -2.186776 -2.130403 -0.352433
      vertex -2.120141 -2.192863 -0.152617
    endloop
  endfacet
  facet normal -0.215552 -0.944596 -0.247540
    outer loop
      vertex -2.142129 -2.095326 -0.505664
      vertex -2.096533 -2.127839 -0.421303
      vertex -2.120141 -2.192863 -0.152617
    endloop
  endfacet
  facet normal 0.464286 0.712573 0.526002
    outer loop
      vertex -2.011472 -2.286574 1.562407
      vertex -2.015482 -2.252359 1.519596
      vertex -2.032737 -2.252456 1.534956
    endloop
  endfacet
  facet normal 0.289861 0.622793 0.726712
    outer loop
      vertex -2.027834 -2.287823 1.570004
      vertex -2.009674 -2.307729 1.579819
      vertex -2.011472 -2.286574 1.562407
    endloop
  endfacet
  facet normal 0.125017 0.528197 0.839868
    outer loop
      vertex -2.027834 -2.287823 1.570004
      vertex -2.025719 -2.309027 1.583024
      vertex -2.009674 -2.307729 1.579819
    endloop
  endfacet
  facet normal 0.157507 0.313440 0.936454
    outer loop
      vertex -2.041250 -2.310374 1.586087
      vertex -2.024852 -2.320904 1.586853
      vertex -2.025719 -2.309027 1.583024
    endloop
  endfacet
  facet normal 0.052378 0.153382 0.986778
    outer loop
      vertex -2.041250 -2.310374 1.586087
      vertex -2.040542 -2.321853 1.587834
      vertex -2.024852 -2.320904 1.586853
    endloop
  endfacet
  facet normal 0.022621 0.084715 0.996148
    outer loop
      vertex -2.048896 -2.311242 1.587121
      vertex -2.048326 -2.322432 1.588060
      vertex -2.040542 -2.321853 1.587834
    endloop
  endfacet
  facet normal 0.000000 -0.144272 0.989538
    outer loop
      vertex -2.048326 -2.322432 1.588060
      vertex -2.048006 -2.333796 1.586403
      vertex -2.040069 -2.333796 1.586403
    endloop
  endfacet
  facet normal 0.407167 -0.373748 0.833383
    outer loop
      vertex -2.048006 -2.333796 1.586403
      vertex -2.048180 -2.346426 1.580823
      vertex -2.040693 -2.356122 1.572817
    endloop
  endfacet
  facet normal -0.005258 -0.639113 0.769095
    outer loop
      vertex -2.048180 -2.346426 1.580823
      vertex -2.048820 -2.356962 1.572064
      vertex -2.040693 -2.356122 1.572817
    endloop
  endfacet
  facet normal -0.033383 -0.833942 0.550841
    outer loop
      vertex -2.042583 -2.371715 1.550106
      vertex -2.048820 -2.356962 1.572064
      vertex -2.051095 -2.372833 1.547897
    endloop
  endfacet
  facet normal -0.068188 -0.947114 0.313570
    outer loop
      vertex -2.047533 -2.390133 1.496420
      vertex -2.051095 -2.372833 1.547897
      vertex -2.056969 -2.391043 1.491620
    endloop
  endfacet
  facet normal -0.099382 -0.986606 0.129348
    outer loop
      vertex -2.058119 -2.404734 1.386305
      vertex -2.056969 -2.391043 1.491620
      vertex -2.069474 -2.404751 1.377451
    endloop
  endfacet
  facet normal 0.037768 0.903697 0.426503
    outer loop
      vertex -0.982627 -2.208702 1.450686
      vertex -1.111961 -2.120368 1.274973
      vertex -1.123651 -2.204159 1.453548
    endloop
  endfacet
  facet normal -0.205148 0.864459 0.458940
    outer loop
      vertex -0.848004 -2.261997 1.527662
      vertex -0.836342 -2.251630 1.513346
      vertex -0.844659 -2.188771 1.391228
    endloop
  endfacet
  facet normal -0.111804 0.802972 0.585436
    outer loop
      vertex -0.830416 -2.286574 1.562407
      vertex -0.836342 -2.251630 1.513346
      vertex -0.839256 -2.285578 1.559351
    endloop
  endfacet
  facet normal 0.051465 0.904800 0.422715
    outer loop
      vertex -0.844659 -2.188771 1.391228
      vertex -0.972848 -2.127519 1.275728
      vertex -0.982627 -2.208702 1.450686
    endloop
  endfacet
  facet normal -0.161541 0.313506 0.935745
    outer loop
      vertex -0.832214 -2.307729 1.579819
      vertex -0.817035 -2.320904 1.586853
      vertex -0.816168 -2.309027 1.583024
    endloop
  endfacet
  facet normal -0.101012 0.637364 0.763914
    outer loop
      vertex -0.830416 -2.286574 1.562407
      vertex -0.832214 -2.307729 1.579819
      vertex -0.816168 -2.309027 1.583024
    endloop
  endfacet
  facet normal 0.000000 -0.034913 0.999390
    outer loop
      vertex -0.817035 -2.320904 1.586853
      vertex -0.817694 -2.333796 1.586403
      vertex -0.801819 -2.333796 1.586403
    endloop
  endfacet
  facet normal 0.164314 0.897548 0.409155
    outer loop
      vertex -1.995913 -2.214622 1.444905
      vertex -1.998726 -2.161810 1.330185
      vertex -2.011617 -2.197940 1.414617
    endloop
  endfacet
  facet normal -0.061457 0.904073 0.422936
    outer loop
      vertex -1.859260 -2.208702 1.450686
      vertex -1.869040 -2.127519 1.275728
      vertex -1.998726 -2.161810 1.330185
    endloop
  endfacet
  facet normal -0.044117 0.903301 0.426733
    outer loop
      vertex -1.718237 -2.204159 1.453548
      vertex -1.729927 -2.120368 1.274973
      vertex -1.869040 -2.127519 1.275728
    endloop
  endfacet
  facet normal -0.028664 0.904201 0.426144
    outer loop
      vertex -1.718237 -2.204159 1.453548
      vertex -1.650289 -2.116814 1.272789
      vertex -1.729927 -2.120368 1.274973
    endloop
  endfacet
  facet normal -0.111836 0.892051 0.437879
    outer loop
      vertex -1.565784 -2.195989 1.455666
      vertex -1.568730 -2.106563 1.272736
      vertex -1.650289 -2.116814 1.272789
    endloop
  endfacet
  facet normal -0.161564 0.867490 0.470487
    outer loop
      vertex -1.492635 -2.184520 1.459640
      vertex -1.493575 -2.085996 1.277658
      vertex -1.565784 -2.195989 1.455666
    endloop
  endfacet
  facet normal -0.102268 0.802560 0.587741
    outer loop
      vertex -1.420944 -2.208845 1.505330
      vertex -1.420944 -2.178077 1.463316
      vertex -1.492635 -2.184520 1.459640
    endloop
  endfacet
  facet normal 0.102268 0.802560 0.587741
    outer loop
      vertex -1.349253 -2.184520 1.459640
      vertex -1.420944 -2.178077 1.463316
      vertex -1.420944 -2.208845 1.505330
    endloop
  endfacet
  facet normal 0.162473 0.885427 0.435456
    outer loop
      vertex -1.276103 -2.195989 1.455666
      vertex -1.273158 -2.106563 1.272736
      vertex -1.349253 -2.184520 1.459640
    endloop
  endfacet
  facet normal 0.029505 0.912246 0.408579
    outer loop
      vertex -1.276103 -2.195989 1.455666
      vertex -1.111961 -2.120368 1.274973
      vertex -1.191598 -2.116814 1.272789
    endloop
  endfacet
  facet normal 0.377273 0.823122 0.424424
    outer loop
      vertex -2.005545 -2.251630 1.513346
      vertex -2.011617 -2.197940 1.414617
      vertex -2.023896 -2.198032 1.425712
    endloop
  endfacet
  facet normal 0.599755 0.714716 0.359828
    outer loop
      vertex -2.023896 -2.198032 1.425712
      vertex -2.043305 -2.195664 1.453360
      vertex -2.015482 -2.252359 1.519596
    endloop
  endfacet
  facet normal 0.149473 -0.977741 -0.147242
    outer loop
      vertex -0.754171 -2.373612 0.813230
      vertex -0.720668 -2.309287 0.420096
      vertex -0.716179 -2.354401 0.724226
    endloop
  endfacet
  facet normal 0.116533 -0.985981 -0.119425
    outer loop
      vertex -0.692737 -2.347536 0.690428
      vertex -0.738893 -2.383665 0.943669
      vertex -0.716179 -2.354401 0.724226
    endloop
  endfacet
  facet normal 0.043854 -0.990110 -0.133260
    outer loop
      vertex -0.692737 -2.347536 0.690428
      vertex -0.719485 -2.379324 0.917802
      vertex -0.738893 -2.383665 0.943669
    endloop
  endfacet
  facet normal 0.025861 -0.995470 -0.091492
    outer loop
      vertex -0.719485 -2.379324 0.917802
      vertex -0.746147 -2.401085 1.147037
      vertex -0.761514 -2.403102 1.164637
    endloop
  endfacet
  facet normal -0.015248 -0.999728 -0.017645
    outer loop
      vertex -0.746147 -2.401085 1.147037
      vertex -0.772414 -2.404751 1.377451
      vertex -0.783769 -2.404734 1.386305
    endloop
  endfacet
  facet normal -0.037153 -0.992656 0.115120
    outer loop
      vertex -0.772414 -2.404751 1.377451
      vertex -0.784919 -2.391043 1.491620
      vertex -0.794354 -2.390133 1.496420
    endloop
  endfacet
  facet normal -0.046379 -0.951818 0.303135
    outer loop
      vertex -0.784919 -2.391043 1.491620
      vertex -0.790792 -2.372833 1.547897
      vertex -0.799304 -2.371715 1.550106
    endloop
  endfacet
  facet normal -0.035817 -0.836860 0.546244
    outer loop
      vertex -0.790792 -2.372833 1.547897
      vertex -0.793067 -2.356962 1.572064
      vertex -0.801195 -2.356122 1.572817
    endloop
  endfacet
  facet normal 0.000000 -0.519832 0.854269
    outer loop
      vertex -0.817694 -2.333796 1.586403
      vertex -0.801195 -2.356122 1.572817
      vertex -0.801819 -2.333796 1.586403
    endloop
  endfacet
  facet normal 0.197145 -0.947760 -0.250767
    outer loop
      vertex -0.745355 -2.127839 -0.421303
      vertex -0.804338 -2.179748 -0.271485
      vertex -0.771833 -2.141291 -0.391277
    endloop
  endfacet
  facet normal 0.233975 -0.942929 -0.236940
    outer loop
      vertex -0.699758 -2.095326 -0.505664
      vertex -0.761421 -2.218665 -0.075716
      vertex -0.745355 -2.127839 -0.421303
    endloop
  endfacet
  facet normal 0.184190 -0.929100 -0.320697
    outer loop
      vertex -0.765561 -2.078060 -0.570864
      vertex -0.771833 -2.141291 -0.391277
      vertex -0.797632 -2.099611 -0.526848
    endloop
  endfacet
  facet normal 0.030106 -0.922805 -0.384090
    outer loop
      vertex -0.874147 -2.043478 -0.667707
      vertex -0.797632 -2.099611 -0.526848
      vertex -0.876774 -2.101824 -0.527733
    endloop
  endfacet
  facet normal 0.039390 -0.922569 -0.383818
    outer loop
      vertex -0.874147 -2.043478 -0.667707
      vertex -0.876774 -2.101824 -0.527733
      vertex -0.952276 -2.098310 -0.543930
    endloop
  endfacet
  facet normal 0.128275 -0.957950 -0.256665
    outer loop
      vertex -0.699758 -2.095326 -0.505664
      vertex -0.655112 -2.130403 -0.352433
      vertex -0.721747 -2.192863 -0.152617
    endloop
  endfacet
  facet normal 0.229445 -0.948163 -0.219868
    outer loop
      vertex -0.655112 -2.130403 -0.352433
      vertex -0.687570 -2.227287 0.031496
      vertex -0.721747 -2.192863 -0.152617
    endloop
  endfacet
  facet normal 0.133759 -0.971901 -0.193693
    outer loop
      vertex -0.687570 -2.227287 0.031496
      vertex -0.670924 -2.276769 0.291280
      vertex -0.720668 -2.309287 0.420096
    endloop
  endfacet
  facet normal 0.028596 -0.957795 -0.286027
    outer loop
      vertex -0.952276 -2.098310 -0.543930
      vertex -1.108211 -2.146380 -0.398551
      vertex -1.100214 -2.087079 -0.596327
    endloop
  endfacet
  facet normal -0.010947 -0.953342 -0.301695
    outer loop
      vertex -1.164773 -2.007205 -0.846382
      vertex -1.100214 -2.087079 -0.596327
      vertex -1.261863 -2.142417 -0.415596
    endloop
  endfacet
  facet normal -0.093400 -0.941520 -0.323753
    outer loop
      vertex -1.750580 -2.017953 -0.794786
      vertex -1.741673 -2.087079 -0.596327
      vertex -1.821953 -2.028625 -0.743160
    endloop
  endfacet
  facet normal -0.061206 -0.956176 -0.286323
    outer loop
      vertex -1.677115 -2.007205 -0.846382
      vertex -1.580024 -2.142417 -0.415596
      vertex -1.750580 -2.017953 -0.794786
    endloop
  endfacet
  facet normal 0.049099 -0.956411 -0.287867
    outer loop
      vertex -1.242650 -1.998304 -0.891123
      vertex -1.261863 -2.142417 -0.415596
      vertex -1.327261 -1.993290 -0.922210
    endloop
  endfacet
  facet normal 0.024140 -0.958983 -0.282433
    outer loop
      vertex -1.327261 -1.993290 -0.922210
      vertex -1.340496 -2.141352 -0.420607
      vertex -1.420944 -1.992662 -0.932351
    endloop
  endfacet
  facet normal -0.024096 -0.959102 -0.282033
    outer loop
      vertex -1.420944 -1.992662 -0.932351
      vertex -1.420944 -2.125223 -0.481553
      vertex -1.514626 -1.993290 -0.922210
    endloop
  endfacet
  facet normal -0.083572 -0.939436 -0.332378
    outer loop
      vertex -1.610799 -1.908820 -1.141133
      vertex -1.599237 -1.998304 -0.891123
      vertex -1.677115 -2.007205 -0.846382
    endloop
  endfacet
  facet normal -0.063163 -0.943902 -0.324128
    outer loop
      vertex -1.522651 -1.900803 -1.189981
      vertex -1.514626 -1.993290 -0.922210
      vertex -1.599237 -1.998304 -0.891123
    endloop
  endfacet
  facet normal -0.058212 -0.929723 -0.363629
    outer loop
      vertex -1.741673 -2.087079 -0.596327
      vertex -1.889612 -2.098310 -0.543930
      vertex -1.893561 -2.037624 -0.698459
    endloop
  endfacet
  facet normal -0.034884 -0.930533 -0.364543
    outer loop
      vertex -1.893561 -2.037624 -0.698459
      vertex -1.889612 -2.098310 -0.543930
      vertex -1.965114 -2.101824 -0.527733
    endloop
  endfacet
  facet normal -0.020865 -0.922961 -0.384329
    outer loop
      vertex -1.967740 -2.043478 -0.667707
      vertex -1.965114 -2.101824 -0.527733
      vertex -2.044051 -2.090794 -0.549938
    endloop
  endfacet
  facet normal -0.158709 -0.933009 -0.322964
    outer loop
      vertex -2.044051 -2.090794 -0.549938
      vertex -2.070054 -2.141291 -0.391277
      vertex -2.076327 -2.078060 -0.570864
    endloop
  endfacet
  facet normal -0.106367 -0.939048 -0.326918
    outer loop
      vertex -2.076327 -2.078060 -0.570864
      vertex -2.070054 -2.141291 -0.391277
      vertex -2.096533 -2.127839 -0.421303
    endloop
  endfacet
  facet normal 0.007847 -0.999936 -0.008152
    outer loop
      vertex -2.080373 -2.403102 1.164637
      vertex -2.058119 -2.404734 1.386305
      vertex -2.069474 -2.404751 1.377451
    endloop
  endfacet
  facet normal -0.266045 -0.962250 -0.057406
    outer loop
      vertex -2.080373 -2.403102 1.164637
      vertex -2.102994 -2.383665 0.943669
      vertex -2.070904 -2.396593 1.011647
    endloop
  endfacet
  facet normal -0.245890 -0.963801 -0.103077
    outer loop
      vertex -2.102994 -2.383665 0.943669
      vertex -2.125709 -2.354401 0.724226
      vertex -2.087717 -2.373612 0.813230
    endloop
  endfacet
  facet normal -0.248638 -0.957573 -0.145714
    outer loop
      vertex -2.125709 -2.354401 0.724226
      vertex -2.170963 -2.276769 0.291280
      vertex -2.121219 -2.309287 0.420096
    endloop
  endfacet
  facet normal -0.203428 -0.959320 -0.195761
    outer loop
      vertex -2.170963 -2.276769 0.291280
      vertex -2.215591 -2.180670 -0.133275
      vertex -2.154317 -2.227287 0.031496
    endloop
  endfacet
  facet normal -0.102837 -0.966492 -0.235197
    outer loop
      vertex -2.186776 -2.130403 -0.352433
      vertex -2.154317 -2.227287 0.031496
      vertex -2.215591 -2.180670 -0.133275
    endloop
  endfacet
  facet normal -0.128275 -0.957950 -0.256665
    outer loop
      vertex -2.142129 -2.095326 -0.505664
      vertex -2.120141 -2.192863 -0.152617
      vertex -2.186776 -2.130403 -0.352433
    endloop
  endfacet
  facet normal -0.054803 -0.941281 -0.333145
    outer loop
      vertex -2.104361 -2.064359 -0.599373
      vertex -2.096533 -2.127839 -0.421303
      vertex -2.142129 -2.095326 -0.505664
    endloop
  endfacet
  facet normal 0.423072 0.768474 0.480060
    outer loop
      vertex -2.015482 -2.252359 1.519596
      vertex -2.043305 -2.195664 1.453360
      vertex -2.032737 -2.252456 1.534956
    endloop
  endfacet
  facet normal 0.257048 0.697974 0.668400
    outer loop
      vertex -2.011472 -2.286574 1.562407
      vertex -2.032737 -2.252456 1.534956
      vertex -2.027834 -2.287823 1.570004
    endloop
  endfacet
  facet normal 0.330902 0.517546 0.789082
    outer loop
      vertex -2.043175 -2.289168 1.577319
      vertex -2.025719 -2.309027 1.583024
      vertex -2.027834 -2.287823 1.570004
    endloop
  endfacet
  facet normal 0.145620 0.389285 0.909534
    outer loop
      vertex -2.043175 -2.289168 1.577319
      vertex -2.041250 -2.310374 1.586087
      vertex -2.025719 -2.309027 1.583024
    endloop
  endfacet
  facet normal 0.114908 0.156361 0.980993
    outer loop
      vertex -2.048896 -2.311242 1.587121
      vertex -2.040542 -2.321853 1.587834
      vertex -2.041250 -2.310374 1.586087
    endloop
  endfacet
  facet normal 0.070534 0.086951 0.993712
    outer loop
      vertex -2.052701 -2.311755 1.587436
      vertex -2.048326 -2.322432 1.588060
      vertex -2.048896 -2.311242 1.587121
    endloop
  endfacet
  facet normal -0.467150 -0.140418 0.872957
    outer loop
      vertex -2.052701 -2.311755 1.587436
      vertex -2.048006 -2.333796 1.586403
      vertex -2.048326 -2.322432 1.588060
    endloop
  endfacet
  facet normal 0.000000 -0.404092 0.914719
    outer loop
      vertex -2.051975 -2.333796 1.586403
      vertex -2.048180 -2.346426 1.580823
      vertex -2.048006 -2.333796 1.586403
    endloop
  endfacet
  facet normal -0.029595 -0.637966 0.769496
    outer loop
      vertex -2.058060 -2.346543 1.580346
      vertex -2.048820 -2.356962 1.572064
      vertex -2.048180 -2.346426 1.580823
    endloop
  endfacet
  facet normal 0.079027 -0.836636 0.542029
    outer loop
      vertex -2.051095 -2.372833 1.547897
      vertex -2.048820 -2.356962 1.572064
      vertex -2.057025 -2.357561 1.572335
    endloop
  endfacet
  facet normal 0.124397 -0.947774 0.293684
    outer loop
      vertex -2.056969 -2.391043 1.491620
      vertex -2.051095 -2.372833 1.547897
      vertex -2.060249 -2.375358 1.543628
    endloop
  endfacet
  facet normal 0.122188 -0.986925 0.105118
    outer loop
      vertex -2.069474 -2.404751 1.377451
      vertex -2.056969 -2.391043 1.491620
      vertex -2.067048 -2.392663 1.488122
    endloop
  endfacet
  facet normal 0.044241 0.905269 0.422529
    outer loop
      vertex -0.982627 -2.208702 1.450686
      vertex -0.972848 -2.127519 1.275728
      vertex -1.111961 -2.120368 1.274973
    endloop
  endfacet
  facet normal -0.194465 0.866699 0.459365
    outer loop
      vertex -0.836342 -2.251630 1.513346
      vertex -0.830270 -2.197940 1.414617
      vertex -0.844659 -2.188771 1.391228
    endloop
  endfacet
  facet normal -0.306986 0.757267 0.576460
    outer loop
      vertex -0.830416 -2.286574 1.562407
      vertex -0.826405 -2.252359 1.519596
      vertex -0.836342 -2.251630 1.513346
    endloop
  endfacet
  facet normal 0.083760 0.915834 0.392725
    outer loop
      vertex -0.844659 -2.188771 1.391228
      vertex -0.841666 -2.136697 1.269153
      vertex -0.972848 -2.127519 1.275728
    endloop
  endfacet
  facet normal -0.040652 0.309304 0.950094
    outer loop
      vertex -0.816168 -2.309027 1.583024
      vertex -0.817035 -2.320904 1.586853
      vertex -0.801346 -2.321853 1.587834
    endloop
  endfacet
  facet normal -0.327384 0.517937 0.790291
    outer loop
      vertex -0.830416 -2.286574 1.562407
      vertex -0.816168 -2.309027 1.583024
      vertex -0.814053 -2.287823 1.570004
    endloop
  endfacet
  facet normal -0.068933 -0.115979 0.990857
    outer loop
      vertex -0.817035 -2.320904 1.586853
      vertex -0.801819 -2.333796 1.586403
      vertex -0.801346 -2.321853 1.587834
    endloop
  endfacet
  facet normal -0.017772 0.920200 0.391046
    outer loop
      vertex -2.011617 -2.197940 1.414617
      vertex -1.998726 -2.161810 1.330185
      vertex -2.023555 -2.113709 1.215866
    endloop
  endfacet
  facet normal -0.083553 0.920843 0.380876
    outer loop
      vertex -1.869040 -2.127519 1.275728
      vertex -2.000222 -2.136702 1.269151
      vertex -1.998726 -2.161810 1.330185
    endloop
  endfacet
  facet normal -0.046413 0.938925 0.340977
    outer loop
      vertex -1.729927 -2.120368 1.274973
      vertex -1.884791 -1.996295 0.912243
      vertex -1.869040 -2.127519 1.275728
    endloop
  endfacet
  facet normal -0.032599 0.939696 0.340453
    outer loop
      vertex -1.650289 -2.116814 1.272789
      vertex -1.663268 -1.979569 0.892730
      vertex -1.729927 -2.120368 1.274973
    endloop
  endfacet
  facet normal -0.117021 0.932807 0.340848
    outer loop
      vertex -1.568730 -2.106563 1.272736
      vertex -1.663268 -1.979569 0.892730
      vertex -1.650289 -2.116814 1.272789
    endloop
  endfacet
  facet normal -0.264592 0.864692 0.426964
    outer loop
      vertex -1.565784 -2.195989 1.455666
      vertex -1.493575 -2.085996 1.277658
      vertex -1.568730 -2.106563 1.272736
    endloop
  endfacet
  facet normal -0.179088 0.864788 0.469115
    outer loop
      vertex -1.492635 -2.184520 1.459640
      vertex -1.420944 -2.123583 1.374675
      vertex -1.493575 -2.085996 1.277658
    endloop
  endfacet
  facet normal -0.102870 0.847374 0.520936
    outer loop
      vertex -1.420944 -2.178077 1.463316
      vertex -1.420944 -2.123583 1.374675
      vertex -1.492635 -2.184520 1.459640
    endloop
  endfacet
  facet normal 0.102900 0.874502 0.473981
    outer loop
      vertex -1.349253 -2.184520 1.459640
      vertex -1.348313 -2.085996 1.277658
      vertex -1.420944 -2.178077 1.463316
    endloop
  endfacet
  facet normal 0.262234 0.848050 0.460483
    outer loop
      vertex -1.349253 -2.184520 1.459640
      vertex -1.273158 -2.106563 1.272736
      vertex -1.348313 -2.085996 1.277658
    endloop
  endfacet
  facet normal 0.111836 0.892051 0.437879
    outer loop
      vertex -1.276103 -2.195989 1.455666
      vertex -1.191598 -2.116814 1.272789
      vertex -1.273158 -2.106563 1.272736
    endloop
  endfacet
  facet normal 0.032567 0.939429 0.341193
    outer loop
      vertex -1.111961 -2.120368 1.274973
      vertex -1.093553 -1.985331 0.901408
      vertex -1.191598 -2.116814 1.272789
    endloop
  endfacet
  facet normal 0.320256 0.875538 0.361760
    outer loop
      vertex -2.011617 -2.197940 1.414617
      vertex -2.040492 -2.112641 1.233737
      vertex -2.023896 -2.198032 1.425712
    endloop
  endfacet
  facet normal 0.557895 0.763074 0.326300
    outer loop
      vertex -2.064541 -2.105674 1.279219
      vertex -2.043305 -2.195664 1.453360
      vertex -2.023896 -2.198032 1.425712
    endloop
  endfacet
  facet normal 0.248638 -0.957573 -0.145714
    outer loop
      vertex -0.670924 -2.276769 0.291280
      vertex -0.716179 -2.354401 0.724226
      vertex -0.720668 -2.309287 0.420096
    endloop
  endfacet
  facet normal 0.029957 -0.983402 -0.178948
    outer loop
      vertex -0.639490 -2.264430 0.242635
      vertex -0.692737 -2.347536 0.690428
      vertex -0.716179 -2.354401 0.724226
    endloop
  endfacet
  facet normal -0.028106 -0.989519 -0.141643
    outer loop
      vertex -0.692737 -2.347536 0.690428
      vertex -0.675594 -2.356540 0.749925
      vertex -0.719485 -2.379324 0.917802
    endloop
  endfacet
  facet normal -0.046697 -0.993913 -0.099783
    outer loop
      vertex -0.719485 -2.379324 0.917802
      vertex -0.728319 -2.400800 1.135851
      vertex -0.746147 -2.401085 1.147037
    endloop
  endfacet
  facet normal 0.006488 -0.999864 -0.015169
    outer loop
      vertex -0.728319 -2.400800 1.135851
      vertex -0.772414 -2.404751 1.377451
      vertex -0.746147 -2.401085 1.147037
    endloop
  endfacet
  facet normal -0.023443 -0.992896 0.116650
    outer loop
      vertex -0.759829 -2.405705 1.371859
      vertex -0.784919 -2.391043 1.491620
      vertex -0.772414 -2.404751 1.377451
    endloop
  endfacet
  facet normal -0.100698 -0.949629 0.296757
    outer loop
      vertex -0.775636 -2.391125 1.494507
      vertex -0.790792 -2.372833 1.547897
      vertex -0.784919 -2.391043 1.491620
    endloop
  endfacet
  facet normal -0.175249 -0.830406 0.528880
    outer loop
      vertex -0.782990 -2.369846 1.555173
      vertex -0.793067 -2.356962 1.572064
      vertex -0.790792 -2.372833 1.547897
    endloop
  endfacet
  facet normal 0.005258 -0.639113 0.769095
    outer loop
      vertex -0.793708 -2.346426 1.580823
      vertex -0.801195 -2.356122 1.572817
      vertex -0.793067 -2.356962 1.572064
    endloop
  endfacet
  facet normal -0.225202 -0.511063 0.829517
    outer loop
      vertex -0.801819 -2.333796 1.586403
      vertex -0.801195 -2.356122 1.572817
      vertex -0.793708 -2.346426 1.580823
    endloop
  endfacet
  facet normal 0.102519 -0.938391 -0.330018
    outer loop
      vertex -0.737527 -2.064359 -0.599373
      vertex -0.745355 -2.127839 -0.421303
      vertex -0.771833 -2.141291 -0.391277
    endloop
  endfacet
  facet normal 0.042300 -0.939725 -0.339304
    outer loop
      vertex -0.689414 -2.030811 -0.683055
      vertex -0.699758 -2.095326 -0.505664
      vertex -0.745355 -2.127839 -0.421303
    endloop
  endfacet
  facet normal 0.126930 -0.936992 -0.325476
    outer loop
      vertex -0.737527 -2.064359 -0.599373
      vertex -0.771833 -2.141291 -0.391277
      vertex -0.765561 -2.078060 -0.570864
    endloop
  endfacet
  facet normal 0.019704 -0.903546 -0.428037
    outer loop
      vertex -0.759320 -1.991618 -0.753047
      vertex -0.765561 -2.078060 -0.570864
      vertex -0.797632 -2.099611 -0.526848
    endloop
  endfacet
  facet normal 0.061168 -0.915348 -0.397992
    outer loop
      vertex -0.835378 -2.044416 -0.659591
      vertex -0.797632 -2.099611 -0.526848
      vertex -0.874147 -2.043478 -0.667707
    endloop
  endfacet
  facet normal 0.077077 -0.928696 -0.362744
    outer loop
      vertex -0.874147 -2.043478 -0.667707
      vertex -0.952276 -2.098310 -0.543930
      vertex -0.948326 -2.037624 -0.698459
    endloop
  endfacet
  facet normal 0.178151 -0.946632 -0.268607
    outer loop
      vertex -0.660580 -2.057621 -0.612561
      vertex -0.655112 -2.130403 -0.352433
      vertex -0.699758 -2.095326 -0.505664
    endloop
  endfacet
  facet normal 0.102837 -0.966492 -0.235197
    outer loop
      vertex -0.655112 -2.130403 -0.352433
      vertex -0.626297 -2.180670 -0.133275
      vertex -0.687570 -2.227287 0.031496
    endloop
  endfacet
  facet normal 0.203428 -0.959320 -0.195761
    outer loop
      vertex -0.626297 -2.180670 -0.133275
      vertex -0.670924 -2.276769 0.291280
      vertex -0.687570 -2.227287 0.031496
    endloop
  endfacet
  facet normal 0.051100 -0.937158 -0.345144
    outer loop
      vertex -1.019934 -2.028625 -0.743160
      vertex -0.952276 -2.098310 -0.543930
      vertex -1.100214 -2.087079 -0.596327
    endloop
  endfacet
  facet normal 0.055886 -0.956145 -0.287512
    outer loop
      vertex -1.164773 -2.007205 -0.846382
      vertex -1.261863 -2.142417 -0.415596
      vertex -1.242650 -1.998304 -0.891123
    endloop
  endfacet
  facet normal 0.089778 -0.941785 -0.324008
    outer loop
      vertex -1.091307 -2.017953 -0.794786
      vertex -1.100214 -2.087079 -0.596327
      vertex -1.164773 -2.007205 -0.846382
    endloop
  endfacet
  facet normal -0.086176 -0.940925 -0.327466
    outer loop
      vertex -1.821953 -2.028625 -0.743160
      vertex -1.741673 -2.087079 -0.596327
      vertex -1.893561 -2.037624 -0.698459
    endloop
  endfacet
  facet normal -0.123414 -0.924110 -0.361648
    outer loop
      vertex -1.760392 -1.939204 -0.992662
      vertex -1.750580 -2.017953 -0.794786
      vertex -1.821953 -2.028625 -0.743160
    endloop
  endfacet
  facet normal -0.105241 -0.932983 -0.344191
    outer loop
      vertex -1.688892 -1.922644 -1.071997
      vertex -1.677115 -2.007205 -0.846382
      vertex -1.750580 -2.017953 -0.794786
    endloop
  endfacet
  facet normal 0.066812 -0.940383 -0.333492
    outer loop
      vertex -1.231088 -1.908820 -1.141133
      vertex -1.242650 -1.998304 -0.891123
      vertex -1.327261 -1.993290 -0.922210
    endloop
  endfacet
  facet normal 0.027296 -0.950010 -0.311024
    outer loop
      vertex -1.420944 -1.956808 -1.041866
      vertex -1.327261 -1.993290 -0.922210
      vertex -1.420944 -1.992662 -0.932351
    endloop
  endfacet
  facet normal -0.027296 -0.950010 -0.311024
    outer loop
      vertex -1.420944 -1.956808 -1.041866
      vertex -1.420944 -1.992662 -0.932351
      vertex -1.514626 -1.993290 -0.922210
    endloop
  endfacet
  facet normal -0.137575 -0.929825 -0.341320
    outer loop
      vertex -1.610799 -1.908820 -1.141133
      vertex -1.677115 -2.007205 -0.846382
      vertex -1.688892 -1.922644 -1.071997
    endloop
  endfacet
  facet normal -0.098261 -0.938387 -0.331323
    outer loop
      vertex -1.522651 -1.900803 -1.189981
      vertex -1.599237 -1.998304 -0.891123
      vertex -1.610799 -1.908820 -1.141133
    endloop
  endfacet
  facet normal -0.062120 -0.943955 -0.324177
    outer loop
      vertex -1.473715 -1.899398 -1.203451
      vertex -1.514626 -1.993290 -0.922210
      vertex -1.522651 -1.900803 -1.189981
    endloop
  endfacet
  facet normal -0.085714 -0.920196 -0.381959
    outer loop
      vertex -1.893561 -2.037624 -0.698459
      vertex -1.965114 -2.101824 -0.527733
      vertex -1.967740 -2.043478 -0.667707
    endloop
  endfacet
  facet normal -0.063158 -0.911233 -0.407021
    outer loop
      vertex -1.967740 -2.043478 -0.667707
      vertex -2.044051 -2.090794 -0.549938
      vertex -2.006510 -2.044416 -0.659591
    endloop
  endfacet
  facet normal -0.079234 -0.901169 -0.426166
    outer loop
      vertex -2.048857 -2.000859 -0.739219
      vertex -2.044051 -2.090794 -0.549938
      vertex -2.076327 -2.078060 -0.570864
    endloop
  endfacet
  facet normal -0.123692 -0.936411 -0.328381
    outer loop
      vertex -2.104361 -2.064359 -0.599373
      vertex -2.076327 -2.078060 -0.570864
      vertex -2.096533 -2.127839 -0.421303
    endloop
  endfacet
  facet normal -0.128905 -0.991656 -0.001084
    outer loop
      vertex -2.069474 -2.404751 1.377451
      vertex -2.095740 -2.401085 1.147037
      vertex -2.080373 -2.403102 1.164637
    endloop
  endfacet
  facet normal -0.034406 -0.995865 -0.084077
    outer loop
      vertex -2.102994 -2.383665 0.943669
      vertex -2.080373 -2.403102 1.164637
      vertex -2.095740 -2.401085 1.147037
    endloop
  endfacet
  facet normal -0.052786 -0.990544 -0.126632
    outer loop
      vertex -2.125709 -2.354401 0.724226
      vertex -2.102994 -2.383665 0.943669
      vertex -2.122402 -2.379324 0.917802
    endloop
  endfacet
  facet normal -0.039743 -0.984237 -0.172330
    outer loop
      vertex -2.170963 -2.276769 0.291280
      vertex -2.125709 -2.354401 0.724226
      vertex -2.149151 -2.347536 0.690428
    endloop
  endfacet
  facet normal -0.049196 -0.975247 -0.215578
    outer loop
      vertex -2.215591 -2.180670 -0.133275
      vertex -2.170963 -2.276769 0.291280
      vertex -2.202397 -2.264430 0.242635
    endloop
  endfacet
  facet normal -0.167909 -0.955813 -0.241303
    outer loop
      vertex -2.220561 -2.098382 -0.455764
      vertex -2.186776 -2.130403 -0.352433
      vertex -2.215591 -2.180670 -0.133275
    endloop
  endfacet
  facet normal -0.178152 -0.946632 -0.268607
    outer loop
      vertex -2.181307 -2.057621 -0.612561
      vertex -2.142129 -2.095326 -0.505664
      vertex -2.186776 -2.130403 -0.352433
    endloop
  endfacet
  facet normal -0.067625 -0.938886 -0.337521
    outer loop
      vertex -2.152473 -2.030811 -0.683055
      vertex -2.104361 -2.064359 -0.599373
      vertex -2.142129 -2.095326 -0.505664
    endloop
  endfacet
  facet normal 0.686347 0.635596 0.353476
    outer loop
      vertex -2.058851 -2.193667 1.479954
      vertex -2.032737 -2.252456 1.534956
      vertex -2.043305 -2.195664 1.453360
    endloop
  endfacet
  facet normal 0.534229 0.631229 0.562272
    outer loop
      vertex -2.027834 -2.287823 1.570004
      vertex -2.032737 -2.252456 1.534956
      vertex -2.047985 -2.252743 1.549767
    endloop
  endfacet
  facet normal 0.300761 0.600277 0.741087
    outer loop
      vertex -2.047985 -2.252743 1.549767
      vertex -2.043175 -2.289168 1.577319
      vertex -2.027834 -2.287823 1.570004
    endloop
  endfacet
  facet normal 0.267058 0.388826 0.881756
    outer loop
      vertex -2.050615 -2.290197 1.580026
      vertex -2.041250 -2.310374 1.586087
      vertex -2.043175 -2.289168 1.577319
    endloop
  endfacet
  facet normal 0.090435 0.324779 0.941456
    outer loop
      vertex -2.050615 -2.290197 1.580026
      vertex -2.048896 -2.311242 1.587121
      vertex -2.041250 -2.310374 1.586087
    endloop
  endfacet
  facet normal 0.038922 0.297034 0.954073
    outer loop
      vertex -2.054300 -2.290855 1.580994
      vertex -2.052701 -2.311755 1.587436
      vertex -2.048896 -2.311242 1.587121
    endloop
  endfacet
  facet normal 0.000000 -0.046821 0.998903
    outer loop
      vertex -2.052701 -2.311755 1.587436
      vertex -2.051975 -2.333796 1.586403
      vertex -2.048006 -2.333796 1.586403
    endloop
  endfacet
  facet normal -0.039020 -0.413571 0.909635
    outer loop
      vertex -2.051975 -2.333796 1.586403
      vertex -2.058060 -2.346543 1.580346
      vertex -2.048180 -2.346426 1.580823
    endloop
  endfacet
  facet normal 0.069343 -0.582383 0.809952
    outer loop
      vertex -2.058060 -2.346543 1.580346
      vertex -2.057025 -2.357561 1.572335
      vertex -2.048820 -2.356962 1.572064
    endloop
  endfacet
  facet normal -0.011964 -0.849260 0.527840
    outer loop
      vertex -2.051095 -2.372833 1.547897
      vertex -2.057025 -2.357561 1.572335
      vertex -2.060249 -2.375358 1.543628
    endloop
  endfacet
  facet normal 0.052433 -0.955171 0.291376
    outer loop
      vertex -2.056969 -2.391043 1.491620
      vertex -2.060249 -2.375358 1.543628
      vertex -2.067048 -2.392663 1.488122
    endloop
  endfacet
  facet normal -0.022196 -0.993790 0.109032
    outer loop
      vertex -2.083322 -2.406110 1.362243
      vertex -2.069474 -2.404751 1.377451
      vertex -2.067048 -2.392663 1.488122
    endloop
  endfacet
  facet normal 0.046398 0.938696 0.341609
    outer loop
      vertex -0.972848 -2.127519 1.275728
      vertex -1.093553 -1.985331 0.901408
      vertex -1.111961 -2.120368 1.274973
    endloop
  endfacet
  facet normal -0.049691 0.919112 0.390851
    outer loop
      vertex -0.830270 -2.197940 1.414617
      vertex -0.841666 -2.136697 1.269153
      vertex -0.844659 -2.188771 1.391228
    endloop
  endfacet
  facet normal -0.222976 0.862073 0.455096
    outer loop
      vertex -0.826405 -2.252359 1.519596
      vertex -0.830270 -2.197940 1.414617
      vertex -0.836342 -2.251630 1.513346
    endloop
  endfacet
  facet normal -0.218109 0.772224 0.596740
    outer loop
      vertex -0.814053 -2.287823 1.570004
      vertex -0.826405 -2.252359 1.519596
      vertex -0.830416 -2.286574 1.562407
    endloop
  endfacet
  facet normal 0.083110 0.928357 0.362280
    outer loop
      vertex -0.841666 -2.136697 1.269153
      vertex -0.840074 -2.111504 1.204228
      vertex -0.972848 -2.127519 1.275728
    endloop
  endfacet
  facet normal -0.177771 0.158751 0.971183
    outer loop
      vertex -0.800637 -2.310374 1.586087
      vertex -0.816168 -2.309027 1.583024
      vertex -0.801346 -2.321853 1.587834
    endloop
  endfacet
  facet normal -0.119987 0.528160 0.840625
    outer loop
      vertex -0.814053 -2.287823 1.570004
      vertex -0.816168 -2.309027 1.583024
      vertex -0.800637 -2.310374 1.586087
    endloop
  endfacet
  facet normal 0.000000 -0.118951 0.992900
    outer loop
      vertex -0.801346 -2.321853 1.587834
      vertex -0.801819 -2.333796 1.586403
      vertex -0.793881 -2.333796 1.586403
    endloop
  endfacet
  facet normal 0.407564 0.849327 0.335462
    outer loop
      vertex -2.023555 -2.113709 1.215866
      vertex -2.040492 -2.112641 1.233737
      vertex -2.011617 -2.197940 1.414617
    endloop
  endfacet
  facet normal 0.044950 0.924252 0.379128
    outer loop
      vertex -1.998726 -2.161810 1.330185
      vertex -2.000222 -2.136702 1.269151
      vertex -2.023555 -2.113709 1.215866
    endloop
  endfacet
  facet normal -0.083150 0.928295 0.362430
    outer loop
      vertex -1.869040 -2.127519 1.275728
      vertex -2.001814 -2.111498 1.204231
      vertex -2.000222 -2.136702 1.269151
    endloop
  endfacet
  facet normal -0.087497 0.935759 0.341614
    outer loop
      vertex -1.869040 -2.127519 1.275728
      vertex -1.884791 -1.996295 0.912243
      vertex -2.007163 -2.034681 0.986047
    endloop
  endfacet
  facet normal -0.048290 0.938582 0.341661
    outer loop
      vertex -1.729927 -2.120368 1.274973
      vertex -1.748335 -1.985331 0.901408
      vertex -1.884791 -1.996295 0.912243
    endloop
  endfacet
  facet normal -0.028852 0.939595 0.341069
    outer loop
      vertex -1.729927 -2.120368 1.274973
      vertex -1.663268 -1.979569 0.892730
      vertex -1.748335 -1.985331 0.901408
    endloop
  endfacet
  facet normal -0.243504 0.900064 0.361373
    outer loop
      vertex -1.568730 -2.106563 1.272736
      vertex -1.571901 -2.030882 1.082101
      vertex -1.663268 -1.979569 0.892730
    endloop
  endfacet
  facet normal -0.268144 0.893861 0.359320
    outer loop
      vertex -1.493575 -2.085996 1.277658
      vertex -1.571901 -2.030882 1.082101
      vertex -1.568730 -2.106563 1.272736
    endloop
  endfacet
  facet normal -0.060703 0.914597 0.399785
    outer loop
      vertex -1.420944 -2.123583 1.374675
      vertex -1.494879 -2.002903 1.087365
      vertex -1.493575 -2.085996 1.277658
    endloop
  endfacet
  facet normal 0.250447 0.824744 0.507024
    outer loop
      vertex -1.420944 -2.178077 1.463316
      vertex -1.348313 -2.085996 1.277658
      vertex -1.420944 -2.123583 1.374675
    endloop
  endfacet
  facet normal 0.266869 0.882531 0.387195
    outer loop
      vertex -1.273158 -2.106563 1.272736
      vertex -1.347009 -2.002903 1.087365
      vertex -1.348313 -2.085996 1.277658
    endloop
  endfacet
  facet normal 0.115712 0.922532 0.368166
    outer loop
      vertex -1.191598 -2.116814 1.272789
      vertex -1.269986 -2.030882 1.082101
      vertex -1.273158 -2.106563 1.272736
    endloop
  endfacet
  facet normal 0.028939 0.939842 0.340381
    outer loop
      vertex -1.191598 -2.116814 1.272789
      vertex -1.093553 -1.985331 0.901408
      vertex -1.178619 -1.979569 0.892730
    endloop
  endfacet
  facet normal 0.674779 0.694221 0.250461
    outer loop
      vertex -2.040492 -2.112641 1.233737
      vertex -2.064541 -2.105674 1.279219
      vertex -2.023896 -2.198032 1.425712
    endloop
  endfacet
  facet normal 0.772999 0.597114 0.214307
    outer loop
      vertex -2.043305 -2.195664 1.453360
      vertex -2.064541 -2.105674 1.279219
      vertex -2.081456 -2.099413 1.322788
    endloop
  endfacet
  facet normal 0.134182 -0.977742 -0.161294
    outer loop
      vertex -0.639490 -2.264430 0.242635
      vertex -0.716179 -2.354401 0.724226
      vertex -0.670924 -2.276769 0.291280
    endloop
  endfacet
  facet normal 0.040796 -0.983251 -0.177631
    outer loop
      vertex -0.604241 -2.261829 0.236331
      vertex -0.692737 -2.347536 0.690428
      vertex -0.639490 -2.264430 0.242635
    endloop
  endfacet
  facet normal 0.015272 -0.987967 -0.153906
    outer loop
      vertex -0.662188 -2.341205 0.652816
      vertex -0.675594 -2.356540 0.749925
      vertex -0.692737 -2.347536 0.690428
    endloop
  endfacet
  facet normal 0.165481 -0.982096 -0.090023
    outer loop
      vertex -0.675594 -2.356540 0.749925
      vertex -0.728319 -2.400800 1.135851
      vertex -0.719485 -2.379324 0.917802
    endloop
  endfacet
  facet normal -0.090004 -0.995404 -0.032707
    outer loop
      vertex -0.728319 -2.400800 1.135851
      vertex -0.759829 -2.405705 1.371859
      vertex -0.772414 -2.404751 1.377451
    endloop
  endfacet
  facet normal -0.043742 -0.992703 0.112374
    outer loop
      vertex -0.759829 -2.405705 1.371859
      vertex -0.775636 -2.391125 1.494507
      vertex -0.784919 -2.391043 1.491620
    endloop
  endfacet
  facet normal 0.047154 -0.940788 0.335699
    outer loop
      vertex -0.775636 -2.391125 1.494507
      vertex -0.782990 -2.369846 1.555173
      vertex -0.790792 -2.372833 1.547897
    endloop
  endfacet
  facet normal -0.128007 -0.823894 0.552099
    outer loop
      vertex -0.782990 -2.369846 1.555173
      vertex -0.784559 -2.360050 1.569428
      vertex -0.793067 -2.356962 1.572064
    endloop
  endfacet
  facet normal -0.094562 -0.639842 0.762666
    outer loop
      vertex -0.793708 -2.346426 1.580823
      vertex -0.793067 -2.356962 1.572064
      vertex -0.785438 -2.350506 1.578426
    endloop
  endfacet
  facet normal 0.078638 -0.940109 -0.331680
    outer loop
      vertex -0.689414 -2.030811 -0.683055
      vertex -0.745355 -2.127839 -0.421303
      vertex -0.737527 -2.064359 -0.599373
    endloop
  endfacet
  facet normal -0.033402 -0.938625 -0.343318
    outer loop
      vertex -0.689414 -2.030811 -0.683055
      vertex -0.660580 -2.057621 -0.612561
      vertex -0.699758 -2.095326 -0.505664
    endloop
  endfacet
  facet normal 0.004773 -0.903135 -0.429329
    outer loop
      vertex -0.729861 -1.979054 -0.778735
      vertex -0.737527 -2.064359 -0.599373
      vertex -0.765561 -2.078060 -0.570864
    endloop
  endfacet
  facet normal 0.011871 -0.903554 -0.428309
    outer loop
      vertex -0.729861 -1.979054 -0.778735
      vertex -0.765561 -2.078060 -0.570864
      vertex -0.759320 -1.991618 -0.753047
    endloop
  endfacet
  facet normal 0.116648 -0.903805 -0.411741
    outer loop
      vertex -0.759320 -1.991618 -0.753047
      vertex -0.797632 -2.099611 -0.526848
      vertex -0.792606 -2.005564 -0.731865
    endloop
  endfacet
  facet normal 0.074989 -0.884512 -0.460452
    outer loop
      vertex -0.833053 -1.980270 -0.782436
      vertex -0.835378 -2.044416 -0.659591
      vertex -0.874147 -2.043478 -0.667707
    endloop
  endfacet
  facet normal 0.125501 -0.902905 -0.411111
    outer loop
      vertex -0.792606 -2.005564 -0.731865
      vertex -0.797632 -2.099611 -0.526848
      vertex -0.835378 -2.044416 -0.659591
    endloop
  endfacet
  facet normal 0.115250 -0.887124 -0.446910
    outer loop
      vertex -0.871842 -1.978645 -0.795809
      vertex -0.874147 -2.043478 -0.667707
      vertex -0.948326 -2.037624 -0.698459
    endloop
  endfacet
  facet normal 0.108928 -0.926202 -0.360950
    outer loop
      vertex -0.948326 -2.037624 -0.698459
      vertex -0.952276 -2.098310 -0.543930
      vertex -1.019934 -2.028625 -0.743160
    endloop
  endfacet
  facet normal 0.174886 -0.947214 -0.268701
    outer loop
      vertex -0.623745 -2.017466 -0.730138
      vertex -0.655112 -2.130403 -0.352433
      vertex -0.660580 -2.057621 -0.612561
    endloop
  endfacet
  facet normal 0.167909 -0.955813 -0.241303
    outer loop
      vertex -0.621326 -2.098382 -0.455764
      vertex -0.626297 -2.180670 -0.133275
      vertex -0.655112 -2.130403 -0.352433
    endloop
  endfacet
  facet normal 0.127692 -0.970148 -0.206173
    outer loop
      vertex -0.587022 -2.162412 -0.194860
      vertex -0.670924 -2.276769 0.291280
      vertex -0.626297 -2.180670 -0.133275
    endloop
  endfacet
  facet normal 0.093400 -0.941520 -0.323753
    outer loop
      vertex -1.019934 -2.028625 -0.743160
      vertex -1.100214 -2.087079 -0.596327
      vertex -1.091307 -2.017953 -0.794786
    endloop
  endfacet
  facet normal 0.091609 -0.934015 -0.345289
    outer loop
      vertex -1.152996 -1.922644 -1.071997
      vertex -1.164773 -2.007205 -0.846382
      vertex -1.242650 -1.998304 -0.891123
    endloop
  endfacet
  facet normal 0.119009 -0.924536 -0.362036
    outer loop
      vertex -1.081495 -1.939204 -0.992662
      vertex -1.091307 -2.017953 -0.794786
      vertex -1.164773 -2.007205 -0.846382
    endloop
  endfacet
  facet normal -0.126567 -0.913501 -0.386649
    outer loop
      vertex -1.828766 -1.955674 -0.913285
      vertex -1.821953 -2.028625 -0.743160
      vertex -1.893561 -2.037624 -0.698459
    endloop
  endfacet
  facet normal -0.220862 -0.899542 -0.376887
    outer loop
      vertex -1.760392 -1.939204 -0.992662
      vertex -1.821953 -2.028625 -0.743160
      vertex -1.828766 -1.955674 -0.913285
    endloop
  endfacet
  facet normal -0.182423 -0.916609 -0.355737
    outer loop
      vertex -1.688892 -1.922644 -1.071997
      vertex -1.750580 -2.017953 -0.794786
      vertex -1.760392 -1.939204 -0.992662
    endloop
  endfacet
  facet normal 0.093080 -0.941961 -0.322561
    outer loop
      vertex -1.231088 -1.908820 -1.141133
      vertex -1.327261 -1.993290 -0.922210
      vertex -1.319237 -1.900803 -1.189981
    endloop
  endfacet
  facet normal 0.125732 -0.935869 -0.329151
    outer loop
      vertex -1.152996 -1.922644 -1.071997
      vertex -1.242650 -1.998304 -0.891123
      vertex -1.231088 -1.908820 -1.141133
    endloop
  endfacet
  facet normal 0.047062 -0.944594 -0.324849
    outer loop
      vertex -1.319237 -1.900803 -1.189981
      vertex -1.327261 -1.993290 -0.922210
      vertex -1.420944 -1.956808 -1.041866
    endloop
  endfacet
  facet normal -0.042960 -0.945766 -0.321995
    outer loop
      vertex -1.473715 -1.899398 -1.203451
      vertex -1.420944 -1.956808 -1.041866
      vertex -1.514626 -1.993290 -0.922210
    endloop
  endfacet
  facet normal -0.164987 -0.914574 -0.369233
    outer loop
      vertex -1.623661 -1.803946 -1.395155
      vertex -1.610799 -1.908820 -1.141133
      vertex -1.688892 -1.922644 -1.071997
    endloop
  endfacet
  facet normal -0.123278 -0.919459 -0.373361
    outer loop
      vertex -1.623661 -1.803946 -1.395155
      vertex -1.522651 -1.900803 -1.189981
      vertex -1.610799 -1.908820 -1.141133
    endloop
  endfacet
  facet normal -0.073920 -0.927921 -0.365374
    outer loop
      vertex -1.531612 -1.792068 -1.464316
      vertex -1.473715 -1.899398 -1.203451
      vertex -1.522651 -1.900803 -1.189981
    endloop
  endfacet
  facet normal -0.102209 -0.902502 -0.418382
    outer loop
      vertex -1.897488 -1.969615 -0.844202
      vertex -1.893561 -2.037624 -0.698459
      vertex -1.967740 -2.043478 -0.667707
    endloop
  endfacet
  facet normal -0.237041 -0.862996 -0.446150
    outer loop
      vertex -2.008834 -1.980270 -0.782436
      vertex -2.006510 -2.044416 -0.659591
      vertex -2.044051 -2.090794 -0.549938
    endloop
  endfacet
  facet normal -0.072521 -0.890411 -0.449342
    outer loop
      vertex -1.970046 -1.978645 -0.795809
      vertex -1.967740 -2.043478 -0.667707
      vertex -2.006510 -2.044416 -0.659591
    endloop
  endfacet
  facet normal 0.001217 -0.903217 -0.429182
    outer loop
      vertex -2.008834 -1.980270 -0.782436
      vertex -2.044051 -2.090794 -0.549938
      vertex -2.048857 -2.000859 -0.739219
    endloop
  endfacet
  facet normal -0.072741 -0.902030 -0.425501
    outer loop
      vertex -2.048857 -2.000859 -0.739219
      vertex -2.076327 -2.078060 -0.570864
      vertex -2.082567 -1.991618 -0.753047
    endloop
  endfacet
  facet normal -0.005803 -0.903522 -0.428502
    outer loop
      vertex -2.082567 -1.991618 -0.753047
      vertex -2.076327 -2.078060 -0.570864
      vertex -2.104361 -2.064359 -0.599373
    endloop
  endfacet
  facet normal 0.130967 -0.990911 -0.030696
    outer loop
      vertex -2.095740 -2.401085 1.147037
      vertex -2.069474 -2.404751 1.377451
      vertex -2.083322 -2.406110 1.362243
    endloop
  endfacet
  facet normal -0.113852 -0.990210 -0.080758
    outer loop
      vertex -2.095740 -2.401085 1.147037
      vertex -2.122402 -2.379324 0.917802
      vertex -2.102994 -2.383665 0.943669
    endloop
  endfacet
  facet normal -0.108382 -0.986204 -0.125123
    outer loop
      vertex -2.149151 -2.347536 0.690428
      vertex -2.125709 -2.354401 0.724226
      vertex -2.122402 -2.379324 0.917802
    endloop
  endfacet
  facet normal -0.126221 -0.977932 -0.166486
    outer loop
      vertex -2.202397 -2.264430 0.242635
      vertex -2.170963 -2.276769 0.291280
      vertex -2.149151 -2.347536 0.690428
    endloop
  endfacet
  facet normal -0.118530 -0.970057 -0.211988
    outer loop
      vertex -2.254865 -2.162412 -0.194860
      vertex -2.215591 -2.180670 -0.133275
      vertex -2.202397 -2.264430 0.242635
    endloop
  endfacet
  facet normal -0.150428 -0.958480 -0.242253
    outer loop
      vertex -2.259208 -2.068923 -0.548319
      vertex -2.220561 -2.098382 -0.455764
      vertex -2.215591 -2.180670 -0.133275
    endloop
  endfacet
  facet normal -0.042774 -0.958180 -0.282952
    outer loop
      vertex -2.218143 -2.017466 -0.730138
      vertex -2.186776 -2.130403 -0.352433
      vertex -2.220561 -2.098382 -0.455764
    endloop
  endfacet
  facet normal 0.033402 -0.938625 -0.343318
    outer loop
      vertex -2.152473 -2.030811 -0.683055
      vertex -2.142129 -2.095326 -0.505664
      vertex -2.181307 -2.057621 -0.612561
    endloop
  endfacet
  facet normal -0.174885 -0.947214 -0.268701
    outer loop
      vertex -2.218143 -2.017466 -0.730138
      vertex -2.181307 -2.057621 -0.612561
      vertex -2.186776 -2.130403 -0.352433
    endloop
  endfacet
  facet normal 0.125456 -0.893841 -0.430475
    outer loop
      vertex -2.112026 -1.979054 -0.778735
      vertex -2.104361 -2.064359 -0.599373
      vertex -2.152473 -2.030811 -0.683055
    endloop
  endfacet
  facet normal 0.643010 0.694062 0.323753
    outer loop
      vertex -2.081456 -2.099413 1.322788
      vertex -2.058851 -2.193667 1.479954
      vertex -2.043305 -2.195664 1.453360
    endloop
  endfacet
  facet normal 0.489528 0.701736 0.517618
    outer loop
      vertex -2.032737 -2.252456 1.534956
      vertex -2.058851 -2.193667 1.479954
      vertex -2.047985 -2.252743 1.549767
    endloop
  endfacet
  facet normal 0.461393 0.573161 0.677202
    outer loop
      vertex -2.055172 -2.253537 1.555335
      vertex -2.043175 -2.289168 1.577319
      vertex -2.047985 -2.252743 1.549767
    endloop
  endfacet
  facet normal 0.212391 0.563899 0.798065
    outer loop
      vertex -2.055172 -2.253537 1.555335
      vertex -2.050615 -2.290197 1.580026
      vertex -2.043175 -2.289168 1.577319
    endloop
  endfacet
  facet normal 0.184966 0.327483 0.926575
    outer loop
      vertex -2.054300 -2.290855 1.580994
      vertex -2.048896 -2.311242 1.587121
      vertex -2.050615 -2.290197 1.580026
    endloop
  endfacet
  facet normal 0.228182 0.302674 0.925376
    outer loop
      vertex -2.054300 -2.290855 1.580994
      vertex -2.057491 -2.297237 1.583869
      vertex -2.052701 -2.311755 1.587436
    endloop
  endfacet
  facet normal -0.070408 -0.049018 0.996313
    outer loop
      vertex -2.052701 -2.311755 1.587436
      vertex -2.057551 -2.310381 1.587161
      vertex -2.051975 -2.333796 1.586403
    endloop
  endfacet
  facet normal 0.000000 -0.429156 0.903231
    outer loop
      vertex -2.055944 -2.333796 1.586403
      vertex -2.058060 -2.346543 1.580346
      vertex -2.051975 -2.333796 1.586403
    endloop
  endfacet
  facet normal -0.361635 -0.570258 0.737581
    outer loop
      vertex -2.058060 -2.346543 1.580346
      vertex -2.060708 -2.357258 1.570764
      vertex -2.057025 -2.357561 1.572335
    endloop
  endfacet
  facet normal -0.290766 -0.798237 0.527516
    outer loop
      vertex -2.060249 -2.375358 1.543628
      vertex -2.057025 -2.357561 1.572335
      vertex -2.060708 -2.357258 1.570764
    endloop
  endfacet
  facet normal -0.402163 -0.858919 0.317052
    outer loop
      vertex -2.067048 -2.392663 1.488122
      vertex -2.060249 -2.375358 1.543628
      vertex -2.066914 -2.371188 1.546468
    endloop
  endfacet
  facet normal -0.313491 -0.939087 0.140849
    outer loop
      vertex -2.083322 -2.406110 1.362243
      vertex -2.067048 -2.392663 1.488122
      vertex -2.080321 -2.387570 1.492539
    endloop
  endfacet
  facet normal 0.048359 0.938811 0.341020
    outer loop
      vertex -0.972848 -2.127519 1.275728
      vertex -0.957097 -1.996295 0.912243
      vertex -1.093553 -1.985331 0.901408
    endloop
  endfacet
  facet normal -0.018526 0.920970 0.389192
    outer loop
      vertex -0.830270 -2.197940 1.414617
      vertex -0.818332 -2.113709 1.215866
      vertex -0.841666 -2.136697 1.269153
    endloop
  endfacet
  facet normal -0.387350 0.812590 0.435497
    outer loop
      vertex -0.826405 -2.252359 1.519596
      vertex -0.817991 -2.198032 1.425712
      vertex -0.830270 -2.197940 1.414617
    endloop
  endfacet
  facet normal -0.508587 0.640593 0.575309
    outer loop
      vertex -0.814053 -2.287823 1.570004
      vertex -0.809151 -2.252456 1.534956
      vertex -0.826405 -2.252359 1.519596
    endloop
  endfacet
  facet normal -0.097399 0.928641 0.357965
    outer loop
      vertex -0.841666 -2.136697 1.269153
      vertex -0.818332 -2.113709 1.215866
      vertex -0.840074 -2.111504 1.204228
    endloop
  endfacet
  facet normal 0.070809 0.937238 0.341425
    outer loop
      vertex -0.840074 -2.111504 1.204228
      vertex -0.957097 -1.996295 0.912243
      vertex -0.972848 -2.127519 1.275728
    endloop
  endfacet
  facet normal -0.017428 0.151459 0.988310
    outer loop
      vertex -0.800637 -2.310374 1.586087
      vertex -0.801346 -2.321853 1.587834
      vertex -0.793562 -2.322432 1.588060
    endloop
  endfacet
  facet normal -0.369916 0.383474 0.846233
    outer loop
      vertex -0.814053 -2.287823 1.570004
      vertex -0.800637 -2.310374 1.586087
      vertex -0.798712 -2.289168 1.577319
    endloop
  endfacet
  facet normal -0.039358 -0.143077 0.988929
    outer loop
      vertex -0.801346 -2.321853 1.587834
      vertex -0.793881 -2.333796 1.586403
      vertex -0.793562 -2.322432 1.588060
    endloop
  endfacet
  facet normal 0.369482 0.880321 0.297520
    outer loop
      vertex -2.056242 -2.042225 1.044947
      vertex -2.040492 -2.112641 1.233737
      vertex -2.023555 -2.113709 1.215866
    endloop
  endfacet
  facet normal 0.097194 0.928600 0.358127
    outer loop
      vertex -2.000222 -2.136702 1.269151
      vertex -2.001814 -2.111498 1.204231
      vertex -2.023555 -2.113709 1.215866
    endloop
  endfacet
  facet normal -0.065701 0.940703 0.332807
    outer loop
      vertex -1.869040 -2.127519 1.275728
      vertex -2.007163 -2.034681 0.986047
      vertex -2.001814 -2.111498 1.204231
    endloop
  endfacet
  facet normal -0.114106 0.946165 0.302906
    outer loop
      vertex -1.884791 -1.996295 0.912243
      vertex -2.011201 -1.982435 0.821328
      vertex -2.007163 -2.034681 0.986047
    endloop
  endfacet
  facet normal -0.054681 0.958157 0.280973
    outer loop
      vertex -1.748335 -1.985331 0.901408
      vertex -1.891278 -1.886704 0.537257
      vertex -1.884791 -1.996295 0.912243
    endloop
  endfacet
  facet normal -0.035185 0.956346 0.290112
    outer loop
      vertex -1.663268 -1.979569 0.892730
      vertex -1.666482 -1.862199 0.505433
      vertex -1.748335 -1.985331 0.901408
    endloop
  endfacet
  facet normal -0.162082 0.929900 0.330173
    outer loop
      vertex -1.571901 -2.030882 1.082101
      vertex -1.574719 -1.962576 0.888341
      vertex -1.663268 -1.979569 0.892730
    endloop
  endfacet
  facet normal -0.338772 0.861396 0.378459
    outer loop
      vertex -1.493575 -2.085996 1.277658
      vertex -1.494879 -2.002903 1.087365
      vertex -1.571901 -2.030882 1.082101
    endloop
  endfacet
  facet normal -0.207237 0.881774 0.423706
    outer loop
      vertex -1.420944 -2.123583 1.374675
      vertex -1.420944 -1.988573 1.093704
      vertex -1.494879 -2.002903 1.087365
    endloop
  endfacet
  facet normal 0.111378 0.895734 0.430414
    outer loop
      vertex -1.420944 -2.123583 1.374675
      vertex -1.348313 -2.085996 1.277658
      vertex -1.420944 -1.988573 1.093704
    endloop
  endfacet
  facet normal 0.207334 0.896004 0.392670
    outer loop
      vertex -1.348313 -2.085996 1.277658
      vertex -1.347009 -2.002903 1.087365
      vertex -1.420944 -1.988573 1.093704
    endloop
  endfacet
  facet normal 0.340750 0.871856 0.351792
    outer loop
      vertex -1.273158 -2.106563 1.272736
      vertex -1.269986 -2.030882 1.082101
      vertex -1.347009 -2.002903 1.087365
    endloop
  endfacet
  facet normal 0.185436 0.922200 0.339354
    outer loop
      vertex -1.191598 -2.116814 1.272789
      vertex -1.178619 -1.979569 0.892730
      vertex -1.269986 -2.030882 1.082101
    endloop
  endfacet
  facet normal 0.035829 0.957907 0.284835
    outer loop
      vertex -1.093553 -1.985331 0.901408
      vertex -1.089044 -1.871548 0.518186
      vertex -1.178619 -1.979569 0.892730
    endloop
  endfacet
  facet normal 0.648775 0.724741 0.232036
    outer loop
      vertex -2.085008 -2.030577 1.101887
      vertex -2.064541 -2.105674 1.279219
      vertex -2.040492 -2.112641 1.233737
    endloop
  endfacet
  facet normal 0.749150 0.631450 0.200114
    outer loop
      vertex -2.081456 -2.099413 1.322788
      vertex -2.064541 -2.105674 1.279219
      vertex -2.103962 -2.019934 1.156248
    endloop
  endfacet
  facet normal 0.037875 -0.974169 -0.222620
    outer loop
      vertex -0.587022 -2.162412 -0.194860
      vertex -0.639490 -2.264430 0.242635
      vertex -0.670924 -2.276769 0.291280
    endloop
  endfacet
  facet normal -0.032428 -0.980963 -0.191470
    outer loop
      vertex -0.604241 -2.261829 0.236331
      vertex -0.662188 -2.341205 0.652816
      vertex -0.692737 -2.347536 0.690428
    endloop
  endfacet
  facet normal 0.031955 -0.974216 -0.223341
    outer loop
      vertex -0.587022 -2.162412 -0.194860
      vertex -0.604241 -2.261829 0.236331
      vertex -0.639490 -2.264430 0.242635
    endloop
  endfacet
  facet normal 0.098211 -0.984985 -0.141986
    outer loop
      vertex -0.586920 -2.339666 0.694203
      vertex -0.675594 -2.356540 0.749925
      vertex -0.662188 -2.341205 0.652816
    endloop
  endfacet
  facet normal 0.059671 -0.992608 -0.105684
    outer loop
      vertex -0.675594 -2.356540 0.749925
      vertex -0.631831 -2.372330 0.922940
      vertex -0.728319 -2.400800 1.135851
    endloop
  endfacet
  facet normal 0.125502 -0.992086 -0.003866
    outer loop
      vertex -0.728319 -2.400800 1.135851
      vertex -0.680883 -2.394861 1.151890
      vertex -0.759829 -2.405705 1.371859
    endloop
  endfacet
  facet normal 0.179231 -0.973955 0.138883
    outer loop
      vertex -0.759829 -2.405705 1.371859
      vertex -0.734028 -2.399781 1.380111
      vertex -0.775636 -2.391125 1.494507
    endloop
  endfacet
  facet normal 0.275112 -0.896323 0.347733
    outer loop
      vertex -0.761567 -2.387570 1.492539
      vertex -0.782990 -2.369846 1.555173
      vertex -0.775636 -2.391125 1.494507
    endloop
  endfacet
  facet normal 0.463759 -0.705518 0.535884
    outer loop
      vertex -0.774973 -2.371188 1.546468
      vertex -0.784559 -2.360050 1.569428
      vertex -0.782990 -2.369846 1.555173
    endloop
  endfacet
  facet normal -0.024355 -0.686961 0.726286
    outer loop
      vertex -0.785438 -2.350506 1.578426
      vertex -0.793067 -2.356962 1.572064
      vertex -0.784559 -2.360050 1.569428
    endloop
  endfacet
  facet normal 0.056826 -0.417678 0.906817
    outer loop
      vertex -0.789912 -2.333796 1.586403
      vertex -0.793708 -2.346426 1.580823
      vertex -0.785438 -2.350506 1.578426
    endloop
  endfacet
  facet normal -0.127427 -0.893149 -0.431331
    outer loop
      vertex -0.679492 -1.947121 -0.859281
      vertex -0.689414 -2.030811 -0.683055
      vertex -0.737527 -2.064359 -0.599373
    endloop
  endfacet
  facet normal -0.021785 -0.937390 -0.347600
    outer loop
      vertex -0.648235 -1.991570 -0.791458
      vertex -0.660580 -2.057621 -0.612561
      vertex -0.689414 -2.030811 -0.683055
    endloop
  endfacet
  facet normal -0.121493 -0.894353 -0.430549
    outer loop
      vertex -0.679492 -1.947121 -0.859281
      vertex -0.737527 -2.064359 -0.599373
      vertex -0.729861 -1.979054 -0.778735
    endloop
  endfacet
  facet normal -0.100081 -0.843691 -0.527417
    outer loop
      vertex -0.726135 -1.925115 -0.865726
      vertex -0.729861 -1.979054 -0.778735
      vertex -0.759320 -1.991618 -0.753047
    endloop
  endfacet
  facet normal 0.020059 -0.849251 -0.527608
    outer loop
      vertex -0.756283 -1.936534 -0.841596
      vertex -0.759320 -1.991618 -0.753047
      vertex -0.792606 -2.005564 -0.731865
    endloop
  endfacet
  facet normal 0.023832 -0.886359 -0.462385
    outer loop
      vertex -0.833053 -1.980270 -0.782436
      vertex -0.792606 -2.005564 -0.731865
      vertex -0.835378 -2.044416 -0.659591
    endloop
  endfacet
  facet normal 0.116878 -0.886966 -0.446800
    outer loop
      vertex -0.833053 -1.980270 -0.782436
      vertex -0.874147 -2.043478 -0.667707
      vertex -0.871842 -1.978645 -0.795809
    endloop
  endfacet
  facet normal 0.164319 -0.895567 -0.413472
    outer loop
      vertex -0.871842 -1.978645 -0.795809
      vertex -0.948326 -2.037624 -0.698459
      vertex -0.944399 -1.969615 -0.844202
    endloop
  endfacet
  facet normal 0.146265 -0.897954 -0.415073
    outer loop
      vertex -0.944399 -1.969615 -0.844202
      vertex -0.948326 -2.037624 -0.698459
      vertex -1.019934 -2.028625 -0.743160
    endloop
  endfacet
  facet normal 0.042774 -0.958180 -0.282952
    outer loop
      vertex -0.623745 -2.017466 -0.730138
      vertex -0.621326 -2.098382 -0.455764
      vertex -0.655112 -2.130403 -0.352433
    endloop
  endfacet
  facet normal -0.105489 -0.930480 -0.350825
    outer loop
      vertex -0.648235 -1.991570 -0.791458
      vertex -0.623745 -2.017466 -0.730138
      vertex -0.660580 -2.057621 -0.612561
    endloop
  endfacet
  facet normal 0.150427 -0.958481 -0.242253
    outer loop
      vertex -0.582680 -2.068923 -0.548319
      vertex -0.626297 -2.180670 -0.133275
      vertex -0.621326 -2.098382 -0.455764
    endloop
  endfacet
  facet normal 0.049342 -0.965727 -0.254827
    outer loop
      vertex -0.582680 -2.068923 -0.548319
      vertex -0.587022 -2.162412 -0.194860
      vertex -0.626297 -2.180670 -0.133275
    endloop
  endfacet
  facet normal 0.142347 -0.911759 -0.385270
    outer loop
      vertex -1.013122 -1.955674 -0.913285
      vertex -1.019934 -2.028625 -0.743160
      vertex -1.091307 -2.017953 -0.794786
    endloop
  endfacet
  facet normal 0.161434 -0.926847 -0.338958
    outer loop
      vertex -1.152996 -1.922644 -1.071997
      vertex -1.081495 -1.939204 -0.992662
      vertex -1.164773 -2.007205 -0.846382
    endloop
  endfacet
  facet normal 0.191366 -0.915178 -0.354724
    outer loop
      vertex -1.081495 -1.939204 -0.992662
      vertex -1.013122 -1.955674 -0.913285
      vertex -1.091307 -2.017953 -0.794786
    endloop
  endfacet
  facet normal -0.229235 -0.884417 -0.406520
    outer loop
      vertex -1.828766 -1.955674 -0.913285
      vertex -1.893561 -2.037624 -0.698459
      vertex -1.897488 -1.969615 -0.844202
    endloop
  endfacet
  facet normal -0.254300 -0.879803 -0.401595
    outer loop
      vertex -1.771103 -1.847234 -1.187365
      vertex -1.760392 -1.939204 -0.992662
      vertex -1.828766 -1.955674 -0.913285
    endloop
  endfacet
  facet normal -0.214325 -0.899432 -0.380903
    outer loop
      vertex -1.701908 -1.823729 -1.298244
      vertex -1.688892 -1.922644 -1.071997
      vertex -1.760392 -1.939204 -0.992662
    endloop
  endfacet
  facet normal 0.118703 -0.923129 -0.365708
    outer loop
      vertex -1.262228 -1.796773 -1.434072
      vertex -1.231088 -1.908820 -1.141133
      vertex -1.319237 -1.900803 -1.189981
    endloop
  endfacet
  facet normal 0.180856 -0.904925 -0.385230
    outer loop
      vertex -1.139980 -1.823729 -1.298244
      vertex -1.152996 -1.922644 -1.071997
      vertex -1.231088 -1.908820 -1.141133
    endloop
  endfacet
  facet normal 0.059994 -0.946615 -0.316734
    outer loop
      vertex -1.319237 -1.900803 -1.189981
      vertex -1.420944 -1.956808 -1.041866
      vertex -1.368173 -1.899398 -1.203451
    endloop
  endfacet
  facet normal 0.047154 -0.936287 -0.348057
    outer loop
      vertex -1.420944 -1.796428 -1.473295
      vertex -1.420944 -1.956808 -1.041866
      vertex -1.473715 -1.899398 -1.203451
    endloop
  endfacet
  facet normal -0.240971 -0.894270 -0.377113
    outer loop
      vertex -1.623661 -1.803946 -1.395155
      vertex -1.688892 -1.922644 -1.071997
      vertex -1.701908 -1.823729 -1.298244
    endloop
  endfacet
  facet normal -0.163263 -0.920771 -0.354296
    outer loop
      vertex -1.579660 -1.796773 -1.434072
      vertex -1.522651 -1.900803 -1.189981
      vertex -1.623661 -1.803946 -1.395155
    endloop
  endfacet
  facet normal -0.136994 -0.922400 -0.361125
    outer loop
      vertex -1.531612 -1.792068 -1.464316
      vertex -1.522651 -1.900803 -1.189981
      vertex -1.579660 -1.796773 -1.434072
    endloop
  endfacet
  facet normal -0.092470 -0.927877 -0.361239
    outer loop
      vertex -1.478912 -1.789701 -1.483886
      vertex -1.473715 -1.899398 -1.203451
      vertex -1.531612 -1.792068 -1.464316
    endloop
  endfacet
  facet normal -0.184930 -0.878183 -0.441130
    outer loop
      vertex -1.897488 -1.969615 -0.844202
      vertex -1.967740 -2.043478 -0.667707
      vertex -1.970046 -1.978645 -0.795809
    endloop
  endfacet
  facet normal -0.120884 -0.880862 -0.457678
    outer loop
      vertex -1.970046 -1.978645 -0.795809
      vertex -2.006510 -2.044416 -0.659591
      vertex -2.008834 -1.980270 -0.782436
    endloop
  endfacet
  facet normal -0.086237 -0.866050 -0.492464
    outer loop
      vertex -2.008834 -1.980270 -0.782436
      vertex -2.048857 -2.000859 -0.739219
      vertex -2.049999 -1.975503 -0.783610
    endloop
  endfacet
  facet normal -0.034954 -0.868187 -0.495004
    outer loop
      vertex -2.049999 -1.975503 -0.783610
      vertex -2.048857 -2.000859 -0.739219
      vertex -2.082567 -1.991618 -0.753047
    endloop
  endfacet
  facet normal -0.011038 -0.903195 -0.429090
    outer loop
      vertex -2.082567 -1.991618 -0.753047
      vertex -2.104361 -2.064359 -0.599373
      vertex -2.112026 -1.979054 -0.778735
    endloop
  endfacet
  facet normal -0.038391 -0.999040 -0.021114
    outer loop
      vertex -2.083322 -2.406110 1.362243
      vertex -2.115496 -2.399788 1.121589
      vertex -2.095740 -2.401085 1.147037
    endloop
  endfacet
  facet normal 0.066118 -0.992593 -0.101917
    outer loop
      vertex -2.122402 -2.379324 0.917802
      vertex -2.095740 -2.401085 1.147037
      vertex -2.115496 -2.399788 1.121589
    endloop
  endfacet
  facet normal 0.028606 -0.989496 -0.141699
    outer loop
      vertex -2.149151 -2.347536 0.690428
      vertex -2.122402 -2.379324 0.917802
      vertex -2.166021 -2.356827 0.751903
    endloop
  endfacet
  facet normal 0.024404 -0.982393 -0.185225
    outer loop
      vertex -2.202397 -2.264430 0.242635
      vertex -2.149151 -2.347536 0.690428
      vertex -2.179699 -2.341204 0.652816
    endloop
  endfacet
  facet normal -0.003671 -0.973964 -0.226674
    outer loop
      vertex -2.254865 -2.162412 -0.194860
      vertex -2.202397 -2.264430 0.242635
      vertex -2.246631 -2.247864 0.172170
    endloop
  endfacet
  facet normal -0.035308 -0.964072 -0.263286
    outer loop
      vertex -2.306128 -2.044346 -0.620308
      vertex -2.215591 -2.180670 -0.133275
      vertex -2.254865 -2.162412 -0.194860
    endloop
  endfacet
  facet normal -0.126855 -0.961078 -0.245430
    outer loop
      vertex -2.306128 -2.044346 -0.620308
      vertex -2.259208 -2.068923 -0.548319
      vertex -2.215591 -2.180670 -0.133275
    endloop
  endfacet
  facet normal -0.027083 -0.955762 -0.292891
    outer loop
      vertex -2.256712 -1.977605 -0.846540
      vertex -2.220561 -2.098382 -0.455764
      vertex -2.259208 -2.068923 -0.548319
    endloop
  endfacet
  facet normal -0.132817 -0.950344 -0.281435
    outer loop
      vertex -2.256712 -1.977605 -0.846540
      vertex -2.218143 -2.017466 -0.730138
      vertex -2.220561 -2.098382 -0.455764
    endloop
  endfacet
  facet normal 0.021785 -0.937390 -0.347600
    outer loop
      vertex -2.193652 -1.991570 -0.791458
      vertex -2.152473 -2.030811 -0.683055
      vertex -2.181307 -2.057621 -0.612561
    endloop
  endfacet
  facet normal 0.105489 -0.930481 -0.350825
    outer loop
      vertex -2.193652 -1.991570 -0.791458
      vertex -2.181307 -2.057621 -0.612561
      vertex -2.218143 -2.017466 -0.730138
    endloop
  endfacet
  facet normal 0.123199 -0.893725 -0.431366
    outer loop
      vertex -2.162395 -1.947121 -0.859281
      vertex -2.112026 -1.979054 -0.778735
      vertex -2.152473 -2.030811 -0.683055
    endloop
  endfacet
  facet normal 0.701985 0.650780 0.289314
    outer loop
      vertex -2.058851 -2.193667 1.479954
      vertex -2.081456 -2.099413 1.322788
      vertex -2.088598 -2.098603 1.338295
    endloop
  endfacet
  facet normal 0.613733 0.647218 0.452151
    outer loop
      vertex -2.058851 -2.193667 1.479954
      vertex -2.065831 -2.193890 1.489747
      vertex -2.047985 -2.252743 1.549767
    endloop
  endfacet
  facet normal 0.377243 0.714854 0.588788
    outer loop
      vertex -2.047985 -2.252743 1.549767
      vertex -2.065831 -2.193890 1.489747
      vertex -2.055172 -2.253537 1.555335
    endloop
  endfacet
  facet normal 0.336494 0.554460 0.761148
    outer loop
      vertex -2.058705 -2.254193 1.557375
      vertex -2.050615 -2.290197 1.580026
      vertex -2.055172 -2.253537 1.555335
    endloop
  endfacet
  facet normal 0.119771 0.547812 0.827983
    outer loop
      vertex -2.058705 -2.254193 1.557375
      vertex -2.054300 -2.290855 1.580994
      vertex -2.050615 -2.290197 1.580026
    endloop
  endfacet
  facet normal 0.042165 0.392668 0.918713
    outer loop
      vertex -2.058405 -2.287009 1.579539
      vertex -2.057491 -2.297237 1.583869
      vertex -2.054300 -2.290855 1.580994
    endloop
  endfacet
  facet normal 0.069018 0.259472 0.963281
    outer loop
      vertex -2.057491 -2.297237 1.583869
      vertex -2.057958 -2.304622 1.585891
      vertex -2.052701 -2.311755 1.587436
    endloop
  endfacet
  facet normal 0.410774 0.068388 0.909169
    outer loop
      vertex -2.051975 -2.333796 1.586403
      vertex -2.057551 -2.310381 1.587161
      vertex -2.056009 -2.326660 1.587689
    endloop
  endfacet
  facet normal -0.001064 0.192731 0.981251
    outer loop
      vertex -2.057755 -2.307487 1.586592
      vertex -2.057551 -2.310381 1.587161
      vertex -2.052701 -2.311755 1.587436
    endloop
  endfacet
  facet normal 0.000000 -0.177380 0.984142
    outer loop
      vertex -2.056009 -2.326660 1.587689
      vertex -2.055944 -2.333796 1.586403
      vertex -2.051975 -2.333796 1.586403
    endloop
  endfacet
  facet normal 0.061386 -0.436644 0.897538
    outer loop
      vertex -2.055944 -2.333796 1.586403
      vertex -2.059982 -2.345037 1.581210
      vertex -2.058060 -2.346543 1.580346
    endloop
  endfacet
  facet normal -0.158872 -0.636041 0.755123
    outer loop
      vertex -2.059982 -2.345037 1.581210
      vertex -2.060708 -2.357258 1.570764
      vertex -2.058060 -2.346543 1.580346
    endloop
  endfacet
  facet normal -0.275639 -0.801836 0.530172
    outer loop
      vertex -2.060249 -2.375358 1.543628
      vertex -2.060708 -2.357258 1.570764
      vertex -2.066914 -2.371188 1.546468
    endloop
  endfacet
  facet normal -0.237903 -0.911334 0.335966
    outer loop
      vertex -2.067048 -2.392663 1.488122
      vertex -2.066914 -2.371188 1.546468
      vertex -2.080321 -2.387570 1.492539
    endloop
  endfacet
  facet normal -0.148548 -0.978560 0.142666
    outer loop
      vertex -2.107860 -2.399781 1.380111
      vertex -2.083322 -2.406110 1.362243
      vertex -2.080321 -2.387570 1.492539
    endloop
  endfacet
  facet normal 0.054289 0.957049 0.284797
    outer loop
      vertex -0.957097 -1.996295 0.912243
      vertex -1.089044 -1.871548 0.518186
      vertex -1.093553 -1.985331 0.901408
    endloop
  endfacet
  facet normal -0.313634 0.880895 0.354483
    outer loop
      vertex -0.817991 -2.198032 1.425712
      vertex -0.818332 -2.113709 1.215866
      vertex -0.830270 -2.197940 1.414617
    endloop
  endfacet
  facet normal -0.383979 0.813686 0.436434
    outer loop
      vertex -0.809151 -2.252456 1.534956
      vertex -0.817991 -2.198032 1.425712
      vertex -0.826405 -2.252359 1.519596
    endloop
  endfacet
  facet normal -0.257487 0.697922 0.668286
    outer loop
      vertex -0.798712 -2.289168 1.577319
      vertex -0.809151 -2.252456 1.534956
      vertex -0.814053 -2.287823 1.570004
    endloop
  endfacet
  facet normal -0.085606 0.937391 0.337593
    outer loop
      vertex -0.818332 -2.113709 1.215866
      vertex -0.837063 -2.067003 1.081427
      vertex -0.840074 -2.111504 1.204228
    endloop
  endfacet
  facet normal 0.070933 0.937246 0.341378
    outer loop
      vertex -0.840074 -2.111504 1.204228
      vertex -0.837063 -2.067003 1.081427
      vertex -0.957097 -1.996295 0.912243
    endloop
  endfacet
  facet normal -0.123526 0.089202 0.988324
    outer loop
      vertex -0.792991 -2.311242 1.587121
      vertex -0.800637 -2.310374 1.586087
      vertex -0.793562 -2.322432 1.588060
    endloop
  endfacet
  facet normal -0.080262 0.387076 0.918548
    outer loop
      vertex -0.798712 -2.289168 1.577319
      vertex -0.800637 -2.310374 1.586087
      vertex -0.792991 -2.311242 1.587121
    endloop
  endfacet
  facet normal 0.000000 -0.144272 0.989538
    outer loop
      vertex -0.793562 -2.322432 1.588060
      vertex -0.793881 -2.333796 1.586403
      vertex -0.789912 -2.333796 1.586403
    endloop
  endfacet
  facet normal 0.685715 0.698857 0.203453
    outer loop
      vertex -2.056242 -2.042225 1.044947
      vertex -2.085008 -2.030577 1.101887
      vertex -2.040492 -2.112641 1.233737
    endloop
  endfacet
  facet normal 0.395470 0.871828 0.288998
    outer loop
      vertex -2.034871 -2.044582 1.022813
      vertex -2.056242 -2.042225 1.044947
      vertex -2.023555 -2.113709 1.215866
    endloop
  endfacet
  facet normal 0.081922 0.939814 0.331721
    outer loop
      vertex -2.001814 -2.111498 1.204231
      vertex -2.034871 -2.044582 1.022813
      vertex -2.023555 -2.113709 1.215866
    endloop
  endfacet
  facet normal 0.099915 0.939292 0.328250
    outer loop
      vertex -2.001814 -2.111498 1.204231
      vertex -2.007163 -2.034681 0.986047
      vertex -2.034871 -2.044582 1.022813
    endloop
  endfacet
  facet normal -0.094408 0.956207 0.277048
    outer loop
      vertex -1.884791 -1.996295 0.912243
      vertex -2.018224 -1.900135 0.534885
      vertex -2.011201 -1.982435 0.821328
    endloop
  endfacet
  facet normal 0.074622 0.951068 0.299834
    outer loop
      vertex -2.007163 -2.034681 0.986047
      vertex -2.011201 -1.982435 0.821328
      vertex -2.045502 -1.984544 0.836554
    endloop
  endfacet
  facet normal -0.106172 0.953927 0.280627
    outer loop
      vertex -1.884791 -1.996295 0.912243
      vertex -1.891278 -1.886704 0.537257
      vertex -2.018224 -1.900135 0.534885
    endloop
  endfacet
  facet normal -0.065480 0.956370 0.284727
    outer loop
      vertex -1.748335 -1.985331 0.901408
      vertex -1.752844 -1.871548 0.518186
      vertex -1.891278 -1.886704 0.537257
    endloop
  endfacet
  facet normal -0.061513 0.956624 0.284756
    outer loop
      vertex -1.748335 -1.985331 0.901408
      vertex -1.666482 -1.862199 0.505433
      vertex -1.752844 -1.871548 0.518186
    endloop
  endfacet
  facet normal -0.217038 0.933706 0.284760
    outer loop
      vertex -1.663268 -1.979569 0.892730
      vertex -1.577013 -1.839222 0.498287
      vertex -1.666482 -1.862199 0.505433
    endloop
  endfacet
  facet normal -0.342897 0.884360 0.316748
    outer loop
      vertex -1.574719 -1.962576 0.888341
      vertex -1.571901 -2.030882 1.082101
      vertex -1.494879 -2.002903 1.087365
    endloop
  endfacet
  facet normal -0.165605 0.940011 0.298251
    outer loop
      vertex -1.574719 -1.962576 0.888341
      vertex -1.577013 -1.839222 0.498287
      vertex -1.663268 -1.979569 0.892730
    endloop
  endfacet
  facet normal -0.207101 0.912873 0.351813
    outer loop
      vertex -1.420944 -1.988573 1.093704
      vertex -1.496313 -1.928558 0.893612
      vertex -1.494879 -2.002903 1.087365
    endloop
  endfacet
  facet normal 0.207046 0.914768 0.346888
    outer loop
      vertex -1.347009 -2.002903 1.087365
      vertex -1.420944 -1.841438 0.705700
      vertex -1.420944 -1.988573 1.093704
    endloop
  endfacet
  facet normal 0.341598 0.876618 0.338897
    outer loop
      vertex -1.345574 -1.928558 0.893612
      vertex -1.347009 -2.002903 1.087365
      vertex -1.269986 -2.030882 1.082101
    endloop
  endfacet
  facet normal 0.162082 0.929900 0.330173
    outer loop
      vertex -1.269986 -2.030882 1.082101
      vertex -1.178619 -1.979569 0.892730
      vertex -1.267169 -1.962576 0.888341
    endloop
  endfacet
  facet normal 0.060583 0.955122 0.289952
    outer loop
      vertex -1.178619 -1.979569 0.892730
      vertex -1.089044 -1.871548 0.518186
      vertex -1.175406 -1.862199 0.505433
    endloop
  endfacet
  facet normal 0.789976 0.592019 0.159533
    outer loop
      vertex -2.064541 -2.105674 1.279219
      vertex -2.085008 -2.030577 1.101887
      vertex -2.103962 -2.019934 1.156248
    endloop
  endfacet
  facet normal 0.707005 0.670627 0.224506
    outer loop
      vertex -2.081456 -2.099413 1.322788
      vertex -2.103962 -2.019934 1.156248
      vertex -2.111848 -2.017963 1.175195
    endloop
  endfacet
  facet normal 0.088855 -0.980634 -0.174533
    outer loop
      vertex -0.507574 -2.253211 0.237126
      vertex -0.662188 -2.341205 0.652816
      vertex -0.604241 -2.261829 0.236331
    endloop
  endfacet
  facet normal 0.152255 -0.964389 -0.216271
    outer loop
      vertex -0.516670 -2.108709 -0.384803
      vertex -0.604241 -2.261829 0.236331
      vertex -0.587022 -2.162412 -0.194860
    endloop
  endfacet
  facet normal 0.111314 -0.979822 -0.166007
    outer loop
      vertex -0.507574 -2.253211 0.237126
      vertex -0.586920 -2.339666 0.694203
      vertex -0.662188 -2.341205 0.652816
    endloop
  endfacet
  facet normal 0.113155 -0.986467 -0.118653
    outer loop
      vertex -0.586920 -2.339666 0.694203
      vertex -0.631831 -2.372330 0.922940
      vertex -0.675594 -2.356540 0.749925
    endloop
  endfacet
  facet normal 0.145852 -0.987110 -0.065893
    outer loop
      vertex -0.631831 -2.372330 0.922940
      vertex -0.680883 -2.394861 1.151890
      vertex -0.728319 -2.400800 1.135851
    endloop
  endfacet
  facet normal 0.214890 -0.976208 0.028998
    outer loop
      vertex -0.680883 -2.394861 1.151890
      vertex -0.734028 -2.399781 1.380111
      vertex -0.759829 -2.405705 1.371859
    endloop
  endfacet
  facet normal 0.263492 -0.949970 0.167716
    outer loop
      vertex -0.734028 -2.399781 1.380111
      vertex -0.761567 -2.387570 1.492539
      vertex -0.775636 -2.391125 1.494507
    endloop
  endfacet
  facet normal 0.204906 -0.921201 0.330760
    outer loop
      vertex -0.761567 -2.387570 1.492539
      vertex -0.774973 -2.371188 1.546468
      vertex -0.782990 -2.369846 1.555173
    endloop
  endfacet
  facet normal 0.405465 -0.744466 0.530442
    outer loop
      vertex -0.774973 -2.371188 1.546468
      vertex -0.781180 -2.357258 1.570764
      vertex -0.784559 -2.360050 1.569428
    endloop
  endfacet
  facet normal 0.254974 -0.650767 0.715185
    outer loop
      vertex -0.785438 -2.350506 1.578426
      vertex -0.784559 -2.360050 1.569428
      vertex -0.781180 -2.357258 1.570764
    endloop
  endfacet
  facet normal 0.000000 -0.430808 0.902444
    outer loop
      vertex -0.789912 -2.333796 1.586403
      vertex -0.785438 -2.350506 1.578426
      vertex -0.785944 -2.333796 1.586403
    endloop
  endfacet
  facet normal -0.298537 -0.855498 -0.423083
    outer loop
      vertex -0.679492 -1.947121 -0.859281
      vertex -0.648235 -1.991570 -0.791458
      vertex -0.689414 -2.030811 -0.683055
    endloop
  endfacet
  facet normal -0.303560 -0.805382 -0.509128
    outer loop
      vertex -0.674693 -1.895093 -0.944445
      vertex -0.679492 -1.947121 -0.859281
      vertex -0.729861 -1.979054 -0.778735
    endloop
  endfacet
  facet normal -0.103272 -0.842981 -0.527938
    outer loop
      vertex -0.726135 -1.925115 -0.865726
      vertex -0.759320 -1.991618 -0.753047
      vertex -0.756283 -1.936534 -0.841596
    endloop
  endfacet
  facet normal -0.313088 -0.801092 -0.510126
    outer loop
      vertex -0.674693 -1.895093 -0.944445
      vertex -0.729861 -1.979054 -0.778735
      vertex -0.726135 -1.925115 -0.865726
    endloop
  endfacet
  facet normal -0.097669 -0.827505 -0.552898
    outer loop
      vertex -0.788885 -1.904599 -0.883633
      vertex -0.756283 -1.936534 -0.841596
      vertex -0.792606 -2.005564 -0.731865
    endloop
  endfacet
  facet normal 0.164843 -0.823061 -0.543505
    outer loop
      vertex -0.788885 -1.904599 -0.883633
      vertex -0.792606 -2.005564 -0.731865
      vertex -0.833053 -1.980270 -0.782436
    endloop
  endfacet
  facet normal 0.156407 -0.818291 -0.553116
    outer loop
      vertex -0.831105 -1.906141 -0.891553
      vertex -0.833053 -1.980270 -0.782436
      vertex -0.871842 -1.978645 -0.795809
    endloop
  endfacet
  facet normal 0.249572 -0.813102 -0.525908
    outer loop
      vertex -0.869869 -1.903535 -0.911000
      vertex -0.871842 -1.978645 -0.795809
      vertex -0.944399 -1.969615 -0.844202
    endloop
  endfacet
  facet normal 0.198232 -0.903678 -0.379566
    outer loop
      vertex -0.944399 -1.969615 -0.844202
      vertex -1.019934 -2.028625 -0.743160
      vertex -1.013122 -1.955674 -0.913285
    endloop
  endfacet
  facet normal 0.132817 -0.950344 -0.281435
    outer loop
      vertex -0.585176 -1.977605 -0.846540
      vertex -0.621326 -2.098382 -0.455764
      vertex -0.623745 -2.017466 -0.730138
    endloop
  endfacet
  facet normal -0.094514 -0.930064 -0.355032
    outer loop
      vertex -0.609584 -1.949642 -0.911585
      vertex -0.623745 -2.017466 -0.730138
      vertex -0.648235 -1.991570 -0.791458
    endloop
  endfacet
  facet normal 0.027083 -0.955762 -0.292891
    outer loop
      vertex -0.585176 -1.977605 -0.846540
      vertex -0.582680 -2.068923 -0.548319
      vertex -0.621326 -2.098382 -0.455764
    endloop
  endfacet
  facet normal 0.115519 -0.960633 -0.252667
    outer loop
      vertex -0.535759 -2.044346 -0.620308
      vertex -0.587022 -2.162412 -0.194860
      vertex -0.582680 -2.068923 -0.548319
    endloop
  endfacet
  facet normal 0.243196 -0.882152 -0.403315
    outer loop
      vertex -1.070785 -1.847234 -1.187365
      vertex -1.081495 -1.939204 -0.992662
      vertex -1.152996 -1.922644 -1.071997
    endloop
  endfacet
  facet normal 0.295286 -0.852546 -0.431244
    outer loop
      vertex -1.005883 -1.870641 -1.076434
      vertex -1.013122 -1.955674 -0.913285
      vertex -1.081495 -1.939204 -0.992662
    endloop
  endfacet
  facet normal -0.264327 -0.859999 -0.436502
    outer loop
      vertex -1.836004 -1.870641 -1.076434
      vertex -1.828766 -1.955674 -0.913285
      vertex -1.897488 -1.969615 -0.844202
    endloop
  endfacet
  facet normal -0.329914 -0.860455 -0.388296
    outer loop
      vertex -1.701908 -1.823729 -1.298244
      vertex -1.760392 -1.939204 -0.992662
      vertex -1.771103 -1.847234 -1.187365
    endloop
  endfacet
  facet normal -0.403435 -0.818627 -0.408767
    outer loop
      vertex -1.771103 -1.847234 -1.187365
      vertex -1.828766 -1.955674 -0.913285
      vertex -1.836004 -1.870641 -1.076434
    endloop
  endfacet
  facet normal 0.136994 -0.922400 -0.361125
    outer loop
      vertex -1.262228 -1.796773 -1.434072
      vertex -1.319237 -1.900803 -1.189981
      vertex -1.310275 -1.792068 -1.464316
    endloop
  endfacet
  facet normal 0.176627 -0.912913 -0.367958
    outer loop
      vertex -1.218226 -1.803946 -1.395155
      vertex -1.231088 -1.908820 -1.141133
      vertex -1.262228 -1.796773 -1.434072
    endloop
  endfacet
  facet normal 0.220267 -0.905505 -0.362690
    outer loop
      vertex -1.218226 -1.803946 -1.395155
      vertex -1.139980 -1.823729 -1.298244
      vertex -1.231088 -1.908820 -1.141133
    endloop
  endfacet
  facet normal 0.291588 -0.882485 -0.369049
    outer loop
      vertex -1.139980 -1.823729 -1.298244
      vertex -1.070785 -1.847234 -1.187365
      vertex -1.152996 -1.922644 -1.071997
    endloop
  endfacet
  facet normal 0.072992 -0.929261 -0.362141
    outer loop
      vertex -1.362975 -1.789701 -1.483886
      vertex -1.319237 -1.900803 -1.189981
      vertex -1.368173 -1.899398 -1.203451
    endloop
  endfacet
  facet normal -0.047154 -0.936287 -0.348057
    outer loop
      vertex -1.420944 -1.796428 -1.473295
      vertex -1.368173 -1.899398 -1.203451
      vertex -1.420944 -1.956808 -1.041866
    endloop
  endfacet
  facet normal -0.041621 -0.930741 -0.363302
    outer loop
      vertex -1.420944 -1.796428 -1.473295
      vertex -1.473715 -1.899398 -1.203451
      vertex -1.478912 -1.789701 -1.483886
    endloop
  endfacet
  facet normal -0.309778 -0.851107 -0.423856
    outer loop
      vertex -1.637819 -1.674011 -1.645717
      vertex -1.623661 -1.803946 -1.395155
      vertex -1.701908 -1.823729 -1.298244
    endloop
  endfacet
  facet normal -0.243972 -0.866475 -0.435544
    outer loop
      vertex -1.637819 -1.674011 -1.645717
      vertex -1.579660 -1.796773 -1.434072
      vertex -1.623661 -1.803946 -1.395155
    endloop
  endfacet
  facet normal -0.187170 -0.881055 -0.434408
    outer loop
      vertex -1.592296 -1.664545 -1.696809
      vertex -1.531612 -1.792068 -1.464316
      vertex -1.579660 -1.796773 -1.434072
    endloop
  endfacet
  facet normal -0.121123 -0.892667 -0.434137
    outer loop
      vertex -1.541504 -1.658280 -1.736651
      vertex -1.478912 -1.789701 -1.483886
      vertex -1.531612 -1.792068 -1.464316
    endloop
  endfacet
  facet normal -0.219787 -0.845162 -0.487232
    outer loop
      vertex -1.901384 -1.890552 -0.979589
      vertex -1.897488 -1.969615 -0.844202
      vertex -1.970046 -1.978645 -0.795809
    endloop
  endfacet
  facet normal -0.150783 -0.829261 -0.538136
    outer loop
      vertex -1.972018 -1.903535 -0.911000
      vertex -1.970046 -1.978645 -0.795809
      vertex -2.008834 -1.980270 -0.782436
    endloop
  endfacet
  facet normal -0.079606 -0.825210 -0.559188
    outer loop
      vertex -2.010782 -1.906141 -0.891553
      vertex -2.008834 -1.980270 -0.782436
      vertex -2.049999 -1.975503 -0.783610
    endloop
  endfacet
  facet normal -0.073099 -0.847965 -0.524988
    outer loop
      vertex -2.085605 -1.936534 -0.841596
      vertex -2.049999 -1.975503 -0.783610
      vertex -2.082567 -1.991618 -0.753047
    endloop
  endfacet
  facet normal 0.100793 -0.843235 -0.528011
    outer loop
      vertex -2.085605 -1.936534 -0.841596
      vertex -2.082567 -1.991618 -0.753047
      vertex -2.112026 -1.979054 -0.778735
    endloop
  endfacet
  facet normal -0.244818 -0.969542 0.007259
    outer loop
      vertex -2.115496 -2.399788 1.121589
      vertex -2.083322 -2.406110 1.362243
      vertex -2.107860 -2.399781 1.380111
    endloop
  endfacet
  facet normal -0.151165 -0.984058 -0.093695
    outer loop
      vertex -2.115496 -2.399788 1.121589
      vertex -2.166021 -2.356827 0.751903
      vertex -2.122402 -2.379324 0.917802
    endloop
  endfacet
  facet normal -0.015668 -0.988005 -0.153623
    outer loop
      vertex -2.179699 -2.341204 0.652816
      vertex -2.149151 -2.347536 0.690428
      vertex -2.166021 -2.356827 0.751903
    endloop
  endfacet
  facet normal -0.082095 -0.980425 -0.178963
    outer loop
      vertex -2.246631 -2.247864 0.172170
      vertex -2.202397 -2.264430 0.242635
      vertex -2.179699 -2.341204 0.652816
    endloop
  endfacet
  facet normal -0.074769 -0.971595 -0.224528
    outer loop
      vertex -2.254865 -2.162412 -0.194860
      vertex -2.246631 -2.247864 0.172170
      vertex -2.303568 -2.150054 -0.232120
    endloop
  endfacet
  facet normal -0.025606 -0.964059 -0.264451
    outer loop
      vertex -2.306128 -2.044346 -0.620308
      vertex -2.254865 -2.162412 -0.194860
      vertex -2.333915 -2.091428 -0.445979
    endloop
  endfacet
  facet normal -0.020630 -0.950202 -0.310951
    outer loop
      vertex -2.355355 -1.909731 -1.028397
      vertex -2.259208 -2.068923 -0.548319
      vertex -2.306128 -2.044346 -0.620308
    endloop
  endfacet
  facet normal -0.108641 -0.950262 -0.291889
    outer loop
      vertex -2.301091 -1.940779 -0.949911
      vertex -2.256712 -1.977605 -0.846540
      vertex -2.259208 -2.068923 -0.548319
    endloop
  endfacet
  facet normal 0.114799 -0.927534 -0.355670
    outer loop
      vertex -2.232303 -1.949642 -0.911585
      vertex -2.218143 -2.017466 -0.730138
      vertex -2.256712 -1.977605 -0.846540
    endloop
  endfacet
  facet normal 0.298536 -0.855498 -0.423084
    outer loop
      vertex -2.162395 -1.947121 -0.859281
      vertex -2.152473 -2.030811 -0.683055
      vertex -2.193652 -1.991570 -0.791458
    endloop
  endfacet
  facet normal 0.094514 -0.930064 -0.355032
    outer loop
      vertex -2.232303 -1.949642 -0.911585
      vertex -2.193652 -1.991570 -0.791458
      vertex -2.218143 -2.017466 -0.730138
    endloop
  endfacet
  facet normal 0.308066 -0.802584 -0.510836
    outer loop
      vertex -2.115752 -1.925115 -0.865726
      vertex -2.112026 -1.979054 -0.778735
      vertex -2.162395 -1.947121 -0.859281
    endloop
  endfacet
  facet normal 0.648262 0.715212 0.261206
    outer loop
      vertex -2.111848 -2.017963 1.175195
      vertex -2.088598 -2.098603 1.338295
      vertex -2.081456 -2.099413 1.322788
    endloop
  endfacet
  facet normal 0.528464 0.752118 0.393757
    outer loop
      vertex -2.088598 -2.098603 1.338295
      vertex -2.065831 -2.193890 1.489747
      vertex -2.058851 -2.193667 1.479954
    endloop
  endfacet
  facet normal 0.450634 0.695681 0.559426
    outer loop
      vertex -2.055172 -2.253537 1.555335
      vertex -2.065831 -2.193890 1.489747
      vertex -2.069224 -2.194487 1.493222
    endloop
  endfacet
  facet normal 0.234649 0.730472 0.641366
    outer loop
      vertex -2.055172 -2.253537 1.555335
      vertex -2.069224 -2.194487 1.493222
      vertex -2.058705 -2.254193 1.557375
    endloop
  endfacet
  facet normal 0.314641 0.540501 0.780295
    outer loop
      vertex -2.058705 -2.254193 1.557375
      vertex -2.061239 -2.276775 1.574039
      vertex -2.054300 -2.290855 1.580994
    endloop
  endfacet
  facet normal 0.193052 0.520747 0.831597
    outer loop
      vertex -2.059340 -2.284611 1.578254
      vertex -2.058405 -2.287009 1.579539
      vertex -2.054300 -2.290855 1.580994
    endloop
  endfacet
  facet normal -0.188870 0.368448 0.910261
    outer loop
      vertex -2.058405 -2.287009 1.579539
      vertex -2.059098 -2.293473 1.582011
      vertex -2.057491 -2.297237 1.583869
    endloop
  endfacet
  facet normal 0.040898 0.240174 0.969868
    outer loop
      vertex -2.057958 -2.304622 1.585891
      vertex -2.057755 -2.307487 1.586592
      vertex -2.052701 -2.311755 1.587436
    endloop
  endfacet
  facet normal -0.232457 0.270558 0.934217
    outer loop
      vertex -2.057491 -2.297237 1.583869
      vertex -2.058427 -2.298984 1.584141
      vertex -2.057958 -2.304622 1.585891
    endloop
  endfacet
  facet normal -0.925186 -0.075536 0.371921
    outer loop
      vertex -2.057551 -2.310381 1.587161
      vertex -2.055944 -2.333796 1.586403
      vertex -2.056009 -2.326660 1.587689
    endloop
  endfacet
  facet normal -0.189919 0.176367 0.965829
    outer loop
      vertex -2.057755 -2.307487 1.586592
      vertex -2.059668 -2.311778 1.586999
      vertex -2.057551 -2.310381 1.587161
    endloop
  endfacet
  facet normal -0.045276 -0.405463 0.912990
    outer loop
      vertex -2.055944 -2.333796 1.586403
      vertex -2.072180 -2.349068 1.578815
      vertex -2.059982 -2.345037 1.581210
    endloop
  endfacet
  facet normal -0.025905 -0.648652 0.760644
    outer loop
      vertex -2.059982 -2.345037 1.581210
      vertex -2.064472 -2.354529 1.572963
      vertex -2.060708 -2.357258 1.570764
    endloop
  endfacet
  facet normal -0.272490 -0.803001 0.530036
    outer loop
      vertex -2.066914 -2.371188 1.546468
      vertex -2.060708 -2.357258 1.570764
      vertex -2.064472 -2.354529 1.572963
    endloop
  endfacet
  facet normal -0.256344 -0.905295 0.338716
    outer loop
      vertex -2.080321 -2.387570 1.492539
      vertex -2.066914 -2.371188 1.546468
      vertex -2.074221 -2.367065 1.551959
    endloop
  endfacet
  facet normal -0.226393 -0.960837 0.159809
    outer loop
      vertex -2.107860 -2.399781 1.380111
      vertex -2.080321 -2.387570 1.492539
      vertex -2.094502 -2.382173 1.504898
    endloop
  endfacet
  facet normal 0.066116 0.957439 0.280961
    outer loop
      vertex -0.957097 -1.996295 0.912243
      vertex -0.950610 -1.886704 0.537257
      vertex -1.089044 -1.871548 0.518186
    endloop
  endfacet
  facet normal -0.412353 0.845097 0.340258
    outer loop
      vertex -0.818332 -2.113709 1.215866
      vertex -0.817991 -2.198032 1.425712
      vertex -0.801396 -2.112641 1.233737
    endloop
  endfacet
  facet normal -0.631833 0.672162 0.385987
    outer loop
      vertex -0.817991 -2.198032 1.425712
      vertex -0.809151 -2.252456 1.534956
      vertex -0.798582 -2.195664 1.453360
    endloop
  endfacet
  facet normal -0.582051 0.538036 0.609701
    outer loop
      vertex -0.793903 -2.252743 1.549767
      vertex -0.809151 -2.252456 1.534956
      vertex -0.798712 -2.289168 1.577319
    endloop
  endfacet
  facet normal -0.050669 0.941194 0.334047
    outer loop
      vertex -0.818332 -2.113709 1.215866
      vertex -0.807016 -2.044582 1.022813
      vertex -0.837063 -2.067003 1.081427
    endloop
  endfacet
  facet normal 0.110468 0.942469 0.315512
    outer loop
      vertex -0.837063 -2.067003 1.081427
      vertex -0.832757 -2.008706 0.905780
      vertex -0.957097 -1.996295 0.912243
    endloop
  endfacet
  facet normal -0.070533 0.086953 0.993712
    outer loop
      vertex -0.792991 -2.311242 1.587121
      vertex -0.793562 -2.322432 1.588060
      vertex -0.789187 -2.311755 1.587436
    endloop
  endfacet
  facet normal -0.282846 0.327080 0.901674
    outer loop
      vertex -0.798712 -2.289168 1.577319
      vertex -0.792991 -2.311242 1.587121
      vertex -0.791273 -2.290197 1.580026
    endloop
  endfacet
  facet normal 0.268702 -0.053925 0.961713
    outer loop
      vertex -0.789187 -2.311755 1.587436
      vertex -0.793562 -2.322432 1.588060
      vertex -0.789912 -2.333796 1.586403
    endloop
  endfacet
  facet normal 0.672177 0.714692 0.193375
    outer loop
      vertex -2.104510 -1.964078 0.923905
      vertex -2.085008 -2.030577 1.101887
      vertex -2.056242 -2.042225 1.044947
    endloop
  endfacet
  facet normal 0.374399 0.888017 0.266929
    outer loop
      vertex -2.071040 -1.980674 0.860934
      vertex -2.056242 -2.042225 1.044947
      vertex -2.034871 -2.044582 1.022813
    endloop
  endfacet
  facet normal 0.062216 0.950964 0.302981
    outer loop
      vertex -2.034871 -2.044582 1.022813
      vertex -2.007163 -2.034681 0.986047
      vertex -2.045502 -1.984544 0.836554
    endloop
  endfacet
  facet normal 0.051192 0.960188 0.274622
    outer loop
      vertex -2.011201 -1.982435 0.821328
      vertex -2.018224 -1.900135 0.534885
      vertex -2.064732 -1.882781 0.482876
    endloop
  endfacet
  facet normal 0.062095 0.960049 0.272857
    outer loop
      vertex -2.011201 -1.982435 0.821328
      vertex -2.064732 -1.882781 0.482876
      vertex -2.045502 -1.984544 0.836554
    endloop
  endfacet
  facet normal -0.106408 0.959942 0.259209
    outer loop
      vertex -1.891278 -1.886704 0.537257
      vertex -2.019784 -1.883123 0.471241
      vertex -2.018224 -1.900135 0.534885
    endloop
  endfacet
  facet normal -0.074190 0.969834 0.232201
    outer loop
      vertex -1.752844 -1.871548 0.518186
      vertex -1.883621 -1.793061 0.148586
      vertex -1.891278 -1.886704 0.537257
    endloop
  endfacet
  facet normal -0.066219 0.963829 0.258165
    outer loop
      vertex -1.666482 -1.862199 0.505433
      vertex -1.652559 -1.757241 0.117157
      vertex -1.752844 -1.871548 0.518186
    endloop
  endfacet
  facet normal -0.219674 0.938383 0.266796
    outer loop
      vertex -1.577013 -1.839222 0.498287
      vertex -1.571073 -1.727864 0.111505
      vertex -1.666482 -1.862199 0.505433
    endloop
  endfacet
  facet normal -0.394162 0.857062 0.331783
    outer loop
      vertex -1.496313 -1.928558 0.893612
      vertex -1.574719 -1.962576 0.888341
      vertex -1.494879 -2.002903 1.087365
    endloop
  endfacet
  facet normal -0.470576 0.840493 0.268572
    outer loop
      vertex -1.498662 -1.796813 0.502850
      vertex -1.577013 -1.839222 0.498287
      vertex -1.574719 -1.962576 0.888341
    endloop
  endfacet
  facet normal -0.193078 0.917435 0.347899
    outer loop
      vertex -1.420944 -1.988573 1.093704
      vertex -1.420944 -1.841438 0.705700
      vertex -1.496313 -1.928558 0.893612
    endloop
  endfacet
  facet normal 0.179578 0.918005 0.353578
    outer loop
      vertex -1.347009 -2.002903 1.087365
      vertex -1.345574 -1.928558 0.893612
      vertex -1.420944 -1.841438 0.705700
    endloop
  endfacet
  facet normal 0.395848 0.864255 0.310431
    outer loop
      vertex -1.267169 -1.962576 0.888341
      vertex -1.345574 -1.928558 0.893612
      vertex -1.269986 -2.030882 1.082101
    endloop
  endfacet
  facet normal 0.166769 0.943232 0.287230
    outer loop
      vertex -1.178619 -1.979569 0.892730
      vertex -1.175406 -1.862199 0.505433
      vertex -1.267169 -1.962576 0.888341
    endloop
  endfacet
  facet normal 0.069058 0.967844 0.241885
    outer loop
      vertex -1.089044 -1.871548 0.518186
      vertex -1.107059 -1.772739 0.127969
      vertex -1.175406 -1.862199 0.505433
    endloop
  endfacet
  facet normal 0.777961 0.609678 0.151886
    outer loop
      vertex -2.103962 -2.019934 1.156248
      vertex -2.085008 -2.030577 1.101887
      vertex -2.126085 -1.948749 0.983823
    endloop
  endfacet
  facet normal 0.675995 0.706996 0.207816
    outer loop
      vertex -2.135251 -1.945392 1.004433
      vertex -2.111848 -2.017963 1.175195
      vertex -2.103962 -2.019934 1.156248
    endloop
  endfacet
  facet normal 0.088412 -0.971453 -0.220142
    outer loop
      vertex -0.439158 -2.142785 -0.222692
      vertex -0.507574 -2.253211 0.237126
      vertex -0.604241 -2.261829 0.236331
    endloop
  endfacet
  facet normal 0.056971 -0.971193 -0.231382
    outer loop
      vertex -0.516670 -2.108709 -0.384803
      vertex -0.439158 -2.142785 -0.222692
      vertex -0.604241 -2.261829 0.236331
    endloop
  endfacet
  facet normal 0.020144 -0.964011 -0.265096
    outer loop
      vertex -0.535759 -2.044346 -0.620308
      vertex -0.516670 -2.108709 -0.384803
      vertex -0.587022 -2.162412 -0.194860
    endloop
  endfacet
  facet normal 0.097218 -0.980870 -0.168652
    outer loop
      vertex -0.405479 -2.255949 0.311899
      vertex -0.586920 -2.339666 0.694203
      vertex -0.507574 -2.253211 0.237126
    endloop
  endfacet
  facet normal 0.094472 -0.987958 -0.122534
    outer loop
      vertex -0.502464 -2.339600 0.758785
      vertex -0.631831 -2.372330 0.922940
      vertex -0.586920 -2.339666 0.694203
    endloop
  endfacet
  facet normal 0.089385 -0.992894 -0.078560
    outer loop
      vertex -0.631831 -2.372330 0.922940
      vertex -0.562027 -2.370480 0.978973
      vertex -0.680883 -2.394861 1.151890
    endloop
  endfacet
  facet normal 0.050862 -0.998659 -0.009682
    outer loop
      vertex -0.680883 -2.394861 1.151890
      vertex -0.667385 -2.395623 1.301420
      vertex -0.734028 -2.399781 1.380111
    endloop
  endfacet
  facet normal 0.084569 -0.988157 0.128037
    outer loop
      vertex -0.706672 -2.394219 1.404965
      vertex -0.761567 -2.387570 1.492539
      vertex -0.734028 -2.399781 1.380111
    endloop
  endfacet
  facet normal 0.090122 -0.946486 0.309906
    outer loop
      vertex -0.747385 -2.382173 1.504898
      vertex -0.774973 -2.371188 1.546468
      vertex -0.761567 -2.387570 1.492539
    endloop
  endfacet
  facet normal 0.095482 -0.852828 0.513388
    outer loop
      vertex -0.767666 -2.367065 1.551959
      vertex -0.781180 -2.357258 1.570764
      vertex -0.774973 -2.371188 1.546468
    endloop
  endfacet
  facet normal 0.450153 -0.530881 0.718003
    outer loop
      vertex -0.783827 -2.346543 1.580346
      vertex -0.785438 -2.350506 1.578426
      vertex -0.781180 -2.357258 1.570764
    endloop
  endfacet
  facet normal -0.014916 -0.431128 0.902168
    outer loop
      vertex -0.785944 -2.333796 1.586403
      vertex -0.785438 -2.350506 1.578426
      vertex -0.783827 -2.346543 1.580346
    endloop
  endfacet
  facet normal 0.000000 -0.202953 0.979188
    outer loop
      vertex -0.785920 -2.329530 1.587287
      vertex -0.789912 -2.333796 1.586403
      vertex -0.785944 -2.333796 1.586403
    endloop
  endfacet
  facet normal -0.298514 -0.855500 -0.423095
    outer loop
      vertex -0.636575 -1.908883 -0.966878
      vertex -0.648235 -1.991570 -0.791458
      vertex -0.679492 -1.947121 -0.859281
    endloop
  endfacet
  facet normal -0.536911 -0.706125 -0.461642
    outer loop
      vertex -0.630961 -1.858415 -1.051409
      vertex -0.679492 -1.947121 -0.859281
      vertex -0.674693 -1.895093 -0.944445
    endloop
  endfacet
  facet normal -0.199661 -0.765487 -0.611690
    outer loop
      vertex -0.722595 -1.861161 -0.946916
      vertex -0.726135 -1.925115 -0.865726
      vertex -0.756283 -1.936534 -0.841596
    endloop
  endfacet
  facet normal -0.458544 -0.688272 -0.562155
    outer loop
      vertex -0.674693 -1.895093 -0.944445
      vertex -0.726135 -1.925115 -0.865726
      vertex -0.722595 -1.861161 -0.946916
    endloop
  endfacet
  facet normal 0.032383 -0.783607 -0.620412
    outer loop
      vertex -0.753410 -1.870971 -0.924254
      vertex -0.756283 -1.936534 -0.841596
      vertex -0.788885 -1.904599 -0.883633
    endloop
  endfacet
  facet normal 0.134136 -0.820812 -0.555226
    outer loop
      vertex -0.788885 -1.904599 -0.883633
      vertex -0.833053 -1.980270 -0.782436
      vertex -0.831105 -1.906141 -0.891553
    endloop
  endfacet
  facet normal 0.211382 -0.820383 -0.531309
    outer loop
      vertex -0.831105 -1.906141 -0.891553
      vertex -0.871842 -1.978645 -0.795809
      vertex -0.869869 -1.903535 -0.911000
    endloop
  endfacet
  facet normal 0.307770 -0.825451 -0.473190
    outer loop
      vertex -0.869869 -1.903535 -0.911000
      vertex -0.944399 -1.969615 -0.844202
      vertex -0.940504 -1.890552 -0.979589
    endloop
  endfacet
  facet normal 0.308165 -0.825345 -0.473117
    outer loop
      vertex -0.940504 -1.890552 -0.979589
      vertex -0.944399 -1.969615 -0.844202
      vertex -1.013122 -1.955674 -0.913285
    endloop
  endfacet
  facet normal -0.114799 -0.927534 -0.355670
    outer loop
      vertex -0.609584 -1.949642 -0.911585
      vertex -0.585176 -1.977605 -0.846540
      vertex -0.623745 -2.017466 -0.730138
    endloop
  endfacet
  facet normal -0.393528 -0.821198 -0.413243
    outer loop
      vertex -0.636575 -1.908883 -0.966878
      vertex -0.609584 -1.949642 -0.911585
      vertex -0.648235 -1.991570 -0.791458
    endloop
  endfacet
  facet normal 0.108640 -0.950262 -0.291889
    outer loop
      vertex -0.540797 -1.940779 -0.949911
      vertex -0.582680 -2.068923 -0.548319
      vertex -0.585176 -1.977605 -0.846540
    endloop
  endfacet
  facet normal 0.038837 -0.953123 -0.300082
    outer loop
      vertex -0.540797 -1.940779 -0.949911
      vertex -0.535759 -2.044346 -0.620308
      vertex -0.582680 -2.068923 -0.548319
    endloop
  endfacet
  facet normal 0.348967 -0.854626 -0.384495
    outer loop
      vertex -1.070785 -1.847234 -1.187365
      vertex -1.005883 -1.870641 -1.076434
      vertex -1.081495 -1.939204 -0.992662
    endloop
  endfacet
  facet normal 0.365023 -0.832132 -0.417510
    outer loop
      vertex -1.005883 -1.870641 -1.076434
      vertex -0.940504 -1.890552 -0.979589
      vertex -1.013122 -1.955674 -0.913285
    endloop
  endfacet
  facet normal -0.423380 -0.787575 -0.447745
    outer loop
      vertex -1.836004 -1.870641 -1.076434
      vertex -1.897488 -1.969615 -0.844202
      vertex -1.901384 -1.890552 -0.979589
    endloop
  endfacet
  facet normal -0.409049 -0.806809 -0.426308
    outer loop
      vertex -1.716156 -1.699979 -1.518774
      vertex -1.701908 -1.823729 -1.298244
      vertex -1.771103 -1.847234 -1.187365
    endloop
  endfacet
  facet normal -0.483534 -0.755368 -0.442282
    outer loop
      vertex -1.782703 -1.730748 -1.373628
      vertex -1.771103 -1.847234 -1.187365
      vertex -1.836004 -1.870641 -1.076434
    endloop
  endfacet
  facet normal 0.182836 -0.885023 -0.428141
    outer loop
      vertex -1.300383 -1.658280 -1.736651
      vertex -1.262228 -1.796773 -1.434072
      vertex -1.310275 -1.792068 -1.464316
    endloop
  endfacet
  facet normal 0.093629 -0.926600 -0.364206
    outer loop
      vertex -1.310275 -1.792068 -1.464316
      vertex -1.319237 -1.900803 -1.189981
      vertex -1.362975 -1.789701 -1.483886
    endloop
  endfacet
  facet normal 0.236101 -0.872514 -0.427756
    outer loop
      vertex -1.249592 -1.664545 -1.696809
      vertex -1.218226 -1.803946 -1.395155
      vertex -1.262228 -1.796773 -1.434072
    endloop
  endfacet
  facet normal 0.339586 -0.829450 -0.443502
    outer loop
      vertex -1.125731 -1.699979 -1.518774
      vertex -1.139980 -1.823729 -1.298244
      vertex -1.218226 -1.803946 -1.395155
    endloop
  endfacet
  facet normal 0.460821 -0.765082 -0.449772
    outer loop
      vertex -1.139980 -1.823729 -1.298244
      vertex -1.059185 -1.730748 -1.373628
      vertex -1.070785 -1.847234 -1.187365
    endloop
  endfacet
  facet normal 0.041621 -0.930741 -0.363302
    outer loop
      vertex -1.362975 -1.789701 -1.483886
      vertex -1.368173 -1.899398 -1.203451
      vertex -1.420944 -1.796428 -1.473295
    endloop
  endfacet
  facet normal -0.036148 -0.921270 -0.387240
    outer loop
      vertex -1.420944 -1.789146 -1.490619
      vertex -1.420944 -1.796428 -1.473295
      vertex -1.478912 -1.789701 -1.483886
    endloop
  endfacet
  facet normal -0.419909 -0.802779 -0.423346
    outer loop
      vertex -1.637819 -1.674011 -1.645717
      vertex -1.701908 -1.823729 -1.298244
      vertex -1.716156 -1.699979 -1.518774
    endloop
  endfacet
  facet normal -0.291237 -0.860085 -0.418849
    outer loop
      vertex -1.592296 -1.664545 -1.696809
      vertex -1.579660 -1.796773 -1.434072
      vertex -1.637819 -1.674011 -1.645717
    endloop
  endfacet
  facet normal -0.223661 -0.877994 -0.423204
    outer loop
      vertex -1.541504 -1.658280 -1.736651
      vertex -1.531612 -1.792068 -1.464316
      vertex -1.592296 -1.664545 -1.696809
    endloop
  endfacet
  facet normal -0.144845 -0.892109 -0.427973
    outer loop
      vertex -1.484654 -1.655084 -1.762552
      vertex -1.478912 -1.789701 -1.483886
      vertex -1.541504 -1.658280 -1.736651
    endloop
  endfacet
  facet normal -0.348279 -0.787931 -0.507805
    outer loop
      vertex -1.901384 -1.890552 -0.979589
      vertex -1.970046 -1.978645 -0.795809
      vertex -1.972018 -1.903535 -0.911000
    endloop
  endfacet
  facet normal -0.219317 -0.808852 -0.545580
    outer loop
      vertex -1.972018 -1.903535 -0.911000
      vertex -2.008834 -1.980270 -0.782436
      vertex -2.010782 -1.906141 -0.891553
    endloop
  endfacet
  facet normal -0.120073 -0.814786 -0.567191
    outer loop
      vertex -2.010782 -1.906141 -0.891553
      vertex -2.049999 -1.975503 -0.783610
      vertex -2.052612 -1.905201 -0.884048
    endloop
  endfacet
  facet normal 0.038828 -0.818156 -0.573683
    outer loop
      vertex -2.052612 -1.905201 -0.884048
      vertex -2.049999 -1.975503 -0.783610
      vertex -2.085605 -1.936534 -0.841596
    endloop
  endfacet
  facet normal 0.102643 -0.843420 -0.527359
    outer loop
      vertex -2.085605 -1.936534 -0.841596
      vertex -2.112026 -1.979054 -0.778735
      vertex -2.115752 -1.925115 -0.865726
    endloop
  endfacet
  facet normal -0.105559 -0.994408 0.003146
    outer loop
      vertex -2.161004 -2.394861 1.151890
      vertex -2.115496 -2.399788 1.121589
      vertex -2.107860 -2.399781 1.380111
    endloop
  endfacet
  facet normal -0.167040 -0.981718 -0.091254
    outer loop
      vertex -2.166021 -2.356827 0.751903
      vertex -2.115496 -2.399788 1.121589
      vertex -2.161004 -2.394861 1.151890
    endloop
  endfacet
  facet normal -0.165669 -0.977409 -0.131246
    outer loop
      vertex -2.210057 -2.372330 0.922940
      vertex -2.179699 -2.341204 0.652816
      vertex -2.166021 -2.356827 0.751903
    endloop
  endfacet
  facet normal -0.115560 -0.977972 -0.173827
    outer loop
      vertex -2.246631 -2.247864 0.172170
      vertex -2.179699 -2.341204 0.652816
      vertex -2.254967 -2.339666 0.694203
    endloop
  endfacet
  facet normal -0.103849 -0.969949 -0.220034
    outer loop
      vertex -2.303568 -2.150054 -0.232120
      vertex -2.246631 -2.247864 0.172170
      vertex -2.334314 -2.253211 0.237126
    endloop
  endfacet
  facet normal -0.055302 -0.967060 -0.248469
    outer loop
      vertex -2.309263 -2.139396 -0.272335
      vertex -2.254865 -2.162412 -0.194860
      vertex -2.303568 -2.150054 -0.232120
    endloop
  endfacet
  facet normal -0.035892 -0.964574 -0.261359
    outer loop
      vertex -2.333915 -2.091428 -0.445979
      vertex -2.254865 -2.162412 -0.194860
      vertex -2.309263 -2.139396 -0.272335
    endloop
  endfacet
  facet normal -0.088427 -0.957991 -0.272826
    outer loop
      vertex -2.306128 -2.044346 -0.620308
      vertex -2.333915 -2.091428 -0.445979
      vertex -2.333757 -2.034613 -0.645530
    endloop
  endfacet
  facet normal -0.123651 -0.949027 -0.289929
    outer loop
      vertex -2.355355 -1.909731 -1.028397
      vertex -2.301091 -1.940779 -0.949911
      vertex -2.259208 -2.068923 -0.548319
    endloop
  endfacet
  facet normal -0.126051 -0.946515 -0.297018
    outer loop
      vertex -2.355355 -1.909731 -1.028397
      vertex -2.306128 -2.044346 -0.620308
      vertex -2.387468 -1.897231 -1.054602
    endloop
  endfacet
  facet normal 0.060222 -0.931846 -0.357823
    outer loop
      vertex -2.272834 -1.908031 -1.030438
      vertex -2.256712 -1.977605 -0.846540
      vertex -2.301091 -1.940779 -0.949911
    endloop
  endfacet
  facet normal 0.103306 -0.927267 -0.359868
    outer loop
      vertex -2.272834 -1.908031 -1.030438
      vertex -2.232303 -1.949642 -0.911585
      vertex -2.256712 -1.977605 -0.846540
    endloop
  endfacet
  facet normal 0.298514 -0.855500 -0.423095
    outer loop
      vertex -2.205313 -1.908883 -0.966878
      vertex -2.162395 -1.947121 -0.859281
      vertex -2.193652 -1.991570 -0.791458
    endloop
  endfacet
  facet normal 0.393528 -0.821198 -0.413243
    outer loop
      vertex -2.205313 -1.908883 -0.966878
      vertex -2.193652 -1.991570 -0.791458
      vertex -2.232303 -1.949642 -0.911585
    endloop
  endfacet
  facet normal 0.308953 -0.803763 -0.508442
    outer loop
      vertex -2.167195 -1.895093 -0.944445
      vertex -2.115752 -1.925115 -0.865726
      vertex -2.162395 -1.947121 -0.859281
    endloop
  endfacet
  facet normal 0.463053 0.818976 0.338911
    outer loop
      vertex -2.111848 -2.017963 1.175195
      vertex -2.115726 -2.018313 1.181340
      vertex -2.088598 -2.098603 1.338295
    endloop
  endfacet
  facet normal 0.498446 0.765581 0.406740
    outer loop
      vertex -2.088598 -2.098603 1.338295
      vertex -2.092055 -2.099121 1.343507
      vertex -2.065831 -2.193890 1.489747
    endloop
  endfacet
  facet normal 0.336579 0.816635 0.468851
    outer loop
      vertex -2.065831 -2.193890 1.489747
      vertex -2.092055 -2.099121 1.343507
      vertex -2.069224 -2.194487 1.493222
    endloop
  endfacet
  facet normal 0.491547 0.676212 0.548742
    outer loop
      vertex -2.058705 -2.254193 1.557375
      vertex -2.069224 -2.194487 1.493222
      vertex -2.064070 -2.242645 1.547950
    endloop
  endfacet
  facet normal 0.812036 0.284780 0.509409
    outer loop
      vertex -2.061239 -2.276775 1.574039
      vertex -2.058705 -2.254193 1.557375
      vertex -2.060714 -2.266262 1.567325
    endloop
  endfacet
  facet normal 0.198644 0.511004 0.836311
    outer loop
      vertex -2.054300 -2.290855 1.580994
      vertex -2.061239 -2.276775 1.574039
      vertex -2.059922 -2.281965 1.576898
    endloop
  endfacet
  facet normal 0.110068 0.472545 0.874406
    outer loop
      vertex -2.059922 -2.281965 1.576898
      vertex -2.059340 -2.284611 1.578254
      vertex -2.054300 -2.290855 1.580994
    endloop
  endfacet
  facet normal -0.218938 0.392984 0.893101
    outer loop
      vertex -2.059340 -2.284611 1.578254
      vertex -2.060110 -2.288098 1.579600
      vertex -2.058405 -2.287009 1.579539
    endloop
  endfacet
  facet normal -0.202953 0.368748 0.907102
    outer loop
      vertex -2.060110 -2.288098 1.579600
      vertex -2.059098 -2.293473 1.582011
      vertex -2.058405 -2.287009 1.579539
    endloop
  endfacet
  facet normal -0.314335 0.308715 0.897713
    outer loop
      vertex -2.059098 -2.293473 1.582011
      vertex -2.058427 -2.298984 1.584141
      vertex -2.057491 -2.297237 1.583869
    endloop
  endfacet
  facet normal -0.457650 0.180622 0.870593
    outer loop
      vertex -2.064258 -2.290767 1.579705
      vertex -2.057755 -2.307487 1.586592
      vertex -2.057958 -2.304622 1.585891
    endloop
  endfacet
  facet normal -0.332892 0.254097 0.908085
    outer loop
      vertex -2.064258 -2.290767 1.579705
      vertex -2.057958 -2.304622 1.585891
      vertex -2.058427 -2.298984 1.584141
    endloop
  endfacet
  facet normal -0.052403 -0.035902 0.997980
    outer loop
      vertex -2.057551 -2.310381 1.587161
      vertex -2.059668 -2.311778 1.586999
      vertex -2.055944 -2.333796 1.586403
    endloop
  endfacet
  facet normal -0.344621 0.239825 0.907590
    outer loop
      vertex -2.064258 -2.290767 1.579705
      vertex -2.059668 -2.311778 1.586999
      vertex -2.057755 -2.307487 1.586592
    endloop
  endfacet
  facet normal 0.078961 -0.674857 0.733712
    outer loop
      vertex -2.072180 -2.349068 1.578815
      vertex -2.064472 -2.354529 1.572963
      vertex -2.059982 -2.345037 1.581210
    endloop
  endfacet
  facet normal 0.165140 -0.574017 0.802019
    outer loop
      vertex -2.075665 -2.346016 1.581717
      vertex -2.072180 -2.349068 1.578815
      vertex -2.055944 -2.333796 1.586403
    endloop
  endfacet
  facet normal -0.072241 -0.841326 0.535679
    outer loop
      vertex -2.066914 -2.371188 1.546468
      vertex -2.064472 -2.354529 1.572963
      vertex -2.074221 -2.367065 1.551959
    endloop
  endfacet
  facet normal -0.068942 -0.940846 0.331747
    outer loop
      vertex -2.080321 -2.387570 1.492539
      vertex -2.074221 -2.367065 1.551959
      vertex -2.094502 -2.382173 1.504898
    endloop
  endfacet
  facet normal -0.067553 -0.986904 0.146485
    outer loop
      vertex -2.107860 -2.399781 1.380111
      vertex -2.094502 -2.382173 1.504898
      vertex -2.135215 -2.394219 1.404965
    endloop
  endfacet
  facet normal 0.097221 0.954847 0.280741
    outer loop
      vertex -0.830686 -1.982436 0.821327
      vertex -0.950610 -1.886704 0.537257
      vertex -0.957097 -1.996295 0.912243
    endloop
  endfacet
  facet normal 0.072645 0.967636 0.241667
    outer loop
      vertex -0.950610 -1.886704 0.537257
      vertex -1.107059 -1.772739 0.127969
      vertex -1.089044 -1.871548 0.518186
    endloop
  endfacet
  facet normal -0.366479 0.882574 0.294545
    outer loop
      vertex -0.807016 -2.044582 1.022813
      vertex -0.818332 -2.113709 1.215866
      vertex -0.801396 -2.112641 1.233737
    endloop
  endfacet
  facet normal -0.531521 0.790047 0.305470
    outer loop
      vertex -0.801396 -2.112641 1.233737
      vertex -0.817991 -2.198032 1.425712
      vertex -0.798582 -2.195664 1.453360
    endloop
  endfacet
  facet normal -0.444364 0.761248 0.472273
    outer loop
      vertex -0.793903 -2.252743 1.549767
      vertex -0.798582 -2.195664 1.453360
      vertex -0.809151 -2.252456 1.534956
    endloop
  endfacet
  facet normal -0.195899 0.607901 0.769468
    outer loop
      vertex -0.793903 -2.252743 1.549767
      vertex -0.798712 -2.289168 1.577319
      vertex -0.791273 -2.290197 1.580026
    endloop
  endfacet
  facet normal -0.098022 0.945237 0.311319
    outer loop
      vertex -0.837063 -2.067003 1.081427
      vertex -0.807016 -2.044582 1.022813
      vertex -0.832757 -2.008706 0.905780
    endloop
  endfacet
  facet normal 0.110123 0.948293 0.297681
    outer loop
      vertex -0.832757 -2.008706 0.905780
      vertex -0.830686 -1.982436 0.821327
      vertex -0.957097 -1.996295 0.912243
    endloop
  endfacet
  facet normal -0.034923 0.321828 0.946154
    outer loop
      vertex -0.791273 -2.290197 1.580026
      vertex -0.792991 -2.311242 1.587121
      vertex -0.789187 -2.311755 1.587436
    endloop
  endfacet
  facet normal -0.174721 -0.040359 0.983791
    outer loop
      vertex -0.789187 -2.311755 1.587436
      vertex -0.789912 -2.333796 1.586403
      vertex -0.785920 -2.329530 1.587287
    endloop
  endfacet
  facet normal 0.794224 0.592580 0.134378
    outer loop
      vertex -2.085008 -2.030577 1.101887
      vertex -2.104510 -1.964078 0.923905
      vertex -2.126085 -1.948749 0.983823
    endloop
  endfacet
  facet normal 0.687523 0.703493 0.180026
    outer loop
      vertex -2.071040 -1.980674 0.860934
      vertex -2.104510 -1.964078 0.923905
      vertex -2.056242 -2.042225 1.044947
    endloop
  endfacet
  facet normal 0.385234 0.884512 0.263124
    outer loop
      vertex -2.045502 -1.984544 0.836554
      vertex -2.071040 -1.980674 0.860934
      vertex -2.034871 -2.044582 1.022813
    endloop
  endfacet
  facet normal 0.073566 0.963911 0.255858
    outer loop
      vertex -2.018224 -1.900135 0.534885
      vertex -2.019784 -1.883123 0.471241
      vertex -2.064732 -1.882781 0.482876
    endloop
  endfacet
  facet normal 0.364642 0.899924 0.239108
    outer loop
      vertex -2.064732 -1.882781 0.482876
      vertex -2.071040 -1.980674 0.860934
      vertex -2.045502 -1.984544 0.836554
    endloop
  endfacet
  facet normal -0.097104 0.965555 0.241401
    outer loop
      vertex -1.891278 -1.886704 0.537257
      vertex -2.027455 -1.805678 0.158394
      vertex -2.019784 -1.883123 0.471241
    endloop
  endfacet
  facet normal -0.069257 0.970157 0.232376
    outer loop
      vertex -1.891278 -1.886704 0.537257
      vertex -1.883621 -1.793061 0.148586
      vertex -2.027455 -1.805678 0.158394
    endloop
  endfacet
  facet normal -0.098650 0.965750 0.239989
    outer loop
      vertex -1.752844 -1.871548 0.518186
      vertex -1.734828 -1.772739 0.127969
      vertex -1.883621 -1.793061 0.148586
    endloop
  endfacet
  facet normal -0.149824 0.960087 0.236192
    outer loop
      vertex -1.752844 -1.871548 0.518186
      vertex -1.652559 -1.757241 0.117157
      vertex -1.734828 -1.772739 0.127969
    endloop
  endfacet
  facet normal -0.314874 0.919032 0.237140
    outer loop
      vertex -1.571073 -1.727864 0.111505
      vertex -1.652559 -1.757241 0.117157
      vertex -1.666482 -1.862199 0.505433
    endloop
  endfacet
  facet normal -0.530947 0.816459 0.226913
    outer loop
      vertex -1.498806 -1.681701 0.114501
      vertex -1.571073 -1.727864 0.111505
      vertex -1.577013 -1.839222 0.498287
    endloop
  endfacet
  facet normal -0.396908 0.869032 0.295378
    outer loop
      vertex -1.498662 -1.796813 0.502850
      vertex -1.574719 -1.962576 0.888341
      vertex -1.496313 -1.928558 0.893612
    endloop
  endfacet
  facet normal -0.472064 0.845167 0.250694
    outer loop
      vertex -1.498806 -1.681701 0.114501
      vertex -1.577013 -1.839222 0.498287
      vertex -1.498662 -1.796813 0.502850
    endloop
  endfacet
  facet normal -0.301761 0.905377 0.298718
    outer loop
      vertex -1.420944 -1.776781 0.509732
      vertex -1.496313 -1.928558 0.893612
      vertex -1.420944 -1.841438 0.705700
    endloop
  endfacet
  facet normal 0.282254 0.908549 0.308012
    outer loop
      vertex -1.345574 -1.928558 0.893612
      vertex -1.343226 -1.796813 0.502850
      vertex -1.420944 -1.841438 0.705700
    endloop
  endfacet
  facet normal 0.397958 0.874029 0.278751
    outer loop
      vertex -1.264875 -1.839222 0.498287
      vertex -1.345574 -1.928558 0.893612
      vertex -1.267169 -1.962576 0.888341
    endloop
  endfacet
  facet normal 0.215403 0.930710 0.295602
    outer loop
      vertex -1.267169 -1.962576 0.888341
      vertex -1.175406 -1.862199 0.505433
      vertex -1.264875 -1.839222 0.498287
    endloop
  endfacet
  facet normal 0.146854 0.956200 0.253212
    outer loop
      vertex -1.175406 -1.862199 0.505433
      vertex -1.107059 -1.772739 0.127969
      vertex -1.189328 -1.757241 0.117157
    endloop
  endfacet
  facet normal 0.694960 0.691706 0.196400
    outer loop
      vertex -2.103962 -2.019934 1.156248
      vertex -2.126085 -1.948749 0.983823
      vertex -2.135251 -1.945392 1.004433
    endloop
  endfacet
  facet normal 0.422292 0.853640 0.304906
    outer loop
      vertex -2.135251 -1.945392 1.004433
      vertex -2.139884 -1.945434 1.010966
      vertex -2.111848 -2.017963 1.175195
    endloop
  endfacet
  facet normal 0.117824 -0.969419 -0.215278
    outer loop
      vertex -0.333076 -2.147848 -0.141832
      vertex -0.507574 -2.253211 0.237126
      vertex -0.439158 -2.142785 -0.222692
    endloop
  endfacet
  facet normal 0.129212 -0.956169 -0.262766
    outer loop
      vertex -0.379281 -2.006225 -0.690171
      vertex -0.439158 -2.142785 -0.222692
      vertex -0.516670 -2.108709 -0.384803
    endloop
  endfacet
  facet normal 0.091753 -0.958638 -0.269432
    outer loop
      vertex -0.508131 -2.034613 -0.645530
      vertex -0.516670 -2.108709 -0.384803
      vertex -0.535759 -2.044346 -0.620308
    endloop
  endfacet
  facet normal 0.119768 -0.972625 -0.199140
    outer loop
      vertex -0.366483 -2.204887 0.085959
      vertex -0.405479 -2.255949 0.311899
      vertex -0.507574 -2.253211 0.237126
    endloop
  endfacet
  facet normal 0.064847 -0.980785 -0.183997
    outer loop
      vertex -0.405479 -2.255949 0.311899
      vertex -0.450587 -2.301002 0.536155
      vertex -0.586920 -2.339666 0.694203
    endloop
  endfacet
  facet normal 0.111289 -0.983222 -0.144532
    outer loop
      vertex -0.450587 -2.301002 0.536155
      vertex -0.502464 -2.339600 0.758785
      vertex -0.586920 -2.339666 0.694203
    endloop
  endfacet
  facet normal 0.112870 -0.987724 -0.107988
    outer loop
      vertex -0.502464 -2.339600 0.758785
      vertex -0.562027 -2.370480 0.978973
      vertex -0.631831 -2.372330 0.922940
    endloop
  endfacet
  facet normal 0.122685 -0.990899 -0.055389
    outer loop
      vertex -0.562027 -2.370480 0.978973
      vertex -0.630100 -2.391006 1.195396
      vertex -0.680883 -2.394861 1.151890
    endloop
  endfacet
  facet normal 0.086687 -0.996152 -0.012903
    outer loop
      vertex -0.680883 -2.394861 1.151890
      vertex -0.630100 -2.391006 1.195396
      vertex -0.667385 -2.395623 1.301420
    endloop
  endfacet
  facet normal 0.140300 -0.987864 0.066633
    outer loop
      vertex -0.667385 -2.395623 1.301420
      vertex -0.706672 -2.394219 1.404965
      vertex -0.734028 -2.399781 1.380111
    endloop
  endfacet
  facet normal 0.195405 -0.961048 0.195455
    outer loop
      vertex -0.706672 -2.394219 1.404965
      vertex -0.747385 -2.382173 1.504898
      vertex -0.761567 -2.387570 1.492539
    endloop
  endfacet
  facet normal 0.219056 -0.897590 0.382553
    outer loop
      vertex -0.747385 -2.382173 1.504898
      vertex -0.767666 -2.367065 1.551959
      vertex -0.774973 -2.371188 1.546468
    endloop
  endfacet
  facet normal 0.232087 -0.784044 0.575682
    outer loop
      vertex -0.767666 -2.367065 1.551959
      vertex -0.777415 -2.354529 1.572963
      vertex -0.781180 -2.357258 1.570764
    endloop
  endfacet
  facet normal 0.040793 -0.660433 0.749776
    outer loop
      vertex -0.783827 -2.346543 1.580346
      vertex -0.781180 -2.357258 1.570764
      vertex -0.777415 -2.354529 1.572963
    endloop
  endfacet
  facet normal -0.061386 -0.436644 0.897538
    outer loop
      vertex -0.785944 -2.333796 1.586403
      vertex -0.783827 -2.346543 1.580346
      vertex -0.781905 -2.345037 1.581210
    endloop
  endfacet
  facet normal 0.990760 -0.032813 0.131596
    outer loop
      vertex -0.785944 -2.333796 1.586403
      vertex -0.785258 -2.309804 1.587223
      vertex -0.785920 -2.329530 1.587287
    endloop
  endfacet
  facet normal -0.521219 -0.717081 -0.462737
    outer loop
      vertex -0.679492 -1.947121 -0.859281
      vertex -0.630961 -1.858415 -1.051409
      vertex -0.636575 -1.908883 -0.966878
    endloop
  endfacet
  facet normal -0.670876 -0.572985 -0.470759
    outer loop
      vertex -0.674693 -1.895093 -0.944445
      vertex -0.625618 -1.799672 -1.130523
      vertex -0.630961 -1.858415 -1.051409
    endloop
  endfacet
  facet normal -0.207431 -0.762907 -0.612328
    outer loop
      vertex -0.722595 -1.861161 -0.946916
      vertex -0.756283 -1.936534 -0.841596
      vertex -0.753410 -1.870971 -0.924254
    endloop
  endfacet
  facet normal -0.440116 -0.665240 -0.603119
    outer loop
      vertex -0.695044 -1.848663 -0.980807
      vertex -0.674693 -1.895093 -0.944445
      vertex -0.722595 -1.861161 -0.946916
    endloop
  endfacet
  facet normal -0.001002 -0.769872 -0.638198
    outer loop
      vertex -0.753410 -1.870971 -0.924254
      vertex -0.788885 -1.904599 -0.883633
      vertex -0.788692 -1.898077 -0.891500
    endloop
  endfacet
  facet normal 0.145920 -0.763398 -0.629230
    outer loop
      vertex -0.788692 -1.898077 -0.891500
      vertex -0.788885 -1.904599 -0.883633
      vertex -0.831105 -1.906141 -0.891553
    endloop
  endfacet
  facet normal 0.277804 -0.708514 -0.648717
    outer loop
      vertex -0.830280 -1.860209 -0.941365
      vertex -0.831105 -1.906141 -0.891553
      vertex -0.869869 -1.903535 -0.911000
    endloop
  endfacet
  facet normal 0.482413 -0.623856 -0.614883
    outer loop
      vertex -0.868281 -1.803991 -1.010750
      vertex -0.869869 -1.903535 -0.911000
      vertex -0.940504 -1.890552 -0.979589
    endloop
  endfacet
  facet normal -0.103306 -0.927267 -0.359868
    outer loop
      vertex -0.569054 -1.908031 -1.030438
      vertex -0.585176 -1.977605 -0.846540
      vertex -0.609584 -1.949642 -0.911585
    endloop
  endfacet
  facet normal -0.394441 -0.821042 -0.412682
    outer loop
      vertex -0.596368 -1.867666 -1.087312
      vertex -0.609584 -1.949642 -0.911585
      vertex -0.636575 -1.908883 -0.966878
    endloop
  endfacet
  facet normal -0.060222 -0.931846 -0.357823
    outer loop
      vertex -0.569054 -1.908031 -1.030438
      vertex -0.540797 -1.940779 -0.949911
      vertex -0.585176 -1.977605 -0.846540
    endloop
  endfacet
  facet normal 0.109134 -0.947836 -0.299495
    outer loop
      vertex -0.486533 -1.909731 -1.028397
      vertex -0.535759 -2.044346 -0.620308
      vertex -0.540797 -1.940779 -0.949911
    endloop
  endfacet
  facet normal 0.551228 -0.690592 -0.468220
    outer loop
      vertex -1.070785 -1.847234 -1.187365
      vertex -0.998226 -1.761449 -1.228471
      vertex -1.005883 -1.870641 -1.076434
    endloop
  endfacet
  facet normal 0.573944 -0.634338 -0.517883
    outer loop
      vertex -1.005883 -1.870641 -1.076434
      vertex -0.936655 -1.787504 -1.101543
      vertex -0.940504 -1.890552 -0.979589
    endloop
  endfacet
  facet normal -0.504035 -0.713335 -0.486931
    outer loop
      vertex -1.843661 -1.761449 -1.228471
      vertex -1.836004 -1.870641 -1.076434
      vertex -1.901384 -1.890552 -0.979589
    endloop
  endfacet
  facet normal -0.566754 -0.713941 -0.411192
    outer loop
      vertex -1.716156 -1.699979 -1.518774
      vertex -1.771103 -1.847234 -1.187365
      vertex -1.782703 -1.730748 -1.373628
    endloop
  endfacet
  facet normal -0.667961 -0.619988 -0.411634
    outer loop
      vertex -1.782703 -1.730748 -1.373628
      vertex -1.836004 -1.870641 -1.076434
      vertex -1.843661 -1.761449 -1.228471
    endloop
  endfacet
  facet normal 0.228589 -0.873975 -0.428853
    outer loop
      vertex -1.249592 -1.664545 -1.696809
      vertex -1.262228 -1.796773 -1.434072
      vertex -1.300383 -1.658280 -1.736651
    endloop
  endfacet
  facet normal 0.146739 -0.889924 -0.431859
    outer loop
      vertex -1.300383 -1.658280 -1.736651
      vertex -1.310275 -1.792068 -1.464316
      vertex -1.357234 -1.655084 -1.762552
    endloop
  endfacet
  facet normal 0.119436 -0.894956 -0.429871
    outer loop
      vertex -1.357234 -1.655084 -1.762552
      vertex -1.310275 -1.792068 -1.464316
      vertex -1.362975 -1.789701 -1.483886
    endloop
  endfacet
  facet normal 0.300259 -0.853601 -0.425687
    outer loop
      vertex -1.249592 -1.664545 -1.696809
      vertex -1.204068 -1.674011 -1.645717
      vertex -1.218226 -1.803946 -1.395155
    endloop
  endfacet
  facet normal 0.385850 -0.827720 -0.407430
    outer loop
      vertex -1.204068 -1.674011 -1.645717
      vertex -1.125731 -1.699979 -1.518774
      vertex -1.218226 -1.803946 -1.395155
    endloop
  endfacet
  facet normal 0.509865 -0.763851 -0.395689
    outer loop
      vertex -1.125731 -1.699979 -1.518774
      vertex -1.059185 -1.730748 -1.373628
      vertex -1.139980 -1.823729 -1.298244
    endloop
  endfacet
  facet normal 0.597450 -0.696098 -0.398121
    outer loop
      vertex -1.059185 -1.730748 -1.373628
      vertex -0.998226 -1.761449 -1.228471
      vertex -1.070785 -1.847234 -1.187365
    endloop
  endfacet
  facet normal 0.036148 -0.921270 -0.387240
    outer loop
      vertex -1.362975 -1.789701 -1.483886
      vertex -1.420944 -1.796428 -1.473295
      vertex -1.420944 -1.789146 -1.490619
    endloop
  endfacet
  facet normal -0.041771 -0.899990 -0.433904
    outer loop
      vertex -1.484654 -1.655084 -1.762552
      vertex -1.420944 -1.789146 -1.490619
      vertex -1.478912 -1.789701 -1.483886
    endloop
  endfacet
  facet normal -0.524663 -0.710408 -0.469094
    outer loop
      vertex -1.645301 -1.592921 -1.760154
      vertex -1.637819 -1.674011 -1.645717
      vertex -1.716156 -1.699979 -1.518774
    endloop
  endfacet
  facet normal -0.403530 -0.765380 -0.501356
    outer loop
      vertex -1.599000 -1.581648 -1.817966
      vertex -1.592296 -1.664545 -1.696809
      vertex -1.637819 -1.674011 -1.645717
    endloop
  endfacet
  facet normal -0.308662 -0.797191 -0.518859
    outer loop
      vertex -1.546777 -1.573906 -1.863148
      vertex -1.541504 -1.658280 -1.736651
      vertex -1.592296 -1.664545 -1.696809
    endloop
  endfacet
  facet normal -0.197446 -0.821630 -0.534733
    outer loop
      vertex -1.487732 -1.569686 -1.892632
      vertex -1.484654 -1.655084 -1.762552
      vertex -1.541504 -1.658280 -1.736651
    endloop
  endfacet
  facet normal -0.430104 -0.696218 -0.574710
    outer loop
      vertex -1.905233 -1.787504 -1.101543
      vertex -1.901384 -1.890552 -0.979589
      vertex -1.972018 -1.903535 -0.911000
    endloop
  endfacet
  facet normal -0.277804 -0.708513 -0.648718
    outer loop
      vertex -2.011608 -1.860209 -0.941365
      vertex -1.972018 -1.903535 -0.911000
      vertex -2.010782 -1.906141 -0.891553
    endloop
  endfacet
  facet normal -0.136654 -0.729392 -0.670308
    outer loop
      vertex -2.011608 -1.860209 -0.941365
      vertex -2.010782 -1.906141 -0.891553
      vertex -2.052612 -1.905201 -0.884048
    endloop
  endfacet
  facet normal -0.147210 -0.737698 -0.658886
    outer loop
      vertex -2.053498 -1.874956 -0.917713
      vertex -2.052612 -1.905201 -0.884048
      vertex -2.085605 -1.936534 -0.841596
    endloop
  endfacet
  facet normal 0.201265 -0.764021 -0.612997
    outer loop
      vertex -2.088478 -1.870971 -0.924254
      vertex -2.085605 -1.936534 -0.841596
      vertex -2.115752 -1.925115 -0.865726
    endloop
  endfacet
  facet normal -0.180895 -0.983280 0.020929
    outer loop
      vertex -2.161004 -2.394861 1.151890
      vertex -2.107860 -2.399781 1.380111
      vertex -2.135215 -2.394219 1.404965
    endloop
  endfacet
  facet normal -0.016397 -0.995395 -0.094444
    outer loop
      vertex -2.166021 -2.356827 0.751903
      vertex -2.161004 -2.394861 1.151890
      vertex -2.210057 -2.372330 0.922940
    endloop
  endfacet
  facet normal -0.088270 -0.988372 -0.123811
    outer loop
      vertex -2.179699 -2.341204 0.652816
      vertex -2.210057 -2.372330 0.922940
      vertex -2.254967 -2.339666 0.694203
    endloop
  endfacet
  facet normal -0.068881 -0.982360 -0.173853
    outer loop
      vertex -2.246631 -2.247864 0.172170
      vertex -2.254967 -2.339666 0.694203
      vertex -2.334314 -2.253211 0.237126
    endloop
  endfacet
  facet normal -0.092075 -0.971247 -0.219548
    outer loop
      vertex -2.303568 -2.150054 -0.232120
      vertex -2.334314 -2.253211 0.237126
      vertex -2.402730 -2.142785 -0.222692
    endloop
  endfacet
  facet normal -0.093852 -0.965572 -0.242616
    outer loop
      vertex -2.309263 -2.139396 -0.272335
      vertex -2.303568 -2.150054 -0.232120
      vertex -2.402730 -2.142785 -0.222692
    endloop
  endfacet
  facet normal -0.098885 -0.962689 -0.251895
    outer loop
      vertex -2.333915 -2.091428 -0.445979
      vertex -2.309263 -2.139396 -0.272335
      vertex -2.402730 -2.142785 -0.222692
    endloop
  endfacet
  facet normal -0.091593 -0.957715 -0.272750
    outer loop
      vertex -2.333757 -2.034613 -0.645530
      vertex -2.333915 -2.091428 -0.445979
      vertex -2.364734 -2.026977 -0.661940
    endloop
  endfacet
  facet normal -0.049268 -0.948752 -0.312157
    outer loop
      vertex -2.387468 -1.897231 -1.054602
      vertex -2.306128 -2.044346 -0.620308
      vertex -2.333757 -2.034613 -0.645530
    endloop
  endfacet
  facet normal -0.018694 -0.934077 -0.356582
    outer loop
      vertex -2.319651 -1.869743 -1.135019
      vertex -2.301091 -1.940779 -0.949911
      vertex -2.355355 -1.909731 -1.028397
    endloop
  endfacet
  facet normal -0.068835 -0.930589 -0.359536
    outer loop
      vertex -2.411304 -1.825115 -1.236697
      vertex -2.355355 -1.909731 -1.028397
      vertex -2.387468 -1.897231 -1.054602
    endloop
  endfacet
  facet normal 0.047289 -0.930975 -0.362007
    outer loop
      vertex -2.319651 -1.869743 -1.135019
      vertex -2.272834 -1.908031 -1.030438
      vertex -2.301091 -1.940779 -0.949911
    endloop
  endfacet
  facet normal 0.364768 -0.832988 -0.416023
    outer loop
      vertex -2.245520 -1.867666 -1.087312
      vertex -2.232303 -1.949642 -0.911585
      vertex -2.272834 -1.908031 -1.030438
    endloop
  endfacet
  facet normal 0.529803 -0.710139 -0.463694
    outer loop
      vertex -2.205313 -1.908883 -0.966878
      vertex -2.167195 -1.895093 -0.944445
      vertex -2.162395 -1.947121 -0.859281
    endloop
  endfacet
  facet normal 0.394441 -0.821042 -0.412682
    outer loop
      vertex -2.245520 -1.867666 -1.087312
      vertex -2.205313 -1.908883 -0.966878
      vertex -2.232303 -1.949642 -0.911585
    endloop
  endfacet
  facet normal 0.487683 -0.660679 -0.570674
    outer loop
      vertex -2.146844 -1.848663 -0.980807
      vertex -2.115752 -1.925115 -0.865726
      vertex -2.167195 -1.895093 -0.944445
    endloop
  endfacet
  facet normal 0.411425 0.857637 0.308527
    outer loop
      vertex -2.139884 -1.945434 1.010966
      vertex -2.115726 -2.018313 1.181340
      vertex -2.111848 -2.017963 1.175195
    endloop
  endfacet
  facet normal 0.412928 0.837793 0.357201
    outer loop
      vertex -2.115726 -2.018313 1.181340
      vertex -2.092055 -2.099121 1.343507
      vertex -2.088598 -2.098603 1.338295
    endloop
  endfacet
  facet normal 0.523673 0.752468 0.399447
    outer loop
      vertex -2.069224 -2.194487 1.493222
      vertex -2.092055 -2.099121 1.343507
      vertex -2.075575 -2.181259 1.476631
    endloop
  endfacet
  facet normal -0.207628 0.724589 0.657162
    outer loop
      vertex -2.064070 -2.242645 1.547950
      vertex -2.069224 -2.194487 1.493222
      vertex -2.075575 -2.181259 1.476631
    endloop
  endfacet
  facet normal 0.208853 0.674757 0.707872
    outer loop
      vertex -2.064070 -2.242645 1.547950
      vertex -2.063338 -2.247406 1.552272
      vertex -2.058705 -2.254193 1.557375
    endloop
  endfacet
  facet normal 0.066308 0.628130 0.775278
    outer loop
      vertex -2.063338 -2.247406 1.552272
      vertex -2.060714 -2.266262 1.567325
      vertex -2.058705 -2.254193 1.557375
    endloop
  endfacet
  facet normal 0.018440 0.537497 0.843064
    outer loop
      vertex -2.063976 -2.266768 1.567719
      vertex -2.061239 -2.276775 1.574039
      vertex -2.060714 -2.266262 1.567325
    endloop
  endfacet
  facet normal -0.278769 0.408031 0.869367
    outer loop
      vertex -2.067005 -2.267938 1.568043
      vertex -2.059922 -2.281965 1.576898
      vertex -2.061239 -2.276775 1.574039
    endloop
  endfacet
  facet normal -0.254011 0.396514 0.882188
    outer loop
      vertex -2.059922 -2.281965 1.576898
      vertex -2.060110 -2.288098 1.579600
      vertex -2.059340 -2.284611 1.578254
    endloop
  endfacet
  facet normal -0.212856 0.366308 0.905820
    outer loop
      vertex -2.064258 -2.290767 1.579705
      vertex -2.059098 -2.293473 1.582011
      vertex -2.060110 -2.288098 1.579600
    endloop
  endfacet
  facet normal -0.238878 0.324649 0.915172
    outer loop
      vertex -2.064258 -2.290767 1.579705
      vertex -2.058427 -2.298984 1.584141
      vertex -2.059098 -2.293473 1.582011
    endloop
  endfacet
  facet normal -0.069103 -0.038696 0.996859
    outer loop
      vertex -2.059668 -2.311778 1.586999
      vertex -2.064246 -2.315199 1.586549
      vertex -2.055944 -2.333796 1.586403
    endloop
  endfacet
  facet normal -0.201884 0.281587 0.938057
    outer loop
      vertex -2.073267 -2.297338 1.579738
      vertex -2.059668 -2.311778 1.586999
      vertex -2.064258 -2.290767 1.579705
    endloop
  endfacet
  facet normal -0.153915 -0.815375 0.558098
    outer loop
      vertex -2.074221 -2.367065 1.551959
      vertex -2.064472 -2.354529 1.572963
      vertex -2.072180 -2.349068 1.578815
    endloop
  endfacet
  facet normal 0.105700 -0.500126 0.859478
    outer loop
      vertex -2.078600 -2.342536 1.584103
      vertex -2.075665 -2.346016 1.581717
      vertex -2.055944 -2.333796 1.586403
    endloop
  endfacet
  facet normal -0.093683 -0.740151 0.665883
    outer loop
      vertex -2.072180 -2.349068 1.578815
      vertex -2.075665 -2.346016 1.581717
      vertex -2.089205 -2.358694 1.565721
    endloop
  endfacet
  facet normal -0.172726 -0.913735 0.367770
    outer loop
      vertex -2.094502 -2.382173 1.504898
      vertex -2.074221 -2.367065 1.551959
      vertex -2.089205 -2.358694 1.565721
    endloop
  endfacet
  facet normal -0.179102 -0.965439 0.189342
    outer loop
      vertex -2.135215 -2.394219 1.404965
      vertex -2.094502 -2.382173 1.504898
      vertex -2.123611 -2.370880 1.534944
    endloop
  endfacet
  facet normal 0.101123 0.954918 0.279117
    outer loop
      vertex -0.830686 -1.982436 0.821327
      vertex -0.824663 -1.911268 0.575665
      vertex -0.950610 -1.886704 0.537257
    endloop
  endfacet
  facet normal 0.100142 0.967742 0.231186
    outer loop
      vertex -0.950610 -1.886704 0.537257
      vertex -0.958267 -1.793061 0.148586
      vertex -1.107059 -1.772739 0.127969
    endloop
  endfacet
  facet normal -0.397690 0.870039 0.291332
    outer loop
      vertex -0.807016 -2.044582 1.022813
      vertex -0.801396 -2.112641 1.233737
      vertex -0.785645 -2.042225 1.044947
    endloop
  endfacet
  facet normal -0.692081 0.672209 0.262981
    outer loop
      vertex -0.798582 -2.195664 1.453360
      vertex -0.777347 -2.105674 1.279219
      vertex -0.801396 -2.112641 1.233737
    endloop
  endfacet
  facet normal -0.721624 0.579787 0.378294
    outer loop
      vertex -0.793903 -2.252743 1.549767
      vertex -0.783036 -2.193667 1.479954
      vertex -0.798582 -2.195664 1.453360
    endloop
  endfacet
  facet normal -0.482089 0.529855 0.697742
    outer loop
      vertex -0.793903 -2.252743 1.549767
      vertex -0.791273 -2.290197 1.580026
      vertex -0.786716 -2.253537 1.555335
    endloop
  endfacet
  facet normal -0.054226 0.951275 0.303538
    outer loop
      vertex -0.807016 -2.044582 1.022813
      vertex -0.796385 -1.984544 0.836554
      vertex -0.832757 -2.008706 0.905780
    endloop
  endfacet
  facet normal -0.072232 0.952876 0.294636
    outer loop
      vertex -0.832757 -2.008706 0.905780
      vertex -0.796385 -1.984544 0.836554
      vertex -0.830686 -1.982436 0.821327
    endloop
  endfacet
  facet normal -0.191311 0.302440 0.933772
    outer loop
      vertex -0.791273 -2.290197 1.580026
      vertex -0.789187 -2.311755 1.587436
      vertex -0.787587 -2.290855 1.580994
    endloop
  endfacet
  facet normal -0.043257 -0.016325 0.998931
    outer loop
      vertex -0.785391 -2.312331 1.587591
      vertex -0.789187 -2.311755 1.587436
      vertex -0.785920 -2.329530 1.587287
    endloop
  endfacet
  facet normal 0.778823 0.615049 0.123084
    outer loop
      vertex -2.126085 -1.948749 0.983823
      vertex -2.104510 -1.964078 0.923905
      vertex -2.169026 -1.822296 0.623651
    endloop
  endfacet
  facet normal 0.671890 0.721590 0.166948
    outer loop
      vertex -2.140535 -1.847911 0.566786
      vertex -2.104510 -1.964078 0.923905
      vertex -2.071040 -1.980674 0.860934
    endloop
  endfacet
  facet normal 0.069766 0.968000 0.241058
    outer loop
      vertex -2.019784 -1.883123 0.471241
      vertex -2.081364 -1.798809 0.150490
      vertex -2.064732 -1.882781 0.482876
    endloop
  endfacet
  facet normal 0.375702 0.895612 0.238176
    outer loop
      vertex -2.064732 -1.882781 0.482876
      vertex -2.097759 -1.875209 0.506501
      vertex -2.071040 -1.980674 0.860934
    endloop
  endfacet
  facet normal 0.088482 0.967397 0.237307
    outer loop
      vertex -2.019784 -1.883123 0.471241
      vertex -2.027455 -1.805678 0.158394
      vertex -2.081364 -1.798809 0.150490
    endloop
  endfacet
  facet normal -0.071072 0.974755 0.211665
    outer loop
      vertex -1.883621 -1.793061 0.148586
      vertex -2.034618 -1.742753 -0.133793
      vertex -2.027455 -1.805678 0.158394
    endloop
  endfacet
  facet normal -0.108936 0.978011 0.177838
    outer loop
      vertex -1.734828 -1.772739 0.127969
      vertex -1.769634 -1.703969 -0.271551
      vertex -1.883621 -1.793061 0.148586
    endloop
  endfacet
  facet normal -0.158182 0.969670 0.186326
    outer loop
      vertex -1.652559 -1.757241 0.117157
      vertex -1.687523 -1.688188 -0.271889
      vertex -1.734828 -1.772739 0.127969
    endloop
  endfacet
  facet normal -0.320767 0.927078 0.193998
    outer loop
      vertex -1.615698 -1.663756 -0.268639
      vertex -1.652559 -1.757241 0.117157
      vertex -1.571073 -1.727864 0.111505
    endloop
  endfacet
  facet normal -0.533684 0.822784 0.195468
    outer loop
      vertex -1.553335 -1.627357 -0.263128
      vertex -1.571073 -1.727864 0.111505
      vertex -1.498806 -1.681701 0.114501
    endloop
  endfacet
  facet normal -0.262946 0.913768 0.309656
    outer loop
      vertex -1.496313 -1.928558 0.893612
      vertex -1.420944 -1.776781 0.509732
      vertex -1.498662 -1.796813 0.502850
    endloop
  endfacet
  facet normal -0.262726 0.925060 0.274298
    outer loop
      vertex -1.420944 -1.776781 0.509732
      vertex -1.498806 -1.681701 0.114501
      vertex -1.498662 -1.796813 0.502850
    endloop
  endfacet
  facet normal 0.262930 0.916233 0.302299
    outer loop
      vertex -1.420944 -1.841438 0.705700
      vertex -1.343226 -1.796813 0.502850
      vertex -1.420944 -1.776781 0.509732
    endloop
  endfacet
  facet normal 0.469088 0.836011 0.284679
    outer loop
      vertex -1.264875 -1.839222 0.498287
      vertex -1.343226 -1.796813 0.502850
      vertex -1.345574 -1.928558 0.893612
    endloop
  endfacet
  facet normal 0.222479 0.943138 0.246969
    outer loop
      vertex -1.175406 -1.862199 0.505433
      vertex -1.189328 -1.757241 0.117157
      vertex -1.264875 -1.839222 0.498287
    endloop
  endfacet
  facet normal 0.152775 0.963707 0.218924
    outer loop
      vertex -1.107059 -1.772739 0.127969
      vertex -1.226189 -1.663756 -0.268639
      vertex -1.189328 -1.757241 0.117157
    endloop
  endfacet
  facet normal 0.661959 0.728655 0.175708
    outer loop
      vertex -2.182320 -1.815490 0.643060
      vertex -2.135251 -1.945392 1.004433
      vertex -2.126085 -1.948749 0.983823
    endloop
  endfacet
  facet normal 0.373313 0.887430 0.270380
    outer loop
      vertex -2.182320 -1.815490 0.643060
      vertex -2.139884 -1.945434 1.010966
      vertex -2.135251 -1.945392 1.004433
    endloop
  endfacet
  facet normal 0.142291 -0.958589 -0.246697
    outer loop
      vertex -0.304868 -2.084437 -0.371958
      vertex -0.333076 -2.147848 -0.141832
      vertex -0.439158 -2.142785 -0.222692
    endloop
  endfacet
  facet normal 0.085363 -0.969388 -0.230216
    outer loop
      vertex -0.333076 -2.147848 -0.141832
      vertex -0.366483 -2.204887 0.085959
      vertex -0.507574 -2.253211 0.237126
    endloop
  endfacet
  facet normal 0.152108 -0.953788 -0.259138
    outer loop
      vertex -0.281814 -2.014197 -0.603618
      vertex -0.439158 -2.142785 -0.222692
      vertex -0.379281 -2.006225 -0.690171
    endloop
  endfacet
  facet normal 0.126520 -0.956193 -0.263985
    outer loop
      vertex -0.379281 -2.006225 -0.690171
      vertex -0.516670 -2.108709 -0.384803
      vertex -0.477154 -2.026969 -0.661938
    endloop
  endfacet
  facet normal 0.093847 -0.958469 -0.269315
    outer loop
      vertex -0.477154 -2.026969 -0.661938
      vertex -0.516670 -2.108709 -0.384803
      vertex -0.508131 -2.034613 -0.645530
    endloop
  endfacet
  facet normal 0.054622 -0.950190 -0.306847
    outer loop
      vertex -0.486533 -1.909731 -1.028397
      vertex -0.508131 -2.034613 -0.645530
      vertex -0.535759 -2.044346 -0.620308
    endloop
  endfacet
  facet normal 0.176423 -0.966211 -0.187912
    outer loop
      vertex -0.148132 -2.204204 0.287449
      vertex -0.405479 -2.255949 0.311899
      vertex -0.366483 -2.204887 0.085959
    endloop
  endfacet
  facet normal 0.160938 -0.973381 -0.163181
    outer loop
      vertex -0.194804 -2.253427 0.504637
      vertex -0.450587 -2.301002 0.536155
      vertex -0.405479 -2.255949 0.311899
    endloop
  endfacet
  facet normal 0.146666 -0.979834 -0.135701
    outer loop
      vertex -0.450587 -2.301002 0.536155
      vertex -0.254595 -2.296646 0.716531
      vertex -0.502464 -2.339600 0.758785
    endloop
  endfacet
  facet normal 0.132132 -0.985916 -0.102523
    outer loop
      vertex -0.502464 -2.339600 0.758785
      vertex -0.328622 -2.333280 0.922059
      vertex -0.562027 -2.370480 0.978973
    endloop
  endfacet
  facet normal 0.115312 -0.991647 -0.057780
    outer loop
      vertex -0.562027 -2.370480 0.978973
      vertex -0.418523 -2.361918 1.118424
      vertex -0.630100 -2.391006 1.195396
    endloop
  endfacet
  facet normal 0.109417 -0.993984 -0.004816
    outer loop
      vertex -0.630100 -2.391006 1.195396
      vertex -0.525799 -2.380039 1.301764
      vertex -0.667385 -2.395623 1.301420
    endloop
  endfacet
  facet normal 0.094886 -0.994257 0.049489
    outer loop
      vertex -0.667385 -2.395623 1.301420
      vertex -0.586067 -2.383621 1.386639
      vertex -0.706672 -2.394219 1.404965
    endloop
  endfacet
  facet normal 0.065142 -0.987206 0.145538
    outer loop
      vertex -0.706672 -2.394219 1.404965
      vertex -0.650510 -2.381677 1.464900
      vertex -0.747385 -2.382173 1.504898
    endloop
  endfacet
  facet normal 0.037076 -0.946725 0.319902
    outer loop
      vertex -0.747385 -2.382173 1.504898
      vertex -0.718277 -2.370880 1.534944
      vertex -0.767666 -2.367065 1.551959
    endloop
  endfacet
  facet normal 0.006323 -0.857371 0.514660
    outer loop
      vertex -0.767666 -2.367065 1.551959
      vertex -0.752683 -2.358694 1.565721
      vertex -0.777415 -2.354529 1.572963
    endloop
  endfacet
  facet normal 0.131282 -0.614092 0.778239
    outer loop
      vertex -0.783827 -2.346543 1.580346
      vertex -0.777415 -2.354529 1.572963
      vertex -0.781905 -2.345037 1.581210
    endloop
  endfacet
  facet normal 0.045276 -0.405463 0.912990
    outer loop
      vertex -0.785944 -2.333796 1.586403
      vertex -0.781905 -2.345037 1.581210
      vertex -0.769708 -2.349068 1.578815
    endloop
  endfacet
  facet normal 0.050288 -0.035547 0.998102
    outer loop
      vertex -0.782219 -2.311778 1.586999
      vertex -0.785258 -2.309804 1.587223
      vertex -0.785944 -2.333796 1.586403
    endloop
  endfacet
  facet normal 0.990778 -0.032814 0.131460
    outer loop
      vertex -0.785920 -2.329530 1.587287
      vertex -0.785258 -2.309804 1.587223
      vertex -0.785391 -2.312331 1.587591
    endloop
  endfacet
  facet normal -0.622313 -0.653215 -0.431319
    outer loop
      vertex -0.596368 -1.867666 -1.087312
      vertex -0.636575 -1.908883 -0.966878
      vertex -0.630961 -1.858415 -1.051409
    endloop
  endfacet
  facet normal -0.763637 -0.492621 -0.417353
    outer loop
      vertex -0.584011 -1.762066 -1.251039
      vertex -0.630961 -1.858415 -1.051409
      vertex -0.625618 -1.799672 -1.130523
    endloop
  endfacet
  facet normal -0.688822 -0.555058 -0.466299
    outer loop
      vertex -0.625618 -1.799672 -1.130523
      vertex -0.674693 -1.895093 -0.944445
      vertex -0.670120 -1.833940 -1.023994
    endloop
  endfacet
  facet normal -0.347139 -0.591225 -0.727975
    outer loop
      vertex -0.753410 -1.870971 -0.924254
      vertex -0.719450 -1.780822 -1.013663
      vertex -0.722595 -1.861161 -0.946916
    endloop
  endfacet
  facet normal -0.561938 -0.515476 -0.646924
    outer loop
      vertex -0.719450 -1.780822 -1.013663
      vertex -0.695044 -1.848663 -0.980807
      vertex -0.722595 -1.861161 -0.946916
    endloop
  endfacet
  facet normal -0.537795 -0.653176 -0.533046
    outer loop
      vertex -0.670120 -1.833940 -1.023994
      vertex -0.674693 -1.895093 -0.944445
      vertex -0.695044 -1.848663 -0.980807
    endloop
  endfacet
  facet normal -0.036847 -0.750023 -0.660384
    outer loop
      vertex -0.753410 -1.870971 -0.924254
      vertex -0.788692 -1.898077 -0.891500
      vertex -0.788122 -1.877630 -0.914755
    endloop
  endfacet
  facet normal 0.142460 -0.745051 -0.651617
    outer loop
      vertex -0.788122 -1.877630 -0.914755
      vertex -0.788692 -1.898077 -0.891500
      vertex -0.831105 -1.906141 -0.891553
    endloop
  endfacet
  facet normal 0.122065 -0.730671 -0.671729
    outer loop
      vertex -0.788122 -1.877630 -0.914755
      vertex -0.831105 -1.906141 -0.891553
      vertex -0.830280 -1.860209 -0.941365
    endloop
  endfacet
  facet normal 0.104197 -0.632905 -0.767186
    outer loop
      vertex -0.869869 -1.903535 -0.911000
      vertex -0.829593 -1.807349 -0.984880
      vertex -0.830280 -1.860209 -0.941365
    endloop
  endfacet
  facet normal 0.378115 -0.658292 -0.650908
    outer loop
      vertex -0.829593 -1.807349 -0.984880
      vertex -0.869869 -1.903535 -0.911000
      vertex -0.868281 -1.803991 -1.010750
    endloop
  endfacet
  facet normal 0.547531 -0.647603 -0.529925
    outer loop
      vertex -0.936655 -1.787504 -1.101543
      vertex -0.868281 -1.803991 -1.010750
      vertex -0.940504 -1.890552 -0.979589
    endloop
  endfacet
  facet normal -0.364768 -0.832988 -0.416023
    outer loop
      vertex -0.596368 -1.867666 -1.087312
      vertex -0.569054 -1.908031 -1.030438
      vertex -0.609584 -1.949642 -0.911585
    endloop
  endfacet
  facet normal -0.047289 -0.930975 -0.362007
    outer loop
      vertex -0.522237 -1.869743 -1.135019
      vertex -0.540797 -1.940779 -0.949911
      vertex -0.569054 -1.908031 -1.030438
    endloop
  endfacet
  facet normal 0.007189 -0.931552 -0.363537
    outer loop
      vertex -0.464726 -1.837783 -1.212330
      vertex -0.486533 -1.909731 -1.028397
      vertex -0.540797 -1.940779 -0.949911
    endloop
  endfacet
  facet normal 0.622699 -0.650059 -0.435510
    outer loop
      vertex -0.998226 -1.761449 -1.228471
      vertex -0.936655 -1.787504 -1.101543
      vertex -1.005883 -1.870641 -1.076434
    endloop
  endfacet
  facet normal -0.694047 -0.560555 -0.451748
    outer loop
      vertex -1.901384 -1.890552 -0.979589
      vertex -1.905233 -1.787504 -1.101543
      vertex -1.843661 -1.761449 -1.228471
    endloop
  endfacet
  facet normal -0.658452 -0.615966 -0.432465
    outer loop
      vertex -1.782703 -1.730748 -1.373628
      vertex -1.723619 -1.623230 -1.616727
      vertex -1.716156 -1.699979 -1.518774
    endloop
  endfacet
  facet normal -0.738754 -0.525933 -0.421470
    outer loop
      vertex -1.843661 -1.761449 -1.228471
      vertex -1.788676 -1.658893 -1.452824
      vertex -1.782703 -1.730748 -1.373628
    endloop
  endfacet
  facet normal 0.313624 -0.791665 -0.524315
    outer loop
      vertex -1.242888 -1.581648 -1.817966
      vertex -1.249592 -1.664545 -1.696809
      vertex -1.300383 -1.658280 -1.736651
    endloop
  endfacet
  facet normal 0.199090 -0.819079 -0.538026
    outer loop
      vertex -1.295111 -1.573906 -1.863148
      vertex -1.300383 -1.658280 -1.736651
      vertex -1.357234 -1.655084 -1.762552
    endloop
  endfacet
  facet normal 0.070779 -0.898751 -0.432708
    outer loop
      vertex -1.357234 -1.655084 -1.762552
      vertex -1.362975 -1.789701 -1.483886
      vertex -1.420944 -1.665377 -1.751594
    endloop
  endfacet
  facet normal 0.413386 -0.755473 -0.508303
    outer loop
      vertex -1.196586 -1.592921 -1.760154
      vertex -1.204068 -1.674011 -1.645717
      vertex -1.249592 -1.664545 -1.696809
    endloop
  endfacet
  facet normal 0.561033 -0.671812 -0.483643
    outer loop
      vertex -1.204068 -1.674011 -1.645717
      vertex -1.118269 -1.623230 -1.616727
      vertex -1.125731 -1.699979 -1.518774
    endloop
  endfacet
  facet normal 0.711471 -0.546298 -0.442004
    outer loop
      vertex -1.059185 -1.730748 -1.373628
      vertex -1.125731 -1.699979 -1.518774
      vertex -1.053212 -1.658893 -1.452824
    endloop
  endfacet
  facet normal 0.796812 -0.429121 -0.425376
    outer loop
      vertex -0.998226 -1.761449 -1.228471
      vertex -1.059185 -1.730748 -1.373628
      vertex -0.994444 -1.694492 -1.288931
    endloop
  endfacet
  facet normal 0.041076 -0.902776 -0.428145
    outer loop
      vertex -1.420944 -1.665377 -1.751594
      vertex -1.362975 -1.789701 -1.483886
      vertex -1.420944 -1.789146 -1.490619
    endloop
  endfacet
  facet normal -0.072087 -0.901188 -0.427392
    outer loop
      vertex -1.420944 -1.665377 -1.751594
      vertex -1.420944 -1.789146 -1.490619
      vertex -1.484654 -1.655084 -1.762552
    endloop
  endfacet
  facet normal -0.441888 -0.745314 -0.499241
    outer loop
      vertex -1.599000 -1.581648 -1.817966
      vertex -1.637819 -1.674011 -1.645717
      vertex -1.645301 -1.592921 -1.760154
    endloop
  endfacet
  facet normal -0.599288 -0.651672 -0.464949
    outer loop
      vertex -1.645301 -1.592921 -1.760154
      vertex -1.716156 -1.699979 -1.518774
      vertex -1.723619 -1.623230 -1.616727
    endloop
  endfacet
  facet normal -0.333113 -0.786658 -0.519811
    outer loop
      vertex -1.546777 -1.573906 -1.863148
      vertex -1.592296 -1.664545 -1.696809
      vertex -1.599000 -1.581648 -1.817966
    endloop
  endfacet
  facet normal -0.209483 -0.817473 -0.536521
    outer loop
      vertex -1.487732 -1.569686 -1.892632
      vertex -1.541504 -1.658280 -1.736651
      vertex -1.546777 -1.573906 -1.863148
    endloop
  endfacet
  facet normal -0.072957 -0.834513 -0.546136
    outer loop
      vertex -1.420944 -1.569760 -1.901441
      vertex -1.484654 -1.655084 -1.762552
      vertex -1.487732 -1.569686 -1.892632
    endloop
  endfacet
  facet normal -0.603972 -0.568940 -0.558144
    outer loop
      vertex -1.972018 -1.903535 -0.911000
      vertex -1.973606 -1.803991 -1.010750
      vertex -1.905233 -1.787504 -1.101543
    endloop
  endfacet
  facet normal -0.230013 -0.690689 -0.685596
    outer loop
      vertex -1.973606 -1.803991 -1.010750
      vertex -1.972018 -1.903535 -0.911000
      vertex -2.011608 -1.860209 -0.941365
    endloop
  endfacet
  facet normal -0.113277 -0.740572 -0.662360
    outer loop
      vertex -2.011608 -1.860209 -0.941365
      vertex -2.052612 -1.905201 -0.884048
      vertex -2.053498 -1.874956 -0.917713
    endloop
  endfacet
  facet normal 0.027110 -0.782723 -0.621779
    outer loop
      vertex -2.053498 -1.874956 -0.917713
      vertex -2.085605 -1.936534 -0.841596
      vertex -2.088478 -1.870971 -0.924254
    endloop
  endfacet
  facet normal 0.206039 -0.764313 -0.611043
    outer loop
      vertex -2.088478 -1.870971 -0.924254
      vertex -2.115752 -1.925115 -0.865726
      vertex -2.119292 -1.861161 -0.946916
    endloop
  endfacet
  facet normal 0.039700 -0.999210 -0.001510
    outer loop
      vertex -2.161004 -2.394861 1.151890
      vertex -2.135215 -2.394219 1.404965
      vertex -2.174503 -2.395623 1.301420
    endloop
  endfacet
  facet normal -0.133843 -0.988624 -0.068615
    outer loop
      vertex -2.210057 -2.372330 0.922940
      vertex -2.161004 -2.394861 1.151890
      vertex -2.211787 -2.391006 1.195396
    endloop
  endfacet
  facet normal -0.120196 -0.985811 -0.117176
    outer loop
      vertex -2.254967 -2.339666 0.694203
      vertex -2.210057 -2.372330 0.922940
      vertex -2.279861 -2.370480 0.978973
    endloop
  endfacet
  facet normal -0.079076 -0.981918 -0.172000
    outer loop
      vertex -2.334314 -2.253211 0.237126
      vertex -2.254967 -2.339666 0.694203
      vertex -2.391301 -2.301002 0.536155
    endloop
  endfacet
  facet normal -0.098407 -0.970860 -0.218513
    outer loop
      vertex -2.402730 -2.142785 -0.222692
      vertex -2.334314 -2.253211 0.237126
      vertex -2.475404 -2.204887 0.085959
    endloop
  endfacet
  facet normal -0.144744 -0.953616 -0.263942
    outer loop
      vertex -2.364734 -2.026977 -0.661940
      vertex -2.333915 -2.091428 -0.445979
      vertex -2.402730 -2.142785 -0.222692
    endloop
  endfacet
  facet normal -0.080836 -0.953301 -0.291002
    outer loop
      vertex -2.377077 -1.999643 -0.748057
      vertex -2.333757 -2.034613 -0.645530
      vertex -2.364734 -2.026977 -0.661940
    endloop
  endfacet
  facet normal -0.017094 -0.948506 -0.316299
    outer loop
      vertex -2.387468 -1.897231 -1.054602
      vertex -2.333757 -2.034613 -0.645530
      vertex -2.377077 -1.999643 -0.748057
    endloop
  endfacet
  facet normal -0.033133 -0.932102 -0.360676
    outer loop
      vertex -2.377162 -1.837783 -1.212330
      vertex -2.319651 -1.869743 -1.135019
      vertex -2.355355 -1.909731 -1.028397
    endloop
  endfacet
  facet normal -0.093421 -0.930922 -0.353067
    outer loop
      vertex -2.377162 -1.837783 -1.212330
      vertex -2.355355 -1.909731 -1.028397
      vertex -2.411304 -1.825115 -1.236697
    endloop
  endfacet
  facet normal -0.198982 -0.919789 -0.338222
    outer loop
      vertex -2.411304 -1.825115 -1.236697
      vertex -2.387468 -1.897231 -1.054602
      vertex -2.407538 -1.927861 -0.959498
    endloop
  endfacet
  facet normal 0.230889 -0.875747 -0.423979
    outer loop
      vertex -2.287755 -1.826790 -1.206370
      vertex -2.272834 -1.908031 -1.030438
      vertex -2.319651 -1.869743 -1.135019
    endloop
  endfacet
  facet normal 0.365489 -0.832882 -0.415601
    outer loop
      vertex -2.287755 -1.826790 -1.206370
      vertex -2.245520 -1.867666 -1.087312
      vertex -2.272834 -1.908031 -1.030438
    endloop
  endfacet
  facet normal 0.528957 -0.712739 -0.460660
    outer loop
      vertex -2.210927 -1.858415 -1.051409
      vertex -2.167195 -1.895093 -0.944445
      vertex -2.205313 -1.908883 -0.966878
    endloop
  endfacet
  facet normal 0.622317 -0.653212 -0.431319
    outer loop
      vertex -2.245520 -1.867666 -1.087312
      vertex -2.210927 -1.858415 -1.051409
      vertex -2.205313 -1.908883 -0.966878
    endloop
  endfacet
  facet normal 0.537795 -0.653176 -0.533046
    outer loop
      vertex -2.171768 -1.833940 -1.023994
      vertex -2.146844 -1.848663 -0.980807
      vertex -2.167195 -1.895093 -0.944445
    endloop
  endfacet
  facet normal 0.389451 -0.715203 -0.580356
    outer loop
      vertex -2.146844 -1.848663 -0.980807
      vertex -2.119292 -1.861161 -0.946916
      vertex -2.115752 -1.925115 -0.865726
    endloop
  endfacet
  facet normal 0.009182 0.919846 0.392173
    outer loop
      vertex -2.115726 -2.018313 1.181340
      vertex -2.139884 -1.945434 1.010966
      vertex -2.144727 -1.946866 1.014439
    endloop
  endfacet
  facet normal 0.381036 0.848515 0.367198
    outer loop
      vertex -2.092055 -2.099121 1.343507
      vertex -2.115726 -2.018313 1.181340
      vertex -2.102386 -2.076085 1.300996
    endloop
  endfacet
  facet normal 0.149325 0.849656 0.505754
    outer loop
      vertex -2.075575 -2.181259 1.476631
      vertex -2.092055 -2.099121 1.343507
      vertex -2.095517 -2.100386 1.346654
    endloop
  endfacet
  facet normal -0.157096 0.735833 0.658688
    outer loop
      vertex -2.064070 -2.242645 1.547950
      vertex -2.075575 -2.181259 1.476631
      vertex -2.103929 -2.193936 1.484030
    endloop
  endfacet
  facet normal -0.067603 0.664920 0.743849
    outer loop
      vertex -2.064070 -2.242645 1.547950
      vertex -2.071736 -2.249492 1.553374
      vertex -2.063338 -2.247406 1.552272
    endloop
  endfacet
  facet normal -0.002371 0.623682 0.781675
    outer loop
      vertex -2.063338 -2.247406 1.552272
      vertex -2.063976 -2.266768 1.567719
      vertex -2.060714 -2.266262 1.567325
    endloop
  endfacet
  facet normal -0.105844 0.510137 0.853556
    outer loop
      vertex -2.067005 -2.267938 1.568043
      vertex -2.061239 -2.276775 1.574039
      vertex -2.063976 -2.266768 1.567719
    endloop
  endfacet
  facet normal -0.308530 0.391463 0.866929
    outer loop
      vertex -2.067005 -2.267938 1.568043
      vertex -2.060110 -2.288098 1.579600
      vertex -2.059922 -2.281965 1.576898
    endloop
  endfacet
  facet normal -0.280636 0.468989 0.837432
    outer loop
      vertex -2.078991 -2.254144 1.554257
      vertex -2.064258 -2.290767 1.579705
      vertex -2.060110 -2.288098 1.579600
    endloop
  endfacet
  facet normal -0.261169 0.225966 0.938472
    outer loop
      vertex -2.059668 -2.311778 1.586999
      vertex -2.073267 -2.297338 1.579738
      vertex -2.064246 -2.315199 1.586549
    endloop
  endfacet
  facet normal -0.070365 -0.039259 0.996748
    outer loop
      vertex -2.064246 -2.315199 1.586549
      vertex -2.068345 -2.318402 1.586134
      vertex -2.055944 -2.333796 1.586403
    endloop
  endfacet
  facet normal -0.321330 0.444828 0.835987
    outer loop
      vertex -2.092528 -2.265698 1.555499
      vertex -2.073267 -2.297338 1.579738
      vertex -2.064258 -2.290767 1.579705
    endloop
  endfacet
  facet normal 0.044125 -0.831463 0.553826
    outer loop
      vertex -2.074221 -2.367065 1.551959
      vertex -2.072180 -2.349068 1.578815
      vertex -2.089205 -2.358694 1.565721
    endloop
  endfacet
  facet normal -0.053614 -0.595010 0.801928
    outer loop
      vertex -2.101632 -2.348196 1.578364
      vertex -2.075665 -2.346016 1.581717
      vertex -2.078600 -2.342536 1.584103
    endloop
  endfacet
  facet normal 0.054412 -0.383613 0.921890
    outer loop
      vertex -2.079789 -2.340586 1.584985
      vertex -2.078600 -2.342536 1.584103
      vertex -2.055944 -2.333796 1.586403
    endloop
  endfacet
  facet normal -0.016059 -0.776957 0.629349
    outer loop
      vertex -2.089205 -2.358694 1.565721
      vertex -2.075665 -2.346016 1.581717
      vertex -2.101632 -2.348196 1.578364
    endloop
  endfacet
  facet normal 0.008998 -0.933129 0.359428
    outer loop
      vertex -2.094502 -2.382173 1.504898
      vertex -2.089205 -2.358694 1.565721
      vertex -2.123611 -2.370880 1.534944
    endloop
  endfacet
  facet normal -0.028457 -0.983415 0.179121
    outer loop
      vertex -2.135215 -2.394219 1.404965
      vertex -2.123611 -2.370880 1.534944
      vertex -2.191377 -2.381677 1.464900
    endloop
  endfacet
  facet normal 0.118125 0.965903 0.230388
    outer loop
      vertex -0.824663 -1.911268 0.575665
      vertex -0.958267 -1.793061 0.148586
      vertex -0.950610 -1.886704 0.537257
    endloop
  endfacet
  facet normal -0.034096 0.960171 0.277324
    outer loop
      vertex -0.830686 -1.982436 0.821327
      vertex -0.777156 -1.882781 0.482876
      vertex -0.824663 -1.911268 0.575665
    endloop
  endfacet
  facet normal 0.108936 0.978011 0.177838
    outer loop
      vertex -0.958267 -1.793061 0.148586
      vertex -1.072253 -1.703969 -0.271551
      vertex -1.107059 -1.772739 0.127969
    endloop
  endfacet
  facet normal -0.372860 0.889145 0.265324
    outer loop
      vertex -0.796385 -1.984544 0.836554
      vertex -0.807016 -2.044582 1.022813
      vertex -0.785645 -2.042225 1.044947
    endloop
  endfacet
  facet normal -0.635431 0.739332 0.222745
    outer loop
      vertex -0.785645 -2.042225 1.044947
      vertex -0.801396 -2.112641 1.233737
      vertex -0.777347 -2.105674 1.279219
    endloop
  endfacet
  facet normal -0.612005 0.730551 0.302895
    outer loop
      vertex -0.777347 -2.105674 1.279219
      vertex -0.798582 -2.195664 1.453360
      vertex -0.783036 -2.193667 1.479954
    endloop
  endfacet
  facet normal -0.359615 0.739152 0.569500
    outer loop
      vertex -0.786716 -2.253537 1.555335
      vertex -0.783036 -2.193667 1.479954
      vertex -0.793903 -2.252743 1.549767
    endloop
  endfacet
  facet normal -0.113973 0.564687 0.817397
    outer loop
      vertex -0.786716 -2.253537 1.555335
      vertex -0.791273 -2.290197 1.580026
      vertex -0.787587 -2.290855 1.580994
    endloop
  endfacet
  facet normal -0.062123 0.960047 0.272855
    outer loop
      vertex -0.796385 -1.984544 0.836554
      vertex -0.777156 -1.882781 0.482876
      vertex -0.830686 -1.982436 0.821327
    endloop
  endfacet
  facet normal -0.235497 0.302669 0.923544
    outer loop
      vertex -0.787587 -2.290855 1.580994
      vertex -0.789187 -2.311755 1.587436
      vertex -0.784895 -2.303912 1.585960
    endloop
  endfacet
  facet normal -0.018378 0.145032 0.989256
    outer loop
      vertex -0.789187 -2.311755 1.587436
      vertex -0.785391 -2.312331 1.587591
      vertex -0.785258 -2.309804 1.587223
    endloop
  endfacet
  facet normal 0.646406 0.740724 0.182994
    outer loop
      vertex -2.169026 -1.822296 0.623651
      vertex -2.182320 -1.815490 0.643060
      vertex -2.126085 -1.948749 0.983823
    endloop
  endfacet
  facet normal 0.784464 0.608678 0.118863
    outer loop
      vertex -2.104510 -1.964078 0.923905
      vertex -2.140535 -1.847911 0.566786
      vertex -2.169026 -1.822296 0.623651
    endloop
  endfacet
  facet normal 0.682009 0.713431 0.160875
    outer loop
      vertex -2.097759 -1.875209 0.506501
      vertex -2.140535 -1.847911 0.566786
      vertex -2.071040 -1.980674 0.860934
    endloop
  endfacet
  facet normal 0.359697 0.908763 0.211586
    outer loop
      vertex -2.081364 -1.798809 0.150490
      vertex -2.097759 -1.875209 0.506501
      vertex -2.064732 -1.882781 0.482876
    endloop
  endfacet
  facet normal 0.093676 0.973758 0.207411
    outer loop
      vertex -2.027455 -1.805678 0.158394
      vertex -2.034618 -1.742753 -0.133793
      vertex -2.081364 -1.798809 0.150490
    endloop
  endfacet
  facet normal -0.021468 0.982226 0.186471
    outer loop
      vertex -1.883621 -1.793061 0.148586
      vertex -1.858196 -1.713648 -0.266790
      vertex -2.034618 -1.742753 -0.133793
    endloop
  endfacet
  facet normal -0.097227 0.978638 0.181148
    outer loop
      vertex -1.883621 -1.793061 0.148586
      vertex -1.769634 -1.703969 -0.271551
      vertex -1.858196 -1.713648 -0.266790
    endloop
  endfacet
  facet normal -0.184847 0.965705 0.182333
    outer loop
      vertex -1.687523 -1.688188 -0.271889
      vertex -1.769634 -1.703969 -0.271551
      vertex -1.734828 -1.772739 0.127969
    endloop
  endfacet
  facet normal -0.323782 0.926137 0.193482
    outer loop
      vertex -1.615698 -1.663756 -0.268639
      vertex -1.687523 -1.688188 -0.271889
      vertex -1.652559 -1.757241 0.117157
    endloop
  endfacet
  facet normal -0.506988 0.838220 0.200873
    outer loop
      vertex -1.553335 -1.627357 -0.263128
      vertex -1.615698 -1.663756 -0.268639
      vertex -1.571073 -1.727864 0.111505
    endloop
  endfacet
  facet normal -0.608239 0.768551 0.198429
    outer loop
      vertex -1.495335 -1.582517 -0.259014
      vertex -1.553335 -1.627357 -0.263128
      vertex -1.498806 -1.681701 0.114501
    endloop
  endfacet
  facet normal -0.266643 0.923799 0.274766
    outer loop
      vertex -1.420944 -1.776781 0.509732
      vertex -1.420944 -1.676510 0.172609
      vertex -1.498806 -1.681701 0.114501
    endloop
  endfacet
  facet normal 0.262735 0.924827 0.275072
    outer loop
      vertex -1.343226 -1.796813 0.502850
      vertex -1.420944 -1.676510 0.172609
      vertex -1.420944 -1.776781 0.509732
    endloop
  endfacet
  facet normal 0.473089 0.848529 0.237034
    outer loop
      vertex -1.270815 -1.727864 0.111505
      vertex -1.343226 -1.796813 0.502850
      vertex -1.264875 -1.839222 0.498287
    endloop
  endfacet
  facet normal 0.311707 0.914350 0.258463
    outer loop
      vertex -1.189328 -1.757241 0.117157
      vertex -1.270815 -1.727864 0.111505
      vertex -1.264875 -1.839222 0.498287
    endloop
  endfacet
  facet normal 0.324378 0.932502 0.158805
    outer loop
      vertex -1.154365 -1.688188 -0.271889
      vertex -1.226189 -1.663756 -0.268639
      vertex -1.107059 -1.772739 0.127969
    endloop
  endfacet
  facet normal 0.508148 0.846901 0.156666
    outer loop
      vertex -1.226189 -1.663756 -0.268639
      vertex -1.288552 -1.627357 -0.263128
      vertex -1.189328 -1.757241 0.117157
    endloop
  endfacet
  facet normal 0.359033 0.892279 0.273739
    outer loop
      vertex -2.182320 -1.815490 0.643060
      vertex -2.189450 -1.814491 0.649155
      vertex -2.139884 -1.945434 1.010966
    endloop
  endfacet
  facet normal 0.104621 -0.954570 -0.279017
    outer loop
      vertex -0.281814 -2.014197 -0.603618
      vertex -0.304868 -2.084437 -0.371958
      vertex -0.439158 -2.142785 -0.222692
    endloop
  endfacet
  facet normal 0.215196 -0.947919 -0.234821
    outer loop
      vertex -0.091056 -2.088457 -0.159784
      vertex -0.333076 -2.147848 -0.141832
      vertex -0.304868 -2.084437 -0.371958
    endloop
  endfacet
  facet normal 0.194069 -0.957938 -0.211407
    outer loop
      vertex -0.113734 -2.149246 0.065857
      vertex -0.366483 -2.204887 0.085959
      vertex -0.333076 -2.147848 -0.141832
    endloop
  endfacet
  facet normal 0.189071 -0.935315 -0.299060
    outer loop
      vertex -0.265985 -1.940501 -0.824095
      vertex -0.281814 -2.014197 -0.603618
      vertex -0.379281 -2.006225 -0.690171
    endloop
  endfacet
  facet normal 0.119453 -0.951126 -0.284762
    outer loop
      vertex -0.379281 -2.006225 -0.690171
      vertex -0.477154 -2.026969 -0.661938
      vertex -0.464811 -1.999636 -0.748055
    endloop
  endfacet
  facet normal 0.081113 -0.953295 -0.290946
    outer loop
      vertex -0.464811 -1.999636 -0.748055
      vertex -0.477154 -2.026969 -0.661938
      vertex -0.508131 -2.034613 -0.645530
    endloop
  endfacet
  facet normal 0.121999 -0.945612 -0.301553
    outer loop
      vertex -0.454420 -1.897231 -1.054602
      vertex -0.508131 -2.034613 -0.645530
      vertex -0.486533 -1.909731 -1.028397
    endloop
  endfacet
  facet normal 0.194538 -0.958682 -0.207568
    outer loop
      vertex -0.113734 -2.149246 0.065857
      vertex -0.148132 -2.204204 0.287449
      vertex -0.366483 -2.204887 0.085959
    endloop
  endfacet
  facet normal 0.177294 -0.967344 -0.181139
    outer loop
      vertex -0.148132 -2.204204 0.287449
      vertex -0.194804 -2.253427 0.504637
      vertex -0.405479 -2.255949 0.311899
    endloop
  endfacet
  facet normal 0.162456 -0.974785 -0.152979
    outer loop
      vertex -0.450587 -2.301002 0.536155
      vertex -0.194804 -2.253427 0.504637
      vertex -0.254595 -2.296646 0.716531
    endloop
  endfacet
  facet normal 0.149414 -0.981331 -0.121101
    outer loop
      vertex -0.502464 -2.339600 0.758785
      vertex -0.254595 -2.296646 0.716531
      vertex -0.328622 -2.333280 0.922059
    endloop
  endfacet
  facet normal 0.137587 -0.987174 -0.080976
    outer loop
      vertex -0.562027 -2.370480 0.978973
      vertex -0.328622 -2.333280 0.922059
      vertex -0.418523 -2.361918 1.118424
    endloop
  endfacet
  facet normal 0.127883 -0.991518 -0.023177
    outer loop
      vertex -0.630100 -2.391006 1.195396
      vertex -0.418523 -2.361918 1.118424
      vertex -0.525799 -2.380039 1.301764
    endloop
  endfacet
  facet normal 0.109251 -0.993374 0.035657
    outer loop
      vertex -0.667385 -2.395623 1.301420
      vertex -0.525799 -2.380039 1.301764
      vertex -0.586067 -2.383621 1.386639
    endloop
  endfacet
  facet normal 0.103552 -0.988542 0.109825
    outer loop
      vertex -0.586067 -2.383621 1.386639
      vertex -0.650510 -2.381677 1.464900
      vertex -0.706672 -2.394219 1.404965
    endloop
  endfacet
  facet normal 0.110008 -0.960787 0.254531
    outer loop
      vertex -0.650510 -2.381677 1.464900
      vertex -0.718277 -2.370880 1.534944
      vertex -0.747385 -2.382173 1.504898
    endloop
  endfacet
  facet normal 0.085628 -0.889879 0.448088
    outer loop
      vertex -0.718277 -2.370880 1.534944
      vertex -0.752683 -2.358694 1.565721
      vertex -0.767666 -2.367065 1.551959
    endloop
  endfacet
  facet normal 0.058018 -0.766882 0.639160
    outer loop
      vertex -0.752683 -2.358694 1.565721
      vertex -0.769708 -2.349068 1.578815
      vertex -0.777415 -2.354529 1.572963
    endloop
  endfacet
  facet normal -0.078961 -0.674857 0.733712
    outer loop
      vertex -0.781905 -2.345037 1.581210
      vertex -0.777415 -2.354529 1.572963
      vertex -0.769708 -2.349068 1.578815
    endloop
  endfacet
  facet normal -0.165140 -0.574017 0.802019
    outer loop
      vertex -0.785944 -2.333796 1.586403
      vertex -0.769708 -2.349068 1.578815
      vertex -0.766222 -2.346016 1.581717
    endloop
  endfacet
  facet normal 0.184052 0.173846 0.967421
    outer loop
      vertex -0.785085 -2.306843 1.586658
      vertex -0.785258 -2.309804 1.587223
      vertex -0.782219 -2.311778 1.586999
    endloop
  endfacet
  facet normal 0.069103 -0.038696 0.996859
    outer loop
      vertex -0.777642 -2.315199 1.586549
      vertex -0.782219 -2.311778 1.586999
      vertex -0.785944 -2.333796 1.586403
    endloop
  endfacet
  facet normal -0.620250 -0.657138 -0.428321
    outer loop
      vertex -0.590033 -1.818587 -1.171783
      vertex -0.596368 -1.867666 -1.087312
      vertex -0.630961 -1.858415 -1.051409
    endloop
  endfacet
  facet normal -0.745286 -0.514782 -0.423733
    outer loop
      vertex -0.630961 -1.858415 -1.051409
      vertex -0.584011 -1.762066 -1.251039
      vertex -0.590033 -1.818587 -1.171783
    endloop
  endfacet
  facet normal -0.860157 -0.320306 -0.396906
    outer loop
      vertex -0.584011 -1.762066 -1.251039
      vertex -0.625618 -1.799672 -1.130523
      vertex -0.578434 -1.692229 -1.319484
    endloop
  endfacet
  facet normal -0.811666 -0.364609 -0.456354
    outer loop
      vertex -0.625618 -1.799672 -1.130523
      vertex -0.670120 -1.833940 -1.023994
      vertex -0.620701 -1.726619 -1.197636
    endloop
  endfacet
  facet normal -0.361758 -0.584246 -0.726490
    outer loop
      vertex -0.753410 -1.870971 -0.924254
      vertex -0.750926 -1.788470 -0.991838
      vertex -0.719450 -1.780822 -1.013663
    endloop
  endfacet
  facet normal -0.570315 -0.515075 -0.639874
    outer loop
      vertex -0.719450 -1.780822 -1.013663
      vertex -0.691345 -1.770322 -1.047165
      vertex -0.695044 -1.848663 -0.980807
    endloop
  endfacet
  facet normal -0.705739 -0.438216 -0.556686
    outer loop
      vertex -0.670120 -1.833940 -1.023994
      vertex -0.695044 -1.848663 -0.980807
      vertex -0.691345 -1.770322 -1.047165
    endloop
  endfacet
  facet normal -0.090443 -0.629478 -0.771737
    outer loop
      vertex -0.788122 -1.877630 -0.914755
      vertex -0.750926 -1.788470 -0.991838
      vertex -0.753410 -1.870971 -0.924254
    endloop
  endfacet
  facet normal 0.191402 -0.654320 -0.731594
    outer loop
      vertex -0.830280 -1.860209 -0.941365
      vertex -0.786805 -1.817201 -0.968457
      vertex -0.788122 -1.877630 -0.914755
    endloop
  endfacet
  facet normal 0.147727 -0.629728 -0.762640
    outer loop
      vertex -0.830280 -1.860209 -0.941365
      vertex -0.829593 -1.807349 -0.984880
      vertex -0.786805 -1.817201 -0.968457
    endloop
  endfacet
  facet normal 0.491466 -0.378913 -0.784147
    outer loop
      vertex -0.829263 -1.748983 -1.012876
      vertex -0.829593 -1.807349 -0.984880
      vertex -0.868281 -1.803991 -1.010750
    endloop
  endfacet
  facet normal 0.725219 -0.327540 -0.605619
    outer loop
      vertex -0.868281 -1.803991 -1.010750
      vertex -0.936655 -1.787504 -1.101543
      vertex -0.867879 -1.744610 -1.042384
    endloop
  endfacet
  facet normal -0.365488 -0.832883 -0.415602
    outer loop
      vertex -0.554132 -1.826790 -1.206370
      vertex -0.569054 -1.908031 -1.030438
      vertex -0.596368 -1.867666 -1.087312
    endloop
  endfacet
  facet normal -0.231342 -0.875562 -0.424114
    outer loop
      vertex -0.505127 -1.789582 -1.309840
      vertex -0.522237 -1.869743 -1.135019
      vertex -0.569054 -1.908031 -1.030438
    endloop
  endfacet
  facet normal 0.043018 -0.934186 -0.354184
    outer loop
      vertex -0.464726 -1.837783 -1.212330
      vertex -0.540797 -1.940779 -0.949911
      vertex -0.522237 -1.869743 -1.135019
    endloop
  endfacet
  facet normal 0.072251 -0.931730 -0.355893
    outer loop
      vertex -0.464726 -1.837783 -1.212330
      vertex -0.454420 -1.897231 -1.054602
      vertex -0.486533 -1.909731 -1.028397
    endloop
  endfacet
  facet normal 0.813138 -0.348736 -0.466036
    outer loop
      vertex -0.936655 -1.787504 -1.101543
      vertex -0.998226 -1.761449 -1.228471
      vertex -0.934986 -1.724884 -1.145490
    endloop
  endfacet
  facet normal -0.758043 -0.460169 -0.462185
    outer loop
      vertex -1.843661 -1.761449 -1.228471
      vertex -1.905233 -1.787504 -1.101543
      vertex -1.847444 -1.694492 -1.288931
    endloop
  endfacet
  facet normal -0.752278 -0.515179 -0.410693
    outer loop
      vertex -1.782703 -1.730748 -1.373628
      vertex -1.788676 -1.658893 -1.452824
      vertex -1.723619 -1.623230 -1.616727
    endloop
  endfacet
  facet normal -0.834313 -0.394686 -0.384895
    outer loop
      vertex -1.843661 -1.761449 -1.228471
      vertex -1.847444 -1.694492 -1.288931
      vertex -1.788676 -1.658893 -1.452824
    endloop
  endfacet
  facet normal 0.431621 -0.755424 -0.492989
    outer loop
      vertex -1.242888 -1.581648 -1.817966
      vertex -1.196586 -1.592921 -1.760154
      vertex -1.249592 -1.664545 -1.696809
    endloop
  endfacet
  facet normal 0.327888 -0.792184 -0.514718
    outer loop
      vertex -1.242888 -1.581648 -1.817966
      vertex -1.300383 -1.658280 -1.736651
      vertex -1.295111 -1.573906 -1.863148
    endloop
  endfacet
  facet normal 0.207743 -0.819960 -0.533393
    outer loop
      vertex -1.295111 -1.573906 -1.863148
      vertex -1.357234 -1.655084 -1.762552
      vertex -1.354156 -1.569686 -1.892632
    endloop
  endfacet
  facet normal 0.040819 -0.835696 -0.547673
    outer loop
      vertex -1.354156 -1.569686 -1.892632
      vertex -1.357234 -1.655084 -1.762552
      vertex -1.420944 -1.665377 -1.751594
    endloop
  endfacet
  facet normal 0.562440 -0.691537 -0.453252
    outer loop
      vertex -1.196586 -1.592921 -1.760154
      vertex -1.118269 -1.623230 -1.616727
      vertex -1.204068 -1.674011 -1.645717
    endloop
  endfacet
  facet normal 0.701196 -0.586173 -0.405864
    outer loop
      vertex -1.053212 -1.658893 -1.452824
      vertex -1.125731 -1.699979 -1.518774
      vertex -1.118269 -1.623230 -1.616727
    endloop
  endfacet
  facet normal 0.780702 -0.490974 -0.386586
    outer loop
      vertex -0.994444 -1.694492 -1.288931
      vertex -1.059185 -1.730748 -1.373628
      vertex -1.053212 -1.658893 -1.452824
    endloop
  endfacet
  facet normal 0.800152 -0.426247 -0.421984
    outer loop
      vertex -0.934986 -1.724884 -1.145490
      vertex -0.998226 -1.761449 -1.228471
      vertex -0.994444 -1.694492 -1.288931
    endloop
  endfacet
  facet normal -0.043635 -0.842195 -0.537405
    outer loop
      vertex -1.420944 -1.569760 -1.901441
      vertex -1.420944 -1.665377 -1.751594
      vertex -1.484654 -1.655084 -1.762552
    endloop
  endfacet
  facet normal -0.553835 -0.613289 -0.563155
    outer loop
      vertex -1.602397 -1.531252 -1.869507
      vertex -1.599000 -1.581648 -1.817966
      vertex -1.645301 -1.592921 -1.760154
    endloop
  endfacet
  facet normal -0.687782 -0.536554 -0.488943
    outer loop
      vertex -1.723619 -1.623230 -1.616727
      vertex -1.649107 -1.544124 -1.808348
      vertex -1.645301 -1.592921 -1.760154
    endloop
  endfacet
  facet normal -0.432349 -0.661267 -0.613026
    outer loop
      vertex -1.549410 -1.521974 -1.917310
      vertex -1.546777 -1.573906 -1.863148
      vertex -1.599000 -1.581648 -1.817966
    endloop
  endfacet
  facet normal -0.278420 -0.699892 -0.657749
    outer loop
      vertex -1.489231 -1.516576 -1.948510
      vertex -1.487732 -1.569686 -1.892632
      vertex -1.546777 -1.573906 -1.863148
    endloop
  endfacet
  facet normal -0.092808 -0.710385 -0.697667
    outer loop
      vertex -1.420944 -1.506246 -1.966113
      vertex -1.420944 -1.569760 -1.901441
      vertex -1.487732 -1.569686 -1.892632
    endloop
  endfacet
  facet normal -0.680530 -0.432977 -0.591109
    outer loop
      vertex -1.905233 -1.787504 -1.101543
      vertex -1.973606 -1.803991 -1.010750
      vertex -1.906902 -1.724884 -1.145490
    endloop
  endfacet
  facet normal -0.417027 -0.580878 -0.699048
    outer loop
      vertex -2.011608 -1.860209 -0.941365
      vertex -2.012294 -1.807349 -0.984880
      vertex -1.973606 -1.803991 -1.010750
    endloop
  endfacet
  facet normal -0.206309 -0.623482 -0.754126
    outer loop
      vertex -2.053498 -1.874956 -0.917713
      vertex -2.012294 -1.807349 -0.984880
      vertex -2.011608 -1.860209 -0.941365
    endloop
  endfacet
  facet normal 0.073251 -0.628343 -0.774480
    outer loop
      vertex -2.088478 -1.870971 -0.924254
      vertex -2.055279 -1.793186 -0.984222
      vertex -2.053498 -1.874956 -0.917713
    endloop
  endfacet
  facet normal 0.349749 -0.587361 -0.729851
    outer loop
      vertex -2.119292 -1.861161 -0.946916
      vertex -2.090961 -1.788470 -0.991838
      vertex -2.088478 -1.870971 -0.924254
    endloop
  endfacet
  facet normal -0.146683 -0.986771 0.069040
    outer loop
      vertex -2.174503 -2.395623 1.301420
      vertex -2.135215 -2.394219 1.404965
      vertex -2.191377 -2.381677 1.464900
    endloop
  endfacet
  facet normal -0.086687 -0.996152 -0.012903
    outer loop
      vertex -2.211787 -2.391006 1.195396
      vertex -2.161004 -2.394861 1.151890
      vertex -2.174503 -2.395623 1.301420
    endloop
  endfacet
  facet normal -0.081485 -0.994306 -0.068672
    outer loop
      vertex -2.279861 -2.370480 0.978973
      vertex -2.210057 -2.372330 0.922940
      vertex -2.211787 -2.391006 1.195396
    endloop
  endfacet
  facet normal -0.088561 -0.989433 -0.114803
    outer loop
      vertex -2.254967 -2.339666 0.694203
      vertex -2.279861 -2.370480 0.978973
      vertex -2.339423 -2.339600 0.758785
    endloop
  endfacet
  facet normal -0.111289 -0.983222 -0.144532
    outer loop
      vertex -2.391301 -2.301002 0.536155
      vertex -2.254967 -2.339666 0.694203
      vertex -2.339423 -2.339600 0.758785
    endloop
  endfacet
  facet normal -0.102673 -0.979015 -0.176033
    outer loop
      vertex -2.334314 -2.253211 0.237126
      vertex -2.391301 -2.301002 0.536155
      vertex -2.436409 -2.255949 0.311899
    endloop
  endfacet
  facet normal -0.119768 -0.972625 -0.199140
    outer loop
      vertex -2.475404 -2.204887 0.085959
      vertex -2.334314 -2.253211 0.237126
      vertex -2.436409 -2.255949 0.311899
    endloop
  endfacet
  facet normal -0.124452 -0.966657 -0.223800
    outer loop
      vertex -2.402730 -2.142785 -0.222692
      vertex -2.475404 -2.204887 0.085959
      vertex -2.508811 -2.147848 -0.141832
    endloop
  endfacet
  facet normal -0.126886 -0.956381 -0.263126
    outer loop
      vertex -2.364734 -2.026977 -0.661940
      vertex -2.402730 -2.142785 -0.222692
      vertex -2.462607 -2.006225 -0.690171
    endloop
  endfacet
  facet normal -0.119529 -0.951117 -0.284762
    outer loop
      vertex -2.377077 -1.999643 -0.748057
      vertex -2.364734 -2.026977 -0.661940
      vertex -2.462607 -2.006225 -0.690171
    endloop
  endfacet
  facet normal -0.046511 -0.947917 -0.315105
    outer loop
      vertex -2.387468 -1.897231 -1.054602
      vertex -2.377077 -1.999643 -0.748057
      vertex -2.407538 -1.927861 -0.959498
    endloop
  endfacet
  facet normal 0.063223 -0.904819 -0.421076
    outer loop
      vertex -2.336760 -1.789582 -1.309840
      vertex -2.319651 -1.869743 -1.135019
      vertex -2.377162 -1.837783 -1.212330
    endloop
  endfacet
  facet normal -0.043292 -0.909968 -0.412413
    outer loop
      vertex -2.433326 -1.747914 -1.404727
      vertex -2.377162 -1.837783 -1.212330
      vertex -2.411304 -1.825115 -1.236697
    endloop
  endfacet
  facet normal -0.053762 -0.936543 -0.346405
    outer loop
      vertex -2.411304 -1.825115 -1.236697
      vertex -2.407538 -1.927861 -0.959498
      vertex -2.437538 -1.849795 -1.165901
    endloop
  endfacet
  facet normal 0.230571 -0.875758 -0.424128
    outer loop
      vertex -2.336760 -1.789582 -1.309840
      vertex -2.287755 -1.826790 -1.206370
      vertex -2.319651 -1.869743 -1.135019
    endloop
  endfacet
  facet normal 0.581138 -0.683972 -0.440978
    outer loop
      vertex -2.287755 -1.826790 -1.206370
      vertex -2.251855 -1.818587 -1.171783
      vertex -2.245520 -1.867666 -1.087312
    endloop
  endfacet
  facet normal 0.680527 -0.561485 -0.470763
    outer loop
      vertex -2.167195 -1.895093 -0.944445
      vertex -2.210927 -1.858415 -1.051409
      vertex -2.171768 -1.833940 -1.023994
    endloop
  endfacet
  facet normal 0.620253 -0.657136 -0.428320
    outer loop
      vertex -2.251855 -1.818587 -1.171783
      vertex -2.210927 -1.858415 -1.051409
      vertex -2.245520 -1.867666 -1.087312
    endloop
  endfacet
  facet normal 0.701811 -0.444595 -0.556593
    outer loop
      vertex -2.146844 -1.848663 -0.980807
      vertex -2.171768 -1.833940 -1.023994
      vertex -2.175932 -1.757460 -1.090335
    endloop
  endfacet
  facet normal 0.558274 -0.520734 -0.645884
    outer loop
      vertex -2.150543 -1.770322 -1.047165
      vertex -2.119292 -1.861161 -0.946916
      vertex -2.146844 -1.848663 -0.980807
    endloop
  endfacet
  facet normal -0.030959 0.938499 0.343892
    outer loop
      vertex -2.139884 -1.945434 1.010966
      vertex -2.189450 -1.814491 0.649155
      vertex -2.144727 -1.946866 1.014439
    endloop
  endfacet
  facet normal -0.605135 0.688427 0.399850
    outer loop
      vertex -2.144727 -1.946866 1.014439
      vertex -2.102386 -2.076085 1.300996
      vertex -2.115726 -2.018313 1.181340
    endloop
  endfacet
  facet normal 0.092207 0.884680 0.456989
    outer loop
      vertex -2.092055 -2.099121 1.343507
      vertex -2.102386 -2.076085 1.300996
      vertex -2.095517 -2.100386 1.346654
    endloop
  endfacet
  facet normal -0.229166 0.810305 0.539341
    outer loop
      vertex -2.075575 -2.181259 1.476631
      vertex -2.095517 -2.100386 1.346654
      vertex -2.149069 -2.095774 1.316971
    endloop
  endfacet
  facet normal -0.178308 0.725867 0.664321
    outer loop
      vertex -2.071736 -2.249492 1.553374
      vertex -2.064070 -2.242645 1.547950
      vertex -2.103929 -2.193936 1.484030
    endloop
  endfacet
  facet normal -0.223077 0.812929 0.537943
    outer loop
      vertex -2.075575 -2.181259 1.476631
      vertex -2.149069 -2.095774 1.316971
      vertex -2.103929 -2.193936 1.484030
    endloop
  endfacet
  facet normal -0.052681 0.623830 0.779783
    outer loop
      vertex -2.071736 -2.249492 1.553374
      vertex -2.063976 -2.266768 1.567719
      vertex -2.063338 -2.247406 1.552272
    endloop
  endfacet
  facet normal -0.144375 0.592945 0.792194
    outer loop
      vertex -2.071736 -2.249492 1.553374
      vertex -2.067005 -2.267938 1.568043
      vertex -2.063976 -2.266768 1.567719
    endloop
  endfacet
  facet normal -0.612751 0.224757 0.757641
    outer loop
      vertex -2.078991 -2.254144 1.554257
      vertex -2.060110 -2.288098 1.579600
      vertex -2.067005 -2.267938 1.568043
    endloop
  endfacet
  facet normal -0.311418 0.454568 0.834498
    outer loop
      vertex -2.092528 -2.265698 1.555499
      vertex -2.064258 -2.290767 1.579705
      vertex -2.078991 -2.254144 1.554257
    endloop
  endfacet
  facet normal -0.206205 0.255997 0.944429
    outer loop
      vertex -2.081293 -2.303514 1.579660
      vertex -2.064246 -2.315199 1.586549
      vertex -2.073267 -2.297338 1.579738
    endloop
  endfacet
  facet normal -0.249109 0.195789 0.948478
    outer loop
      vertex -2.064246 -2.315199 1.586549
      vertex -2.081293 -2.303514 1.579660
      vertex -2.068345 -2.318402 1.586134
    endloop
  endfacet
  facet normal -0.032432 -0.008652 0.999436
    outer loop
      vertex -2.068345 -2.318402 1.586134
      vertex -2.073099 -2.321129 1.585956
      vertex -2.055944 -2.333796 1.586403
    endloop
  endfacet
  facet normal -0.283355 0.468543 0.836766
    outer loop
      vertex -2.107530 -2.276822 1.556648
      vertex -2.073267 -2.297338 1.579738
      vertex -2.092528 -2.265698 1.555499
    endloop
  endfacet
  facet normal -0.105726 -0.462429 0.880330
    outer loop
      vertex -2.101632 -2.348196 1.578364
      vertex -2.078600 -2.342536 1.584103
      vertex -2.079789 -2.340586 1.584985
    endloop
  endfacet
  facet normal 0.019453 -0.269399 0.962832
    outer loop
      vertex -2.080754 -2.338468 1.585597
      vertex -2.079789 -2.340586 1.584985
      vertex -2.055944 -2.333796 1.586403
    endloop
  endfacet
  facet normal -0.172533 -0.834493 0.523311
    outer loop
      vertex -2.089205 -2.358694 1.565721
      vertex -2.101632 -2.348196 1.578364
      vertex -2.123611 -2.370880 1.534944
    endloop
  endfacet
  facet normal -0.201644 -0.919711 0.336856
    outer loop
      vertex -2.191377 -2.381677 1.464900
      vertex -2.123611 -2.370880 1.534944
      vertex -2.147690 -2.355403 1.562788
    endloop
  endfacet
  facet normal 0.068003 0.966801 0.246317
    outer loop
      vertex -0.824663 -1.911268 0.575665
      vertex -0.814433 -1.805677 0.158395
      vertex -0.958267 -1.793061 0.148586
    endloop
  endfacet
  facet normal -0.106762 0.964521 0.241455
    outer loop
      vertex -0.824663 -1.911268 0.575665
      vertex -0.777156 -1.882781 0.482876
      vertex -0.814433 -1.805677 0.158395
    endloop
  endfacet
  facet normal 0.097228 0.978638 0.181148
    outer loop
      vertex -0.958267 -1.793061 0.148586
      vertex -0.983692 -1.713648 -0.266790
      vertex -1.072253 -1.703969 -0.271551
    endloop
  endfacet
  facet normal 0.184847 0.965705 0.182333
    outer loop
      vertex -1.072253 -1.703969 -0.271551
      vertex -1.154365 -1.688188 -0.271889
      vertex -1.107059 -1.772739 0.127969
    endloop
  endfacet
  facet normal -0.386399 0.883597 0.264486
    outer loop
      vertex -0.796385 -1.984544 0.836554
      vertex -0.785645 -2.042225 1.044947
      vertex -0.770847 -1.980674 0.860934
    endloop
  endfacet
  facet normal -0.695337 0.687097 0.210720
    outer loop
      vertex -0.777347 -2.105674 1.279219
      vertex -0.756880 -2.030577 1.101887
      vertex -0.785645 -2.042225 1.044947
    endloop
  endfacet
  facet normal -0.792134 0.566937 0.226068
    outer loop
      vertex -0.783036 -2.193667 1.479954
      vertex -0.760431 -2.099413 1.322788
      vertex -0.777347 -2.105674 1.279219
    endloop
  endfacet
  facet normal -0.630588 0.622452 0.463586
    outer loop
      vertex -0.786716 -2.253537 1.555335
      vertex -0.776057 -2.193890 1.489747
      vertex -0.783036 -2.193667 1.479954
    endloop
  endfacet
  facet normal -0.344645 0.537312 0.769750
    outer loop
      vertex -0.786716 -2.253537 1.555335
      vertex -0.787587 -2.290855 1.580994
      vertex -0.783183 -2.254193 1.557375
    endloop
  endfacet
  facet normal -0.375242 0.896009 0.237405
    outer loop
      vertex -0.744128 -1.875209 0.506501
      vertex -0.777156 -1.882781 0.482876
      vertex -0.796385 -1.984544 0.836554
    endloop
  endfacet
  facet normal -0.100090 0.236648 0.966426
    outer loop
      vertex -0.784895 -2.303912 1.585960
      vertex -0.789187 -2.311755 1.587436
      vertex -0.785085 -2.306843 1.586658
    endloop
  endfacet
  facet normal -0.317930 0.279048 0.906120
    outer loop
      vertex -0.787587 -2.290855 1.580994
      vertex -0.784895 -2.303912 1.585960
      vertex -0.784689 -2.300995 1.585134
    endloop
  endfacet
  facet normal -0.040962 0.189592 0.981008
    outer loop
      vertex -0.785085 -2.306843 1.586658
      vertex -0.789187 -2.311755 1.587436
      vertex -0.785258 -2.309804 1.587223
    endloop
  endfacet
  facet normal 0.618422 0.770749 0.153298
    outer loop
      vertex -2.229881 -1.700127 0.254908
      vertex -2.182320 -1.815490 0.643060
      vertex -2.169026 -1.822296 0.623651
    endloop
  endfacet
  facet normal 0.768776 0.631540 0.100704
    outer loop
      vertex -2.169026 -1.822296 0.623651
      vertex -2.140535 -1.847911 0.566786
      vertex -2.210362 -1.711142 0.242132
    endloop
  endfacet
  facet normal 0.667615 0.730672 0.142855
    outer loop
      vertex -2.172712 -1.747984 0.206058
      vertex -2.140535 -1.847911 0.566786
      vertex -2.097759 -1.875209 0.506501
    endloop
  endfacet
  facet normal 0.365226 0.906604 0.211377
    outer loop
      vertex -2.081364 -1.798809 0.150490
      vertex -2.120762 -1.786780 0.166970
      vertex -2.097759 -1.875209 0.506501
    endloop
  endfacet
  facet normal 0.108086 0.971838 0.209402
    outer loop
      vertex -2.081364 -1.798809 0.150490
      vertex -2.034618 -1.742753 -0.133793
      vertex -2.095557 -1.729264 -0.164943
    endloop
  endfacet
  facet normal -0.046078 0.986865 0.154840
    outer loop
      vertex -1.858196 -1.713648 -0.266790
      vertex -1.948784 -1.719449 -0.256777
      vertex -2.034618 -1.742753 -0.133793
    endloop
  endfacet
  facet normal -0.100101 0.984992 0.140611
    outer loop
      vertex -1.769634 -1.703969 -0.271551
      vertex -1.729229 -1.640494 -0.687431
      vertex -1.858196 -1.713648 -0.266790
    endloop
  endfacet
  facet normal -0.186068 0.971323 0.148020
    outer loop
      vertex -1.642846 -1.618390 -0.673747
      vertex -1.769634 -1.703969 -0.271551
      vertex -1.687523 -1.688188 -0.271889
    endloop
  endfacet
  facet normal -0.324262 0.930957 0.167849
    outer loop
      vertex -1.595313 -1.621845 -0.461712
      vertex -1.687523 -1.688188 -0.271889
      vertex -1.615698 -1.663756 -0.268639
    endloop
  endfacet
  facet normal -0.508348 0.851117 0.131081
    outer loop
      vertex -1.595313 -1.621845 -0.461712
      vertex -1.615698 -1.663756 -0.268639
      vertex -1.553335 -1.627357 -0.263128
    endloop
  endfacet
  facet normal -0.350560 0.905974 0.237316
    outer loop
      vertex -1.460557 -1.568270 -0.262030
      vertex -1.495335 -1.582517 -0.259014
      vertex -1.498806 -1.681701 0.114501
    endloop
  endfacet
  facet normal -0.610832 0.775437 0.159943
    outer loop
      vertex -1.544146 -1.582533 -0.445354
      vertex -1.553335 -1.627357 -0.263128
      vertex -1.495335 -1.582517 -0.259014
    endloop
  endfacet
  facet normal -0.254237 0.932264 0.257387
    outer loop
      vertex -1.420944 -1.676510 0.172609
      vertex -1.420944 -1.660623 0.115064
      vertex -1.498806 -1.681701 0.114501
    endloop
  endfacet
  facet normal 0.266122 0.924167 0.274035
    outer loop
      vertex -1.343226 -1.796813 0.502850
      vertex -1.343082 -1.681701 0.114501
      vertex -1.420944 -1.676510 0.172609
    endloop
  endfacet
  facet normal 0.529508 0.813274 0.241262
    outer loop
      vertex -1.270815 -1.727864 0.111505
      vertex -1.343082 -1.681701 0.114501
      vertex -1.343226 -1.796813 0.502850
    endloop
  endfacet
  facet normal 0.315626 0.920109 0.231903
    outer loop
      vertex -1.288552 -1.627357 -0.263128
      vertex -1.270815 -1.727864 0.111505
      vertex -1.189328 -1.757241 0.117157
    endloop
  endfacet
  facet normal 0.324262 0.930957 0.167849
    outer loop
      vertex -1.246575 -1.621845 -0.461712
      vertex -1.226189 -1.663756 -0.268639
      vertex -1.154365 -1.688188 -0.271889
    endloop
  endfacet
  facet normal 0.507622 0.842229 0.181577
    outer loop
      vertex -1.297741 -1.582533 -0.445354
      vertex -1.288552 -1.627357 -0.263128
      vertex -1.226189 -1.663756 -0.268639
    endloop
  endfacet
  facet normal 0.326872 0.916094 0.232220
    outer loop
      vertex -2.229881 -1.700127 0.254908
      vertex -2.189450 -1.814491 0.649155
      vertex -2.182320 -1.815490 0.643060
    endloop
  endfacet
  facet normal 0.241998 -0.934959 -0.259399
    outer loop
      vertex -0.281814 -2.014197 -0.603618
      vertex -0.079967 -2.021659 -0.388415
      vertex -0.304868 -2.084437 -0.371958
    endloop
  endfacet
  facet normal 0.241729 -0.934498 -0.261304
    outer loop
      vertex -0.079967 -2.021659 -0.388415
      vertex -0.091056 -2.088457 -0.159784
      vertex -0.304868 -2.084437 -0.371958
    endloop
  endfacet
  facet normal 0.215327 -0.948143 -0.233792
    outer loop
      vertex -0.091056 -2.088457 -0.159784
      vertex -0.113734 -2.149246 0.065857
      vertex -0.333076 -2.147848 -0.141832
    endloop
  endfacet
  facet normal 0.193092 -0.935541 -0.295769
    outer loop
      vertex -0.265985 -1.940501 -0.824095
      vertex -0.379281 -2.006225 -0.690171
      vertex -0.354724 -1.931294 -0.911151
    endloop
  endfacet
  facet normal 0.278119 -0.916829 -0.286488
    outer loop
      vertex -0.265985 -1.940501 -0.824095
      vertex -0.082110 -1.950963 -0.612111
      vertex -0.281814 -2.014197 -0.603618
    endloop
  endfacet
  facet normal 0.133700 -0.942958 -0.304884
    outer loop
      vertex -0.354724 -1.931294 -0.911151
      vertex -0.379281 -2.006225 -0.690171
      vertex -0.464811 -1.999636 -0.748055
    endloop
  endfacet
  facet normal 0.031427 -0.949956 -0.310800
    outer loop
      vertex -0.508131 -2.034613 -0.645530
      vertex -0.447912 -1.960632 -0.865561
      vertex -0.464811 -1.999636 -0.748055
    endloop
  endfacet
  facet normal 0.002603 -0.948069 -0.318055
    outer loop
      vertex -0.454420 -1.897231 -1.054602
      vertex -0.447912 -1.960632 -0.865561
      vertex -0.508131 -2.034613 -0.645530
    endloop
  endfacet
  facet normal 0.296684 -0.936638 -0.186245
    outer loop
      vertex -0.113734 -2.149246 0.065857
      vertex -0.015806 -2.138705 0.168842
      vertex -0.148132 -2.204204 0.287449
    endloop
  endfacet
  facet normal 0.271461 -0.949578 -0.156877
    outer loop
      vertex -0.148132 -2.204204 0.287449
      vertex -0.050527 -2.192808 0.387362
      vertex -0.194804 -2.253427 0.504637
    endloop
  endfacet
  facet normal 0.247716 -0.960601 -0.126028
    outer loop
      vertex -0.194804 -2.253427 0.504637
      vertex -0.100500 -2.241647 0.600209
      vertex -0.254595 -2.296646 0.716531
    endloop
  endfacet
  facet normal 0.224223 -0.970170 -0.092167
    outer loop
      vertex -0.254595 -2.296646 0.716531
      vertex -0.166728 -2.284835 0.805971
      vertex -0.328622 -2.333280 0.922059
    endloop
  endfacet
  facet normal 0.198585 -0.978713 -0.051816
    outer loop
      vertex -0.328622 -2.333280 0.922059
      vertex -0.250554 -2.321726 1.003015
      vertex -0.418523 -2.361918 1.118424
    endloop
  endfacet
  facet normal 0.168216 -0.985750 0.000993
    outer loop
      vertex -0.418523 -2.361918 1.118424
      vertex -0.353975 -2.350833 1.187563
      vertex -0.525799 -2.380039 1.301764
    endloop
  endfacet
  facet normal 0.146985 -0.987149 0.062714
    outer loop
      vertex -0.525799 -2.380039 1.301764
      vertex -0.478826 -2.369695 1.354496
      vertex -0.586067 -2.383621 1.386639
    endloop
  endfacet
  facet normal 0.160484 -0.974575 0.156358
    outer loop
      vertex -0.586067 -2.383621 1.386639
      vertex -0.518866 -2.359874 1.465677
      vertex -0.650510 -2.381677 1.464900
    endloop
  endfacet
  facet normal 0.115307 -0.958872 0.259363
    outer loop
      vertex -0.650510 -2.381677 1.464900
      vertex -0.604084 -2.361036 1.520572
      vertex -0.718277 -2.370880 1.534944
    endloop
  endfacet
  facet normal 0.072340 -0.897008 0.436055
    outer loop
      vertex -0.718277 -2.370880 1.534944
      vertex -0.694198 -2.355403 1.562788
      vertex -0.752683 -2.358694 1.565721
    endloop
  endfacet
  facet normal 0.093683 -0.740151 0.665883
    outer loop
      vertex -0.752683 -2.358694 1.565721
      vertex -0.766222 -2.346016 1.581717
      vertex -0.769708 -2.349068 1.578815
    endloop
  endfacet
  facet normal -0.105703 -0.500129 0.859475
    outer loop
      vertex -0.785944 -2.333796 1.586403
      vertex -0.766222 -2.346016 1.581717
      vertex -0.763288 -2.342536 1.584103
    endloop
  endfacet
  facet normal 0.247600 0.209262 0.945993
    outer loop
      vertex -0.784895 -2.303912 1.585960
      vertex -0.785085 -2.306843 1.586658
      vertex -0.782219 -2.311778 1.586999
    endloop
  endfacet
  facet normal 0.284012 0.258524 0.923311
    outer loop
      vertex -0.777629 -2.290767 1.579705
      vertex -0.782219 -2.311778 1.586999
      vertex -0.777642 -2.315199 1.586549
    endloop
  endfacet
  facet normal 0.070365 -0.039259 0.996748
    outer loop
      vertex -0.773542 -2.318402 1.586134
      vertex -0.777642 -2.315199 1.586549
      vertex -0.785944 -2.333796 1.586403
    endloop
  endfacet
  facet normal -0.581135 -0.683973 -0.440979
    outer loop
      vertex -0.554132 -1.826790 -1.206370
      vertex -0.596368 -1.867666 -1.087312
      vertex -0.590033 -1.818587 -1.171783
    endloop
  endfacet
  facet normal -0.718945 -0.538926 -0.438950
    outer loop
      vertex -0.590033 -1.818587 -1.171783
      vertex -0.584011 -1.762066 -1.251039
      vertex -0.546999 -1.779114 -1.290730
    endloop
  endfacet
  facet normal -0.849994 -0.332544 -0.408565
    outer loop
      vertex -0.533907 -1.658221 -1.439801
      vertex -0.584011 -1.762066 -1.251039
      vertex -0.578434 -1.692229 -1.319484
    endloop
  endfacet
  facet normal -0.873341 -0.296360 -0.386583
    outer loop
      vertex -0.578434 -1.692229 -1.319484
      vertex -0.625618 -1.799672 -1.130523
      vertex -0.620701 -1.726619 -1.197636
    endloop
  endfacet
  facet normal -0.826262 -0.342756 -0.447001
    outer loop
      vertex -0.620701 -1.726619 -1.197636
      vertex -0.670120 -1.833940 -1.023994
      vertex -0.665956 -1.757460 -1.090335
    endloop
  endfacet
  facet normal -0.485857 -0.320641 -0.813100
    outer loop
      vertex -0.718258 -1.731923 -1.033658
      vertex -0.719450 -1.780822 -1.013663
      vertex -0.750926 -1.788470 -0.991838
    endloop
  endfacet
  facet normal -0.699682 -0.255738 -0.667115
    outer loop
      vertex -0.691345 -1.770322 -1.047165
      vertex -0.719450 -1.780822 -1.013663
      vertex -0.718258 -1.731923 -1.033658
    endloop
  endfacet
  facet normal -0.712034 -0.437565 -0.549130
    outer loop
      vertex -0.670120 -1.833940 -1.023994
      vertex -0.691345 -1.770322 -1.047165
      vertex -0.665956 -1.757460 -1.090335
    endloop
  endfacet
  facet normal 0.045524 -0.664140 -0.746221
    outer loop
      vertex -0.788122 -1.877630 -0.914755
      vertex -0.786805 -1.817201 -0.968457
      vertex -0.750926 -1.788470 -0.991838
    endloop
  endfacet
  facet normal 0.198622 -0.521086 -0.830071
    outer loop
      vertex -0.829593 -1.807349 -0.984880
      vertex -0.786432 -1.792775 -0.983701
      vertex -0.786805 -1.817201 -0.968457
    endloop
  endfacet
  facet normal 0.526605 -0.402472 -0.748801
    outer loop
      vertex -0.867879 -1.744610 -1.042384
      vertex -0.829263 -1.748983 -1.012876
      vertex -0.868281 -1.803991 -1.010750
    endloop
  endfacet
  facet normal 0.164486 -0.427357 -0.888994
    outer loop
      vertex -0.829593 -1.807349 -0.984880
      vertex -0.829263 -1.748983 -1.012876
      vertex -0.786182 -1.771957 -0.993861
    endloop
  endfacet
  facet normal 0.728186 -0.406614 -0.551734
    outer loop
      vertex -0.867879 -1.744610 -1.042384
      vertex -0.936655 -1.787504 -1.101543
      vertex -0.934986 -1.724884 -1.145490
    endloop
  endfacet
  facet normal -0.230176 -0.875924 -0.424001
    outer loop
      vertex -0.505127 -1.789582 -1.309840
      vertex -0.569054 -1.908031 -1.030438
      vertex -0.554132 -1.826790 -1.206370
    endloop
  endfacet
  facet normal -0.060467 -0.905078 -0.420925
    outer loop
      vertex -0.444614 -1.759363 -1.383509
      vertex -0.522237 -1.869743 -1.135019
      vertex -0.505127 -1.789582 -1.309840
    endloop
  endfacet
  facet normal -0.064568 -0.904349 -0.421882
    outer loop
      vertex -0.444614 -1.759363 -1.383509
      vertex -0.464726 -1.837783 -1.212330
      vertex -0.522237 -1.869743 -1.135019
    endloop
  endfacet
  facet normal 0.090660 -0.929919 -0.356413
    outer loop
      vertex -0.430583 -1.825115 -1.236697
      vertex -0.454420 -1.897231 -1.054602
      vertex -0.464726 -1.837783 -1.212330
    endloop
  endfacet
  facet normal -0.850415 -0.317222 -0.419719
    outer loop
      vertex -1.847444 -1.694492 -1.288931
      vertex -1.905233 -1.787504 -1.101543
      vertex -1.906902 -1.724884 -1.145490
    endloop
  endfacet
  facet normal -0.803848 -0.428716 -0.412349
    outer loop
      vertex -1.788676 -1.658893 -1.452824
      vertex -1.727392 -1.577777 -1.656627
      vertex -1.723619 -1.623230 -1.616727
    endloop
  endfacet
  facet normal -0.859954 -0.338573 -0.381900
    outer loop
      vertex -1.788676 -1.658893 -1.452824
      vertex -1.847444 -1.694492 -1.288931
      vertex -1.791649 -1.617011 -1.483260
    endloop
  endfacet
  facet normal 0.560765 -0.603550 -0.566807
    outer loop
      vertex -1.192780 -1.544124 -1.808348
      vertex -1.196586 -1.592921 -1.760154
      vertex -1.242888 -1.581648 -1.817966
    endloop
  endfacet
  facet normal 0.434429 -0.658159 -0.614897
    outer loop
      vertex -1.239491 -1.531252 -1.869507
      vertex -1.242888 -1.581648 -1.817966
      vertex -1.295111 -1.573906 -1.863148
    endloop
  endfacet
  facet normal 0.278365 -0.700003 -0.657654
    outer loop
      vertex -1.292477 -1.521974 -1.917310
      vertex -1.295111 -1.573906 -1.863148
      vertex -1.354156 -1.569686 -1.892632
    endloop
  endfacet
  facet normal 0.071697 -0.840828 -0.536533
    outer loop
      vertex -1.354156 -1.569686 -1.892632
      vertex -1.420944 -1.665377 -1.751594
      vertex -1.420944 -1.569760 -1.901441
    endloop
  endfacet
  facet normal 0.715107 -0.493740 -0.494816
    outer loop
      vertex -1.118269 -1.623230 -1.616727
      vertex -1.196586 -1.592921 -1.760154
      vertex -1.114495 -1.577777 -1.656627
    endloop
  endfacet
  facet normal 0.838532 -0.358003 -0.410730
    outer loop
      vertex -1.053212 -1.658893 -1.452824
      vertex -1.118269 -1.623230 -1.616727
      vertex -1.050239 -1.617011 -1.483260
    endloop
  endfacet
  facet normal 0.893825 -0.247114 -0.374180
    outer loop
      vertex -0.994444 -1.694492 -1.288931
      vertex -1.053212 -1.658893 -1.452824
      vertex -0.992630 -1.656193 -1.309893
    endloop
  endfacet
  facet normal 0.898152 -0.165483 -0.407356
    outer loop
      vertex -0.934986 -1.724884 -1.145490
      vertex -0.994444 -1.694492 -1.288931
      vertex -0.934294 -1.689914 -1.158171
    endloop
  endfacet
  facet normal -0.438378 -0.656916 -0.613422
    outer loop
      vertex -1.549410 -1.521974 -1.917310
      vertex -1.599000 -1.581648 -1.817966
      vertex -1.602397 -1.531252 -1.869507
    endloop
  endfacet
  facet normal -0.570346 -0.599293 -0.561741
    outer loop
      vertex -1.602397 -1.531252 -1.869507
      vertex -1.645301 -1.592921 -1.760154
      vertex -1.649107 -1.544124 -1.808348
    endloop
  endfacet
  facet normal -0.728675 -0.484982 -0.483554
    outer loop
      vertex -1.723619 -1.623230 -1.616727
      vertex -1.727392 -1.577777 -1.656627
      vertex -1.649107 -1.544124 -1.808348
    endloop
  endfacet
  facet normal -0.278194 -0.700035 -0.657693
    outer loop
      vertex -1.489231 -1.516576 -1.948510
      vertex -1.546777 -1.573906 -1.863148
      vertex -1.549410 -1.521974 -1.917310
    endloop
  endfacet
  facet normal -0.067404 -0.724087 -0.686407
    outer loop
      vertex -1.420944 -1.506246 -1.966113
      vertex -1.487732 -1.569686 -1.892632
      vertex -1.489231 -1.516576 -1.948510
    endloop
  endfacet
  facet normal 0.072502 -0.711587 -0.698848
    outer loop
      vertex -1.352657 -1.516576 -1.948510
      vertex -1.420944 -1.569760 -1.901441
      vertex -1.420944 -1.506246 -1.966113
    endloop
  endfacet
  facet normal -0.771003 -0.303479 -0.559870
    outer loop
      vertex -1.906902 -1.724884 -1.145490
      vertex -1.973606 -1.803991 -1.010750
      vertex -1.974009 -1.744610 -1.042384
    endloop
  endfacet
  facet normal -0.480625 -0.414838 -0.772599
    outer loop
      vertex -1.974009 -1.744610 -1.042384
      vertex -1.973606 -1.803991 -1.010750
      vertex -2.012294 -1.807349 -0.984880
    endloop
  endfacet
  facet normal -0.215510 -0.618992 -0.755251
    outer loop
      vertex -2.053498 -1.874956 -0.917713
      vertex -2.055279 -1.793186 -0.984222
      vertex -2.012294 -1.807349 -0.984880
    endloop
  endfacet
  facet normal 0.081547 -0.630125 -0.772200
    outer loop
      vertex -2.088478 -1.870971 -0.924254
      vertex -2.090961 -1.788470 -0.991838
      vertex -2.055279 -1.793186 -0.984222
    endloop
  endfacet
  facet normal 0.359553 -0.587938 -0.724604
    outer loop
      vertex -2.119292 -1.861161 -0.946916
      vertex -2.122438 -1.780822 -1.013663
      vertex -2.090961 -1.788470 -0.991838
    endloop
  endfacet
  facet normal -0.064916 -0.994825 0.078167
    outer loop
      vertex -2.174503 -2.395623 1.301420
      vertex -2.191377 -2.381677 1.464900
      vertex -2.255820 -2.383621 1.386639
    endloop
  endfacet
  facet normal -0.139814 -0.990159 0.006041
    outer loop
      vertex -2.211787 -2.391006 1.195396
      vertex -2.174503 -2.395623 1.301420
      vertex -2.255820 -2.383621 1.386639
    endloop
  endfacet
  facet normal -0.150919 -0.987467 -0.046183
    outer loop
      vertex -2.279861 -2.370480 0.978973
      vertex -2.211787 -2.391006 1.195396
      vertex -2.316089 -2.380039 1.301764
    endloop
  endfacet
  facet normal -0.152605 -0.983550 -0.096653
    outer loop
      vertex -2.339423 -2.339600 0.758785
      vertex -2.279861 -2.370480 0.978973
      vertex -2.423365 -2.361918 1.118424
    endloop
  endfacet
  facet normal -0.159863 -0.978227 -0.132347
    outer loop
      vertex -2.391301 -2.301002 0.536155
      vertex -2.339423 -2.339600 0.758785
      vertex -2.513265 -2.333280 0.922059
    endloop
  endfacet
  facet normal -0.169908 -0.972196 -0.161139
    outer loop
      vertex -2.436409 -2.255949 0.311899
      vertex -2.391301 -2.301002 0.536155
      vertex -2.587292 -2.296646 0.716531
    endloop
  endfacet
  facet normal -0.182352 -0.965346 -0.186693
    outer loop
      vertex -2.475404 -2.204887 0.085959
      vertex -2.436409 -2.255949 0.311899
      vertex -2.647084 -2.253427 0.504637
    endloop
  endfacet
  facet normal -0.142291 -0.958589 -0.246697
    outer loop
      vertex -2.537019 -2.084437 -0.371958
      vertex -2.402730 -2.142785 -0.222692
      vertex -2.508811 -2.147848 -0.141832
    endloop
  endfacet
  facet normal -0.197485 -0.957380 -0.210766
    outer loop
      vertex -2.508811 -2.147848 -0.141832
      vertex -2.475404 -2.204887 0.085959
      vertex -2.693756 -2.204204 0.287449
    endloop
  endfacet
  facet normal -0.122487 -0.956768 -0.263802
    outer loop
      vertex -2.462607 -2.006225 -0.690171
      vertex -2.402730 -2.142785 -0.222692
      vertex -2.537019 -2.084437 -0.371958
    endloop
  endfacet
  facet normal -0.131476 -0.944313 -0.301641
    outer loop
      vertex -2.407538 -1.927861 -0.959498
      vertex -2.377077 -1.999643 -0.748057
      vertex -2.462607 -2.006225 -0.690171
    endloop
  endfacet
  facet normal 0.061588 -0.904654 -0.421672
    outer loop
      vertex -2.397273 -1.759363 -1.383509
      vertex -2.336760 -1.789582 -1.309840
      vertex -2.377162 -1.837783 -1.212330
    endloop
  endfacet
  facet normal -0.046909 -0.910215 -0.411472
    outer loop
      vertex -2.397273 -1.759363 -1.383509
      vertex -2.377162 -1.837783 -1.212330
      vertex -2.433326 -1.747914 -1.404727
    endloop
  endfacet
  facet normal -0.067880 -0.909929 -0.409172
    outer loop
      vertex -2.433326 -1.747914 -1.404727
      vertex -2.411304 -1.825115 -1.236697
      vertex -2.462867 -1.775664 -1.338115
    endloop
  endfacet
  facet normal -0.159546 -0.930804 -0.328859
    outer loop
      vertex -2.437538 -1.849795 -1.165901
      vertex -2.407538 -1.927861 -0.959498
      vertex -2.487163 -1.931294 -0.911151
    endloop
  endfacet
  facet normal -0.144912 -0.916382 -0.373154
    outer loop
      vertex -2.462867 -1.775664 -1.338115
      vertex -2.411304 -1.825115 -1.236697
      vertex -2.437538 -1.849795 -1.165901
    endloop
  endfacet
  facet normal 0.411175 -0.778259 -0.474603
    outer loop
      vertex -2.294888 -1.779114 -1.290730
      vertex -2.287755 -1.826790 -1.206370
      vertex -2.336760 -1.789582 -1.309840
    endloop
  endfacet
  facet normal 0.612986 -0.620518 -0.489086
    outer loop
      vertex -2.287755 -1.826790 -1.206370
      vertex -2.257876 -1.762066 -1.251039
      vertex -2.251855 -1.818587 -1.171783
    endloop
  endfacet
  facet normal 0.680050 -0.565914 -0.466126
    outer loop
      vertex -2.171768 -1.833940 -1.023994
      vertex -2.210927 -1.858415 -1.051409
      vertex -2.216270 -1.799672 -1.130523
    endloop
  endfacet
  facet normal 0.755790 -0.500273 -0.422502
    outer loop
      vertex -2.210927 -1.858415 -1.051409
      vertex -2.251855 -1.818587 -1.171783
      vertex -2.216270 -1.799672 -1.130523
    endloop
  endfacet
  facet normal 0.819075 -0.349817 -0.454691
    outer loop
      vertex -2.171768 -1.833940 -1.023994
      vertex -2.216270 -1.799672 -1.130523
      vertex -2.175932 -1.757460 -1.090335
    endloop
  endfacet
  facet normal 0.715495 -0.431567 -0.549379
    outer loop
      vertex -2.146844 -1.848663 -0.980807
      vertex -2.175932 -1.757460 -1.090335
      vertex -2.150543 -1.770322 -1.047165
    endloop
  endfacet
  facet normal 0.573514 -0.510100 -0.640999
    outer loop
      vertex -2.150543 -1.770322 -1.047165
      vertex -2.122438 -1.780822 -1.013663
      vertex -2.119292 -1.861161 -0.946916
    endloop
  endfacet
  facet normal 0.023335 0.940825 0.338088
    outer loop
      vertex -2.144727 -1.946866 1.014439
      vertex -2.189450 -1.814491 0.649155
      vertex -2.197175 -1.815440 0.652329
    endloop
  endfacet
  facet normal -0.150586 0.892679 0.424792
    outer loop
      vertex -2.102386 -2.076085 1.300996
      vertex -2.144727 -1.946866 1.014439
      vertex -2.187852 -2.011006 1.133938
    endloop
  endfacet
  facet normal -0.194502 0.853458 0.483506
    outer loop
      vertex -2.095517 -2.100386 1.346654
      vertex -2.102386 -2.076085 1.300996
      vertex -2.149069 -2.095774 1.316971
    endloop
  endfacet
  facet normal -0.335931 0.652807 0.678965
    outer loop
      vertex -2.103929 -2.193936 1.484030
      vertex -2.078991 -2.254144 1.554257
      vertex -2.071736 -2.249492 1.553374
    endloop
  endfacet
  facet normal -0.420814 0.727877 0.541397
    outer loop
      vertex -2.103929 -2.193936 1.484030
      vertex -2.149069 -2.095774 1.316971
      vertex -2.192021 -2.121711 1.318457
    endloop
  endfacet
  facet normal -0.262316 0.558509 0.786930
    outer loop
      vertex -2.078991 -2.254144 1.554257
      vertex -2.067005 -2.267938 1.568043
      vertex -2.071736 -2.249492 1.553374
    endloop
  endfacet
  facet normal -0.433361 0.581738 0.688316
    outer loop
      vertex -2.129242 -2.212352 1.487298
      vertex -2.092528 -2.265698 1.555499
      vertex -2.078991 -2.254144 1.554257
    endloop
  endfacet
  facet normal -0.325970 0.412816 0.850486
    outer loop
      vertex -2.107530 -2.276822 1.556648
      vertex -2.081293 -2.303514 1.579660
      vertex -2.073267 -2.297338 1.579738
    endloop
  endfacet
  facet normal -0.134424 0.294517 0.946145
    outer loop
      vertex -2.090602 -2.308764 1.579971
      vertex -2.068345 -2.318402 1.586134
      vertex -2.081293 -2.303514 1.579660
    endloop
  endfacet
  facet normal -0.166777 0.228173 0.959230
    outer loop
      vertex -2.090602 -2.308764 1.579971
      vertex -2.073099 -2.321129 1.585956
      vertex -2.068345 -2.318402 1.586134
    endloop
  endfacet
  facet normal -0.000798 0.034190 0.999415
    outer loop
      vertex -2.085376 -2.326036 1.586114
      vertex -2.055944 -2.333796 1.586403
      vertex -2.073099 -2.321129 1.585956
    endloop
  endfacet
  facet normal -0.387757 0.595580 0.703512
    outer loop
      vertex -2.157226 -2.230665 1.490181
      vertex -2.107530 -2.276822 1.556648
      vertex -2.092528 -2.265698 1.555499
    endloop
  endfacet
  facet normal -0.064144 -0.543849 0.836728
    outer loop
      vertex -2.105745 -2.341415 1.582456
      vertex -2.101632 -2.348196 1.578364
      vertex -2.079789 -2.340586 1.584985
    endloop
  endfacet
  facet normal -0.082298 -0.311158 0.946788
    outer loop
      vertex -2.105745 -2.341415 1.582456
      vertex -2.079789 -2.340586 1.584985
      vertex -2.080754 -2.338468 1.585597
    endloop
  endfacet
  facet normal -0.007826 -0.129507 0.991548
    outer loop
      vertex -2.081468 -2.336163 1.585892
      vertex -2.080754 -2.338468 1.585597
      vertex -2.055944 -2.333796 1.586403
    endloop
  endfacet
  facet normal -0.021490 -0.881618 0.471474
    outer loop
      vertex -2.123611 -2.370880 1.534944
      vertex -2.101632 -2.348196 1.578364
      vertex -2.147690 -2.355403 1.562788
    endloop
  endfacet
  facet normal -0.076271 -0.953954 0.290093
    outer loop
      vertex -2.191377 -2.381677 1.464900
      vertex -2.147690 -2.355403 1.562788
      vertex -2.237804 -2.361036 1.520572
    endloop
  endfacet
  facet normal 0.073516 0.980373 0.182931
    outer loop
      vertex -0.814433 -1.805677 0.158395
      vertex -0.983692 -1.713648 -0.266790
      vertex -0.958267 -1.793061 0.148586
    endloop
  endfacet
  facet normal -0.088013 0.966813 0.239846
    outer loop
      vertex -0.777156 -1.882781 0.482876
      vertex -0.760524 -1.798809 0.150490
      vertex -0.814433 -1.805677 0.158395
    endloop
  endfacet
  facet normal 0.100445 0.985661 0.135583
    outer loop
      vertex -0.983692 -1.713648 -0.266790
      vertex -1.008813 -1.652559 -0.692285
      vertex -1.072253 -1.703969 -0.271551
    endloop
  endfacet
  facet normal 0.186603 0.973731 0.130488
    outer loop
      vertex -1.112658 -1.640494 -0.687431
      vertex -1.154365 -1.688188 -0.271889
      vertex -1.072253 -1.703969 -0.271551
    endloop
  endfacet
  facet normal -0.665159 0.722592 0.188213
    outer loop
      vertex -0.770847 -1.980674 0.860934
      vertex -0.785645 -2.042225 1.044947
      vertex -0.756880 -2.030577 1.101887
    endloop
  endfacet
  facet normal -0.365462 0.899339 0.240057
    outer loop
      vertex -0.744128 -1.875209 0.506501
      vertex -0.796385 -1.984544 0.836554
      vertex -0.770847 -1.980674 0.860934
    endloop
  endfacet
  facet normal -0.733934 0.651729 0.191288
    outer loop
      vertex -0.760431 -2.099413 1.322788
      vertex -0.756880 -2.030577 1.101887
      vertex -0.777347 -2.105674 1.279219
    endloop
  endfacet
  facet normal -0.515638 0.765483 0.384906
    outer loop
      vertex -0.760431 -2.099413 1.322788
      vertex -0.783036 -2.193667 1.479954
      vertex -0.776057 -2.193890 1.489747
    endloop
  endfacet
  facet normal -0.229083 0.738391 0.634271
    outer loop
      vertex -0.783183 -2.254193 1.557375
      vertex -0.776057 -2.193890 1.489747
      vertex -0.786716 -2.253537 1.555335
    endloop
  endfacet
  facet normal -0.453931 0.520470 0.723227
    outer loop
      vertex -0.783183 -2.254193 1.557375
      vertex -0.787587 -2.290855 1.580994
      vertex -0.782375 -2.276380 1.573849
    endloop
  endfacet
  facet normal -0.360076 0.908467 0.212211
    outer loop
      vertex -0.721126 -1.786780 0.166970
      vertex -0.777156 -1.882781 0.482876
      vertex -0.744128 -1.875209 0.506501
    endloop
  endfacet
  facet normal 0.361211 0.230326 0.903591
    outer loop
      vertex -0.777629 -2.290767 1.579705
      vertex -0.784689 -2.300995 1.585134
      vertex -0.784895 -2.303912 1.585960
    endloop
  endfacet
  facet normal -0.023911 0.371987 0.927930
    outer loop
      vertex -0.783484 -2.286999 1.579554
      vertex -0.787587 -2.290855 1.580994
      vertex -0.784689 -2.300995 1.585134
    endloop
  endfacet
  facet normal 0.567515 0.804975 0.173039
    outer loop
      vertex -2.210362 -1.711142 0.242132
      vertex -2.229881 -1.700127 0.254908
      vertex -2.169026 -1.822296 0.623651
    endloop
  endfacet
  facet normal 0.748553 0.653173 0.114167
    outer loop
      vertex -2.140535 -1.847911 0.566786
      vertex -2.172712 -1.747984 0.206058
      vertex -2.210362 -1.711142 0.242132
    endloop
  endfacet
  facet normal 0.660480 0.736309 0.147022
    outer loop
      vertex -2.120762 -1.786780 0.166970
      vertex -2.172712 -1.747984 0.206058
      vertex -2.097759 -1.875209 0.506501
    endloop
  endfacet
  facet normal 0.357326 0.915233 0.186193
    outer loop
      vertex -2.140250 -1.712282 -0.161821
      vertex -2.120762 -1.786780 0.166970
      vertex -2.081364 -1.798809 0.150490
    endloop
  endfacet
  facet normal 0.360314 0.914231 0.185352
    outer loop
      vertex -2.095557 -1.729264 -0.164943
      vertex -2.140250 -1.712282 -0.161821
      vertex -2.081364 -1.798809 0.150490
    endloop
  endfacet
  facet normal 0.121784 0.975330 0.184118
    outer loop
      vertex -2.034618 -1.742753 -0.133793
      vertex -2.037230 -1.722316 -0.240327
      vertex -2.095557 -1.729264 -0.164943
    endloop
  endfacet
  facet normal -0.047953 0.989106 0.139177
    outer loop
      vertex -1.858196 -1.713648 -0.266790
      vertex -1.833074 -1.652559 -0.692285
      vertex -1.948784 -1.719449 -0.256777
    endloop
  endfacet
  facet normal 0.003192 0.982102 0.188324
    outer loop
      vertex -2.034618 -1.742753 -0.133793
      vertex -1.948784 -1.719449 -0.256777
      vertex -2.037230 -1.722316 -0.240327
    endloop
  endfacet
  facet normal -0.263952 0.956989 0.120418
    outer loop
      vertex -1.642846 -1.618390 -0.673747
      vertex -1.729229 -1.640494 -0.687431
      vertex -1.769634 -1.703969 -0.271551
    endloop
  endfacet
  facet normal -0.120548 0.983608 0.134102
    outer loop
      vertex -1.858196 -1.713648 -0.266790
      vertex -1.729229 -1.640494 -0.687431
      vertex -1.833074 -1.652559 -0.692285
    endloop
  endfacet
  facet normal -0.422316 0.899830 0.109338
    outer loop
      vertex -1.642846 -1.618390 -0.673747
      vertex -1.687523 -1.688188 -0.271889
      vertex -1.595313 -1.621845 -0.461712
    endloop
  endfacet
  facet normal -0.632558 0.758890 0.154777
    outer loop
      vertex -1.544146 -1.582533 -0.445354
      vertex -1.595313 -1.621845 -0.461712
      vertex -1.553335 -1.627357 -0.263128
    endloop
  endfacet
  facet normal -0.254376 0.932833 0.255177
    outer loop
      vertex -1.420944 -1.660623 0.115064
      vertex -1.460557 -1.568270 -0.262030
      vertex -1.498806 -1.681701 0.114501
    endloop
  endfacet
  facet normal -0.356004 0.912081 0.203392
    outer loop
      vertex -1.462784 -1.488900 -0.621852
      vertex -1.495335 -1.582517 -0.259014
      vertex -1.460557 -1.568270 -0.262030
    endloop
  endfacet
  facet normal -0.611609 0.774782 0.160146
    outer loop
      vertex -1.495335 -1.582517 -0.259014
      vertex -1.540600 -1.541119 -0.632172
      vertex -1.544146 -1.582533 -0.445354
    endloop
  endfacet
  facet normal 0.254237 0.932264 0.257387
    outer loop
      vertex -1.343082 -1.681701 0.114501
      vertex -1.420944 -1.660623 0.115064
      vertex -1.420944 -1.676510 0.172609
    endloop
  endfacet
  facet normal 0.532259 0.819439 0.212648
    outer loop
      vertex -1.346553 -1.582517 -0.259014
      vertex -1.343082 -1.681701 0.114501
      vertex -1.270815 -1.727864 0.111505
    endloop
  endfacet
  facet normal 0.609713 0.772302 0.178325
    outer loop
      vertex -1.288552 -1.627357 -0.263128
      vertex -1.346553 -1.582517 -0.259014
      vertex -1.270815 -1.727864 0.111505
    endloop
  endfacet
  facet normal 0.626335 0.772899 0.101644
    outer loop
      vertex -1.246575 -1.621845 -0.461712
      vertex -1.297741 -1.582533 -0.445354
      vertex -1.226189 -1.663756 -0.268639
    endloop
  endfacet
  facet normal 0.331053 0.929259 0.163956
    outer loop
      vertex -1.154365 -1.688188 -0.271889
      vertex -1.258715 -1.583740 -0.653171
      vertex -1.246575 -1.621845 -0.461712
    endloop
  endfacet
  facet normal 0.610832 0.775437 0.159943
    outer loop
      vertex -1.297741 -1.582533 -0.445354
      vertex -1.346553 -1.582517 -0.259014
      vertex -1.288552 -1.627357 -0.263128
    endloop
  endfacet
  facet normal 0.306750 0.922063 0.236015
    outer loop
      vertex -2.229881 -1.700127 0.254908
      vertex -2.240819 -1.697602 0.259260
      vertex -2.189450 -1.814491 0.649155
    endloop
  endfacet
  facet normal 0.277411 -0.915324 -0.291934
    outer loop
      vertex -0.082110 -1.950963 -0.612111
      vertex -0.079967 -2.021659 -0.388415
      vertex -0.281814 -2.014197 -0.603618
    endloop
  endfacet
  facet normal 0.359746 -0.900160 -0.245548
    outer loop
      vertex -0.079967 -2.021659 -0.388415
      vertex 0.009967 -2.014822 -0.281718
      vertex -0.091056 -2.088457 -0.159784
    endloop
  endfacet
  facet normal 0.325179 -0.920798 -0.215384
    outer loop
      vertex -0.091056 -2.088457 -0.159784
      vertex 0.004301 -2.079390 -0.054580
      vertex -0.113734 -2.149246 0.065857
    endloop
  endfacet
  facet normal 0.229122 -0.915613 -0.330388
    outer loop
      vertex -0.260013 -1.867263 -1.022919
      vertex -0.265985 -1.940501 -0.824095
      vertex -0.354724 -1.931294 -0.911151
    endloop
  endfacet
  facet normal 0.328509 -0.885478 -0.328649
    outer loop
      vertex -0.100447 -1.878637 -0.825309
      vertex -0.082110 -1.950963 -0.612111
      vertex -0.265985 -1.940501 -0.824095
    endloop
  endfacet
  facet normal 0.154809 -0.944082 -0.291107
    outer loop
      vertex -0.354724 -1.931294 -0.911151
      vertex -0.464811 -1.999636 -0.748055
      vertex -0.447912 -1.960632 -0.865561
    endloop
  endfacet
  facet normal 0.174612 -0.931706 -0.318488
    outer loop
      vertex -0.404349 -1.849801 -1.165904
      vertex -0.447912 -1.960632 -0.865561
      vertex -0.454420 -1.897231 -1.054602
    endloop
  endfacet
  facet normal 0.325390 -0.920775 -0.215165
    outer loop
      vertex -0.113734 -2.149246 0.065857
      vertex 0.004301 -2.079390 -0.054580
      vertex -0.015806 -2.138705 0.168842
    endloop
  endfacet
  facet normal 0.298196 -0.936506 -0.184486
    outer loop
      vertex -0.148132 -2.204204 0.287449
      vertex -0.015806 -2.138705 0.168842
      vertex -0.050527 -2.192808 0.387362
    endloop
  endfacet
  facet normal 0.274133 -0.949366 -0.153480
    outer loop
      vertex -0.194804 -2.253427 0.504637
      vertex -0.050527 -2.192808 0.387362
      vertex -0.100500 -2.241647 0.600209
    endloop
  endfacet
  facet normal 0.251751 -0.960258 -0.120520
    outer loop
      vertex -0.254595 -2.296646 0.716531
      vertex -0.100500 -2.241647 0.600209
      vertex -0.166728 -2.284835 0.805971
    endloop
  endfacet
  facet normal 0.230184 -0.969550 -0.083596
    outer loop
      vertex -0.328622 -2.333280 0.922059
      vertex -0.166728 -2.284835 0.805971
      vertex -0.250554 -2.321726 1.003015
    endloop
  endfacet
  facet normal 0.208069 -0.977393 -0.037553
    outer loop
      vertex -0.418523 -2.361918 1.118424
      vertex -0.250554 -2.321726 1.003015
      vertex -0.353975 -2.350833 1.187563
    endloop
  endfacet
  facet normal 0.185320 -0.982290 0.027612
    outer loop
      vertex -0.525799 -2.380039 1.301764
      vertex -0.353975 -2.350833 1.187563
      vertex -0.478826 -2.369695 1.354496
    endloop
  endfacet
  facet normal 0.170728 -0.974210 0.147538
    outer loop
      vertex -0.586067 -2.383621 1.386639
      vertex -0.478826 -2.369695 1.354496
      vertex -0.518866 -2.359874 1.465677
    endloop
  endfacet
  facet normal 0.157917 -0.961521 0.224812
    outer loop
      vertex -0.518866 -2.359874 1.465677
      vertex -0.604084 -2.361036 1.520572
      vertex -0.650510 -2.381677 1.464900
    endloop
  endfacet
  facet normal 0.128130 -0.909749 0.394892
    outer loop
      vertex -0.604084 -2.361036 1.520572
      vertex -0.694198 -2.355403 1.562788
      vertex -0.718277 -2.370880 1.534944
    endloop
  endfacet
  facet normal 0.074843 -0.802118 0.592457
    outer loop
      vertex -0.694198 -2.355403 1.562788
      vertex -0.740255 -2.348196 1.578364
      vertex -0.752683 -2.358694 1.565721
    endloop
  endfacet
  facet normal 0.214575 -0.668883 0.711726
    outer loop
      vertex -0.763288 -2.342536 1.584103
      vertex -0.766222 -2.346016 1.581717
      vertex -0.752683 -2.358694 1.565721
    endloop
  endfacet
  facet normal -0.054410 -0.383608 0.921892
    outer loop
      vertex -0.785944 -2.333796 1.586403
      vertex -0.763288 -2.342536 1.584103
      vertex -0.762099 -2.340586 1.584985
    endloop
  endfacet
  facet normal 0.348847 0.238465 0.906333
    outer loop
      vertex -0.777629 -2.290767 1.579705
      vertex -0.784895 -2.303912 1.585960
      vertex -0.782219 -2.311778 1.586999
    endloop
  endfacet
  facet normal 0.189601 0.264785 0.945484
    outer loop
      vertex -0.777629 -2.290767 1.579705
      vertex -0.777642 -2.315199 1.586549
      vertex -0.768621 -2.297338 1.579738
    endloop
  endfacet
  facet normal 0.032432 -0.008652 0.999436
    outer loop
      vertex -0.768789 -2.321129 1.585956
      vertex -0.773542 -2.318402 1.586134
      vertex -0.785944 -2.333796 1.586403
    endloop
  endfacet
  facet normal 0.268393 0.221909 0.937402
    outer loop
      vertex -0.768621 -2.297338 1.579738
      vertex -0.777642 -2.315199 1.586549
      vertex -0.773542 -2.318402 1.586134
    endloop
  endfacet
  facet normal -0.578914 -0.687930 -0.437735
    outer loop
      vertex -0.546999 -1.779114 -1.290730
      vertex -0.554132 -1.826790 -1.206370
      vertex -0.590033 -1.818587 -1.171783
    endloop
  endfacet
  facet normal -0.716929 -0.545323 -0.434322
    outer loop
      vertex -0.584011 -1.762066 -1.251039
      vertex -0.540222 -1.724829 -1.370075
      vertex -0.546999 -1.779114 -1.290730
    endloop
  endfacet
  facet normal -0.833573 -0.359775 -0.419187
    outer loop
      vertex -0.540222 -1.724829 -1.370075
      vertex -0.584011 -1.762066 -1.251039
      vertex -0.533907 -1.658221 -1.439801
    endloop
  endfacet
  facet normal -0.904876 -0.179980 -0.385753
    outer loop
      vertex -0.533907 -1.658221 -1.439801
      vertex -0.578434 -1.692229 -1.319484
      vertex -0.531240 -1.616846 -1.465361
    endloop
  endfacet
  facet normal -0.919990 -0.150928 -0.361718
    outer loop
      vertex -0.578434 -1.692229 -1.319484
      vertex -0.620701 -1.726619 -1.197636
      vertex -0.576110 -1.649078 -1.343402
    endloop
  endfacet
  facet normal -0.889555 -0.169966 -0.424032
    outer loop
      vertex -0.620701 -1.726619 -1.197636
      vertex -0.665956 -1.757460 -1.090335
      vertex -0.618678 -1.681699 -1.219883
    endloop
  endfacet
  facet normal -0.495590 -0.312901 -0.810237
    outer loop
      vertex -0.750053 -1.738400 -1.011709
      vertex -0.718258 -1.731923 -1.033658
      vertex -0.750926 -1.788470 -0.991838
    endloop
  endfacet
  facet normal -0.762430 -0.340922 -0.549975
    outer loop
      vertex -0.665956 -1.757460 -1.090335
      vertex -0.691345 -1.770322 -1.047165
      vertex -0.718258 -1.731923 -1.033658
    endloop
  endfacet
  facet normal -0.129520 -0.523562 -0.842085
    outer loop
      vertex -0.786805 -1.817201 -0.968457
      vertex -0.786432 -1.792775 -0.983701
      vertex -0.750926 -1.788470 -0.991838
    endloop
  endfacet
  facet normal 0.170645 -0.433820 -0.884692
    outer loop
      vertex -0.829593 -1.807349 -0.984880
      vertex -0.786182 -1.771957 -0.993861
      vertex -0.786432 -1.792775 -0.983701
    endloop
  endfacet
  facet normal 0.592416 -0.131703 -0.794794
    outer loop
      vertex -0.867879 -1.744610 -1.042384
      vertex -0.829290 -1.718181 -1.018000
      vertex -0.829263 -1.748983 -1.012876
    endloop
  endfacet
  facet normal 0.233569 -0.321524 -0.917642
    outer loop
      vertex -0.829263 -1.748983 -1.012876
      vertex -0.785987 -1.749017 -1.001849
      vertex -0.786182 -1.771957 -0.993861
    endloop
  endfacet
  facet normal 0.821496 -0.119542 -0.557543
    outer loop
      vertex -0.867879 -1.744610 -1.042384
      vertex -0.934986 -1.724884 -1.145490
      vertex -0.867857 -1.712655 -1.049203
    endloop
  endfacet
  facet normal -0.400672 -0.785211 -0.472128
    outer loop
      vertex -0.496952 -1.743504 -1.393413
      vertex -0.505127 -1.789582 -1.309840
      vertex -0.554132 -1.826790 -1.206370
    endloop
  endfacet
  facet normal -0.167077 -0.856402 -0.488529
    outer loop
      vertex -0.444614 -1.759363 -1.383509
      vertex -0.505127 -1.789582 -1.309840
      vertex -0.496952 -1.743504 -1.393413
    endloop
  endfacet
  facet normal 0.043793 -0.910206 -0.411834
    outer loop
      vertex -0.444614 -1.759363 -1.383509
      vertex -0.430583 -1.825115 -1.236697
      vertex -0.464726 -1.837783 -1.212330
    endloop
  endfacet
  facet normal 0.087789 -0.930034 -0.356834
    outer loop
      vertex -0.430583 -1.825115 -1.236697
      vertex -0.404349 -1.849801 -1.165904
      vertex -0.454420 -1.897231 -1.054602
    endloop
  endfacet
  facet normal -0.868142 -0.269285 -0.416910
    outer loop
      vertex -1.847444 -1.694492 -1.288931
      vertex -1.906902 -1.724884 -1.145490
      vertex -1.849257 -1.656193 -1.309893
    endloop
  endfacet
  facet normal -0.851226 -0.346716 -0.393958
    outer loop
      vertex -1.727392 -1.577777 -1.656627
      vertex -1.788676 -1.658893 -1.452824
      vertex -1.791649 -1.617011 -1.483260
    endloop
  endfacet
  facet normal -0.904757 -0.236657 -0.354129
    outer loop
      vertex -1.791649 -1.617011 -1.483260
      vertex -1.847444 -1.694492 -1.288931
      vertex -1.849257 -1.656193 -1.309893
    endloop
  endfacet
  facet normal 0.701431 -0.527789 -0.478991
    outer loop
      vertex -1.114495 -1.577777 -1.656627
      vertex -1.196586 -1.592921 -1.760154
      vertex -1.192780 -1.544124 -1.808348
    endloop
  endfacet
  facet normal 0.563265 -0.609047 -0.558386
    outer loop
      vertex -1.239491 -1.531252 -1.869507
      vertex -1.192780 -1.544124 -1.808348
      vertex -1.242888 -1.581648 -1.817966
    endloop
  endfacet
  facet normal 0.436222 -0.660011 -0.611633
    outer loop
      vertex -1.239491 -1.531252 -1.869507
      vertex -1.295111 -1.573906 -1.863148
      vertex -1.292477 -1.521974 -1.917310
    endloop
  endfacet
  facet normal 0.278252 -0.699925 -0.657785
    outer loop
      vertex -1.292477 -1.521974 -1.917310
      vertex -1.354156 -1.569686 -1.892632
      vertex -1.352657 -1.516576 -1.948510
    endloop
  endfacet
  facet normal 0.091122 -0.723037 -0.684773
    outer loop
      vertex -1.352657 -1.516576 -1.948510
      vertex -1.354156 -1.569686 -1.892632
      vertex -1.420944 -1.569760 -1.901441
    endloop
  endfacet
  facet normal 0.817620 -0.416679 -0.397337
    outer loop
      vertex -1.050239 -1.617011 -1.483260
      vertex -1.118269 -1.623230 -1.616727
      vertex -1.114495 -1.577777 -1.656627
    endloop
  endfacet
  facet normal 0.872543 -0.326214 -0.363665
    outer loop
      vertex -0.992630 -1.656193 -1.309893
      vertex -1.053212 -1.658893 -1.452824
      vertex -1.050239 -1.617011 -1.483260
    endloop
  endfacet
  facet normal 0.881002 -0.258563 -0.396208
    outer loop
      vertex -0.934294 -1.689914 -1.158171
      vertex -0.994444 -1.694492 -1.288931
      vertex -0.992630 -1.656193 -1.309893
    endloop
  endfacet
  facet normal 0.814083 -0.212144 -0.540614
    outer loop
      vertex -0.867857 -1.712655 -1.049203
      vertex -0.934986 -1.724884 -1.145490
      vertex -0.934294 -1.689914 -1.158171
    endloop
  endfacet
  facet normal -0.550196 -0.457373 -0.698637
    outer loop
      vertex -1.602397 -1.531252 -1.869507
      vertex -1.550875 -1.489674 -1.937302
      vertex -1.549410 -1.521974 -1.917310
    endloop
  endfacet
  facet normal -0.680203 -0.412066 -0.606239
    outer loop
      vertex -1.602397 -1.531252 -1.869507
      vertex -1.649107 -1.544124 -1.808348
      vertex -1.604169 -1.500199 -1.888626
    endloop
  endfacet
  facet normal -0.800896 -0.344632 -0.489688
    outer loop
      vertex -1.649107 -1.544124 -1.808348
      vertex -1.727392 -1.577777 -1.656627
      vertex -1.651040 -1.514328 -1.826157
    endloop
  endfacet
  facet normal -0.364676 -0.494549 -0.788944
    outer loop
      vertex -1.549410 -1.521974 -1.917310
      vertex -1.490150 -1.483222 -1.968993
      vertex -1.489231 -1.516576 -1.948510
    endloop
  endfacet
  facet normal -0.166179 -0.420985 -0.891716
    outer loop
      vertex -1.489231 -1.516576 -1.948510
      vertex -1.420944 -1.467248 -1.984524
      vertex -1.420944 -1.506246 -1.966113
    endloop
  endfacet
  facet normal 0.138291 -0.521048 -0.842250
    outer loop
      vertex -1.420944 -1.506246 -1.966113
      vertex -1.351738 -1.483222 -1.968993
      vertex -1.352657 -1.516576 -1.948510
    endloop
  endfacet
  facet normal -0.797990 -0.219343 -0.561338
    outer loop
      vertex -1.906902 -1.724884 -1.145490
      vertex -1.974009 -1.744610 -1.042384
      vertex -1.907593 -1.689914 -1.158171
    endloop
  endfacet
  facet normal -0.538205 -0.366982 -0.758722
    outer loop
      vertex -2.012624 -1.748983 -1.012876
      vertex -1.974009 -1.744610 -1.042384
      vertex -2.012294 -1.807349 -0.984880
    endloop
  endfacet
  facet normal -0.170641 -0.477878 -0.861693
    outer loop
      vertex -2.055279 -1.793186 -0.984222
      vertex -2.055361 -1.787811 -0.987187
      vertex -2.012294 -1.807349 -0.984880
    endloop
  endfacet
  facet normal 0.122511 -0.477874 -0.869843
    outer loop
      vertex -2.090961 -1.788470 -0.991838
      vertex -2.055361 -1.787811 -0.987187
      vertex -2.055279 -1.793186 -0.984222
    endloop
  endfacet
  facet normal 0.488057 -0.314583 -0.814149
    outer loop
      vertex -2.091835 -1.738400 -1.011709
      vertex -2.090961 -1.788470 -0.991838
      vertex -2.122438 -1.780822 -1.013663
    endloop
  endfacet
  facet normal -0.200633 -0.961245 0.189087
    outer loop
      vertex -2.255820 -2.383621 1.386639
      vertex -2.191377 -2.381677 1.464900
      vertex -2.237804 -2.361036 1.520572
    endloop
  endfacet
  facet normal -0.085610 -0.996152 0.018752
    outer loop
      vertex -2.211787 -2.391006 1.195396
      vertex -2.255820 -2.383621 1.386639
      vertex -2.316089 -2.380039 1.301764
    endloop
  endfacet
  facet normal -0.098703 -0.994291 -0.040525
    outer loop
      vertex -2.423365 -2.361918 1.118424
      vertex -2.279861 -2.370480 0.978973
      vertex -2.316089 -2.380039 1.301764
    endloop
  endfacet
  facet normal -0.119845 -0.988765 -0.089331
    outer loop
      vertex -2.513265 -2.333280 0.922059
      vertex -2.339423 -2.339600 0.758785
      vertex -2.423365 -2.361918 1.118424
    endloop
  endfacet
  facet normal -0.137449 -0.982511 -0.125621
    outer loop
      vertex -2.587292 -2.296646 0.716531
      vertex -2.391301 -2.301002 0.536155
      vertex -2.513265 -2.333280 0.922059
    endloop
  endfacet
  facet normal -0.153996 -0.975749 -0.155563
    outer loop
      vertex -2.436409 -2.255949 0.311899
      vertex -2.587292 -2.296646 0.716531
      vertex -2.647084 -2.253427 0.504637
    endloop
  endfacet
  facet normal -0.171493 -0.968122 -0.182563
    outer loop
      vertex -2.475404 -2.204887 0.085959
      vertex -2.647084 -2.253427 0.504637
      vertex -2.693756 -2.204204 0.287449
    endloop
  endfacet
  facet normal -0.216148 -0.947743 -0.234656
    outer loop
      vertex -2.537019 -2.084437 -0.371958
      vertex -2.508811 -2.147848 -0.141832
      vertex -2.728153 -2.149246 0.065857
    endloop
  endfacet
  facet normal -0.191066 -0.959233 -0.208244
    outer loop
      vertex -2.508811 -2.147848 -0.141832
      vertex -2.693756 -2.204204 0.287449
      vertex -2.728153 -2.149246 0.065857
    endloop
  endfacet
  facet normal -0.163370 -0.948519 -0.271335
    outer loop
      vertex -2.462607 -2.006225 -0.690171
      vertex -2.537019 -2.084437 -0.371958
      vertex -2.560073 -2.014197 -0.603618
    endloop
  endfacet
  facet normal -0.143632 -0.941962 -0.303443
    outer loop
      vertex -2.407538 -1.927861 -0.959498
      vertex -2.462607 -2.006225 -0.690171
      vertex -2.487163 -1.931294 -0.911151
    endloop
  endfacet
  facet normal 0.167077 -0.856402 -0.488529
    outer loop
      vertex -2.344935 -1.743504 -1.393413
      vertex -2.336760 -1.789582 -1.309840
      vertex -2.397273 -1.759363 -1.383509
    endloop
  endfacet
  facet normal 0.023485 -0.862578 -0.505379
    outer loop
      vertex -2.454009 -1.657680 -1.559699
      vertex -2.397273 -1.759363 -1.383509
      vertex -2.433326 -1.747914 -1.404727
    endloop
  endfacet
  facet normal -0.128064 -0.894060 -0.429251
    outer loop
      vertex -2.482567 -1.709547 -1.469947
      vertex -2.433326 -1.747914 -1.404727
      vertex -2.462867 -1.775664 -1.338115
    endloop
  endfacet
  facet normal -0.184116 -0.925191 -0.331849
    outer loop
      vertex -2.437538 -1.849795 -1.165901
      vertex -2.487163 -1.931294 -0.911151
      vertex -2.504904 -1.858052 -1.105506
    endloop
  endfacet
  facet normal -0.211423 -0.908661 -0.360048
    outer loop
      vertex -2.462867 -1.775664 -1.338115
      vertex -2.437538 -1.849795 -1.165901
      vertex -2.504904 -1.858052 -1.105506
    endloop
  endfacet
  facet normal 0.698855 -0.595775 -0.395796
    outer loop
      vertex -2.257876 -1.762066 -1.251039
      vertex -2.287755 -1.826790 -1.206370
      vertex -2.294888 -1.779114 -1.290730
    endloop
  endfacet
  facet normal 0.410148 -0.781109 -0.470794
    outer loop
      vertex -2.344935 -1.743504 -1.393413
      vertex -2.294888 -1.779114 -1.290730
      vertex -2.336760 -1.789582 -1.309840
    endloop
  endfacet
  facet normal 0.754128 -0.506257 -0.418325
    outer loop
      vertex -2.216270 -1.799672 -1.130523
      vertex -2.251855 -1.818587 -1.171783
      vertex -2.257876 -1.762066 -1.251039
    endloop
  endfacet
  facet normal 0.819719 -0.356594 -0.448220
    outer loop
      vertex -2.175932 -1.757460 -1.090335
      vertex -2.216270 -1.799672 -1.130523
      vertex -2.221187 -1.726619 -1.197636
    endloop
  endfacet
  facet normal 0.813429 -0.212138 -0.541599
    outer loop
      vertex -2.150543 -1.770322 -1.047165
      vertex -2.175932 -1.757460 -1.090335
      vertex -2.177605 -1.710663 -1.111178
    endloop
  endfacet
  facet normal 0.699682 -0.255738 -0.667115
    outer loop
      vertex -2.122438 -1.780822 -1.013663
      vertex -2.150543 -1.770322 -1.047165
      vertex -2.123629 -1.731923 -1.033658
    endloop
  endfacet
  facet normal 0.007853 0.952659 0.303940
    outer loop
      vertex -2.189450 -1.814491 0.649155
      vertex -2.215564 -1.774384 0.524119
      vertex -2.197175 -1.815440 0.652329
    endloop
  endfacet
  facet normal -0.049200 0.936557 0.347045
    outer loop
      vertex -2.144727 -1.946866 1.014439
      vertex -2.197175 -1.815440 0.652329
      vertex -2.190759 -1.923027 0.943580
    endloop
  endfacet
  facet normal -0.224365 0.890076 0.396770
    outer loop
      vertex -2.187852 -2.011006 1.133938
      vertex -2.144727 -1.946866 1.014439
      vertex -2.222273 -1.933728 0.941117
    endloop
  endfacet
  facet normal -0.213208 0.868536 0.447424
    outer loop
      vertex -2.102386 -2.076085 1.300996
      vertex -2.187852 -2.011006 1.133938
      vertex -2.149069 -2.095774 1.316971
    endloop
  endfacet
  facet normal -0.374082 0.634249 0.676602
    outer loop
      vertex -2.129242 -2.212352 1.487298
      vertex -2.078991 -2.254144 1.554257
      vertex -2.103929 -2.193936 1.484030
    endloop
  endfacet
  facet normal -0.450353 0.771523 0.449371
    outer loop
      vertex -2.241439 -2.040885 1.130160
      vertex -2.192021 -2.121711 1.318457
      vertex -2.149069 -2.095774 1.316971
    endloop
  endfacet
  facet normal -0.445458 0.709249 0.546382
    outer loop
      vertex -2.103929 -2.193936 1.484030
      vertex -2.192021 -2.121711 1.318457
      vertex -2.129242 -2.212352 1.487298
    endloop
  endfacet
  facet normal -0.347281 0.638756 0.686576
    outer loop
      vertex -2.157226 -2.230665 1.490181
      vertex -2.092528 -2.265698 1.555499
      vertex -2.129242 -2.212352 1.487298
    endloop
  endfacet
  facet normal -0.180031 0.534792 0.825583
    outer loop
      vertex -2.126591 -2.286278 1.558617
      vertex -2.081293 -2.303514 1.579660
      vertex -2.107530 -2.276822 1.556648
    endloop
  endfacet
  facet normal -0.227319 0.454235 0.861392
    outer loop
      vertex -2.126591 -2.286278 1.558617
      vertex -2.090602 -2.308764 1.579971
      vertex -2.081293 -2.303514 1.579660
    endloop
  endfacet
  facet normal -0.069842 0.352747 0.933109
    outer loop
      vertex -2.114737 -2.318157 1.581716
      vertex -2.073099 -2.321129 1.585956
      vertex -2.090602 -2.308764 1.579971
    endloop
  endfacet
  facet normal -0.081779 0.235786 0.968358
    outer loop
      vertex -2.114737 -2.318157 1.581716
      vertex -2.085376 -2.326036 1.586114
      vertex -2.073099 -2.321129 1.585956
    endloop
  endfacet
  facet normal -0.018626 -0.033436 0.999267
    outer loop
      vertex -2.090918 -2.329212 1.585904
      vertex -2.055944 -2.333796 1.586403
      vertex -2.085376 -2.326036 1.586114
    endloop
  endfacet
  facet normal -0.226051 0.712763 0.663980
    outer loop
      vertex -2.107530 -2.276822 1.556648
      vertex -2.157226 -2.230665 1.490181
      vertex -2.192995 -2.246087 1.494558
    endloop
  endfacet
  facet normal -0.176276 -0.584761 0.791822
    outer loop
      vertex -2.147690 -2.355403 1.562788
      vertex -2.101632 -2.348196 1.578364
      vertex -2.105745 -2.341415 1.582456
    endloop
  endfacet
  facet normal -0.104730 -0.158254 0.981829
    outer loop
      vertex -2.105745 -2.341415 1.582456
      vertex -2.080754 -2.338468 1.585597
      vertex -2.081468 -2.336163 1.585892
    endloop
  endfacet
  facet normal -0.040824 0.230380 0.972244
    outer loop
      vertex -2.055944 -2.333796 1.586403
      vertex -2.107847 -2.333218 1.584087
      vertex -2.081468 -2.336163 1.585892
    endloop
  endfacet
  facet normal -0.244811 -0.743904 0.621831
    outer loop
      vertex -2.147690 -2.355403 1.562788
      vertex -2.155584 -2.344775 1.572395
      vertex -2.237804 -2.361036 1.520572
    endloop
  endfacet
  facet normal -0.007589 0.976711 0.214425
    outer loop
      vertex -0.814433 -1.805677 0.158395
      vertex -0.809166 -1.758473 -0.056436
      vertex -0.983692 -1.713648 -0.266790
    endloop
  endfacet
  facet normal -0.365054 0.906802 0.210822
    outer loop
      vertex -0.721126 -1.786780 0.166970
      vertex -0.760524 -1.798809 0.150490
      vertex -0.777156 -1.882781 0.482876
    endloop
  endfacet
  facet normal -0.092950 0.972947 0.211505
    outer loop
      vertex -0.760524 -1.798809 0.150490
      vertex -0.809166 -1.758473 -0.056436
      vertex -0.814433 -1.805677 0.158395
    endloop
  endfacet
  facet normal 0.040261 0.989379 0.139670
    outer loop
      vertex -0.983692 -1.713648 -0.266790
      vertex -0.898876 -1.657799 -0.686857
      vertex -1.008813 -1.652559 -0.692285
    endloop
  endfacet
  facet normal 0.120675 0.983010 0.138310
    outer loop
      vertex -1.072253 -1.703969 -0.271551
      vertex -1.008813 -1.652559 -0.692285
      vertex -1.112658 -1.640494 -0.687431
    endloop
  endfacet
  facet normal 0.265782 0.954362 0.136212
    outer loop
      vertex -1.112658 -1.640494 -0.687431
      vertex -1.199042 -1.618390 -0.673747
      vertex -1.154365 -1.688188 -0.271889
    endloop
  endfacet
  facet normal -0.692828 0.697091 0.184536
    outer loop
      vertex -0.770847 -1.980674 0.860934
      vertex -0.756880 -2.030577 1.101887
      vertex -0.737377 -1.964078 0.923905
    endloop
  endfacet
  facet normal -0.669552 0.724203 0.165019
    outer loop
      vertex -0.744128 -1.875209 0.506501
      vertex -0.770847 -1.980674 0.860934
      vertex -0.737377 -1.964078 0.923905
    endloop
  endfacet
  facet normal -0.800645 0.575546 0.166475
    outer loop
      vertex -0.760431 -2.099413 1.322788
      vertex -0.737926 -2.019934 1.156248
      vertex -0.756880 -2.030577 1.101887
    endloop
  endfacet
  facet normal -0.711569 0.637961 0.294408
    outer loop
      vertex -0.776057 -2.193890 1.489747
      vertex -0.753289 -2.098603 1.338295
      vertex -0.760431 -2.099413 1.322788
    endloop
  endfacet
  facet normal -0.457351 0.687134 0.564515
    outer loop
      vertex -0.783183 -2.254193 1.557375
      vertex -0.772663 -2.194487 1.493222
      vertex -0.776057 -2.193890 1.489747
    endloop
  endfacet
  facet normal -0.236795 0.497281 0.834650
    outer loop
      vertex -0.782375 -2.276380 1.573849
      vertex -0.787587 -2.290855 1.580994
      vertex -0.782942 -2.281624 1.576812
    endloop
  endfacet
  facet normal -0.448836 0.522127 0.725210
    outer loop
      vertex -0.783183 -2.254193 1.557375
      vertex -0.782375 -2.276380 1.573849
      vertex -0.781172 -2.266269 1.567314
    endloop
  endfacet
  facet normal -0.668997 0.729072 0.144560
    outer loop
      vertex -0.721126 -1.786780 0.166970
      vertex -0.744128 -1.875209 0.506501
      vertex -0.701353 -1.847911 0.566786
    endloop
  endfacet
  facet normal 0.418971 0.182916 0.889385
    outer loop
      vertex -0.784689 -2.300995 1.585134
      vertex -0.777629 -2.290767 1.579705
      vertex -0.783461 -2.298984 1.584141
    endloop
  endfacet
  facet normal 0.166208 0.352792 0.920822
    outer loop
      vertex -0.783484 -2.286999 1.579554
      vertex -0.784689 -2.300995 1.585134
      vertex -0.783461 -2.298984 1.584141
    endloop
  endfacet
  facet normal -0.112809 0.450730 0.885503
    outer loop
      vertex -0.783216 -2.284295 1.578212
      vertex -0.787587 -2.290855 1.580994
      vertex -0.783484 -2.286999 1.579554
    endloop
  endfacet
  facet normal 0.555605 0.819118 0.142651
    outer loop
      vertex -2.250467 -1.613173 -0.164217
      vertex -2.229881 -1.700127 0.254908
      vertex -2.210362 -1.711142 0.242132
    endloop
  endfacet
  facet normal 0.738582 0.668364 0.088246
    outer loop
      vertex -2.210362 -1.711142 0.242132
      vertex -2.172712 -1.747984 0.206058
      vertex -2.250467 -1.613173 -0.164217
    endloop
  endfacet
  facet normal 0.652159 0.747775 0.124583
    outer loop
      vertex -2.201330 -1.661689 -0.162102
      vertex -2.172712 -1.747984 0.206058
      vertex -2.120762 -1.786780 0.166970
    endloop
  endfacet
  facet normal 0.631650 0.763318 0.135512
    outer loop
      vertex -2.140250 -1.712282 -0.161821
      vertex -2.201330 -1.661689 -0.162102
      vertex -2.120762 -1.786780 0.166970
    endloop
  endfacet
  facet normal 0.360324 0.920085 0.153659
    outer loop
      vertex -2.156473 -1.652112 -0.484072
      vertex -2.140250 -1.712282 -0.161821
      vertex -2.095557 -1.729264 -0.164943
    endloop
  endfacet
  facet normal 0.108670 0.978681 0.174280
    outer loop
      vertex -2.095557 -1.729264 -0.164943
      vertex -2.037230 -1.722316 -0.240327
      vertex -2.107481 -1.674097 -0.467301
    endloop
  endfacet
  facet normal -0.040173 0.989158 0.141252
    outer loop
      vertex -1.948784 -1.719449 -0.256777
      vertex -1.833074 -1.652559 -0.692285
      vertex -1.943012 -1.657799 -0.686857
    endloop
  endfacet
  facet normal -0.001181 0.986204 0.165528
    outer loop
      vertex -1.948784 -1.719449 -0.256777
      vertex -2.042750 -1.684533 -0.465473
      vertex -2.037230 -1.722316 -0.240327
    endloop
  endfacet
  facet normal -0.263856 0.957118 0.119601
    outer loop
      vertex -1.727795 -1.617816 -0.865746
      vertex -1.729229 -1.640494 -0.687431
      vertex -1.642846 -1.618390 -0.673747
    endloop
  endfacet
  facet normal -0.119387 0.987952 0.098478
    outer loop
      vertex -1.832074 -1.635473 -0.862487
      vertex -1.833074 -1.652559 -0.692285
      vertex -1.729229 -1.640494 -0.687431
    endloop
  endfacet
  facet normal -0.531545 0.836556 0.132793
    outer loop
      vertex -1.583173 -1.583740 -0.653171
      vertex -1.642846 -1.618390 -0.673747
      vertex -1.595313 -1.621845 -0.461712
    endloop
  endfacet
  facet normal -0.627879 0.770000 0.113438
    outer loop
      vertex -1.583173 -1.583740 -0.653171
      vertex -1.595313 -1.621845 -0.461712
      vertex -1.544146 -1.582533 -0.445354
    endloop
  endfacet
  facet normal -0.084738 0.965709 0.245409
    outer loop
      vertex -1.420944 -1.660623 0.115064
      vertex -1.420944 -1.562833 -0.269751
      vertex -1.460557 -1.568270 -0.262030
    endloop
  endfacet
  facet normal -0.340376 0.917409 0.206169
    outer loop
      vertex -1.462784 -1.488900 -0.621852
      vertex -1.494964 -1.501191 -0.620287
      vertex -1.495335 -1.582517 -0.259014
    endloop
  endfacet
  facet normal -0.113278 0.970092 0.214686
    outer loop
      vertex -1.460557 -1.568270 -0.262030
      vertex -1.420944 -1.517108 -0.472313
      vertex -1.462784 -1.488900 -0.621852
    endloop
  endfacet
  facet normal -0.673321 0.721448 0.161715
    outer loop
      vertex -1.494964 -1.501191 -0.620287
      vertex -1.540600 -1.541119 -0.632172
      vertex -1.495335 -1.582517 -0.259014
    endloop
  endfacet
  facet normal -0.733340 0.666556 0.133844
    outer loop
      vertex -1.544146 -1.582533 -0.445354
      vertex -1.540600 -1.541119 -0.632172
      vertex -1.583173 -1.583740 -0.653171
    endloop
  endfacet
  facet normal 0.254937 0.935155 0.245953
    outer loop
      vertex -1.346553 -1.582517 -0.259014
      vertex -1.420944 -1.660623 0.115064
      vertex -1.343082 -1.681701 0.114501
    endloop
  endfacet
  facet normal 0.632693 0.758499 0.156137
    outer loop
      vertex -1.301287 -1.541119 -0.632172
      vertex -1.297741 -1.582533 -0.445354
      vertex -1.246575 -1.621845 -0.461712
    endloop
  endfacet
  facet normal 0.726386 0.681426 0.089564
    outer loop
      vertex -1.246575 -1.621845 -0.461712
      vertex -1.258715 -1.583740 -0.653171
      vertex -1.301287 -1.541119 -0.632172
    endloop
  endfacet
  facet normal 0.522946 0.847697 0.089095
    outer loop
      vertex -1.199042 -1.618390 -0.673747
      vertex -1.258715 -1.583740 -0.653171
      vertex -1.154365 -1.688188 -0.271889
    endloop
  endfacet
  facet normal 0.641202 0.748778 0.167901
    outer loop
      vertex -1.346923 -1.501191 -0.620287
      vertex -1.346553 -1.582517 -0.259014
      vertex -1.297741 -1.582533 -0.445354
    endloop
  endfacet
  facet normal 0.293821 0.935625 0.195642
    outer loop
      vertex -2.278352 -1.597451 -0.163328
      vertex -2.240819 -1.697602 0.259260
      vertex -2.229881 -1.700127 0.254908
    endloop
  endfacet
  facet normal 0.254327 0.935090 0.246828
    outer loop
      vertex -2.189450 -1.814491 0.649155
      vertex -2.240819 -1.697602 0.259260
      vertex -2.215564 -1.774384 0.524119
    endloop
  endfacet
  facet normal 0.405664 -0.870410 -0.278969
    outer loop
      vertex -0.082110 -1.950963 -0.612111
      vertex -0.000242 -1.946489 -0.507020
      vertex -0.079967 -2.021659 -0.388415
    endloop
  endfacet
  facet normal 0.401328 -0.871298 -0.282446
    outer loop
      vertex -0.000242 -1.946489 -0.507020
      vertex 0.009967 -2.014822 -0.281718
      vertex -0.079967 -2.021659 -0.388415
    endloop
  endfacet
  facet normal 0.358142 -0.900397 -0.247020
    outer loop
      vertex 0.009967 -2.014822 -0.281718
      vertex 0.004301 -2.079390 -0.054580
      vertex -0.091056 -2.088457 -0.159784
    endloop
  endfacet
  facet normal 0.237483 -0.915944 -0.323493
    outer loop
      vertex -0.336984 -1.858052 -1.105506
      vertex -0.260013 -1.867263 -1.022919
      vertex -0.354724 -1.931294 -0.911151
    endloop
  endfacet
  facet normal 0.329906 -0.888999 -0.317558
    outer loop
      vertex -0.260013 -1.867263 -1.022919
      vertex -0.100447 -1.878637 -0.825309
      vertex -0.265985 -1.940501 -0.824095
    endloop
  endfacet
  facet normal 0.472825 -0.821277 -0.319281
    outer loop
      vertex -0.100447 -1.878637 -0.825309
      vertex -0.029448 -1.875843 -0.727352
      vertex -0.082110 -1.950963 -0.612111
    endloop
  endfacet
  facet normal 0.127269 -0.931928 -0.339577
    outer loop
      vertex -0.336984 -1.858052 -1.105506
      vertex -0.354724 -1.931294 -0.911151
      vertex -0.447912 -1.960632 -0.865561
    endloop
  endfacet
  facet normal 0.171858 -0.932039 -0.319011
    outer loop
      vertex -0.336984 -1.858052 -1.105506
      vertex -0.447912 -1.960632 -0.865561
      vertex -0.404349 -1.849801 -1.165904
    endloop
  endfacet
  facet normal 0.453499 -0.870695 -0.190340
    outer loop
      vertex 0.004301 -2.079390 -0.054580
      vertex 0.081869 -2.058460 0.034488
      vertex -0.015806 -2.138705 0.168842
    endloop
  endfacet
  facet normal 0.420532 -0.894021 -0.154529
    outer loop
      vertex -0.015806 -2.138705 0.168842
      vertex 0.064071 -2.116086 0.255358
      vertex -0.050527 -2.192808 0.387362
    endloop
  endfacet
  facet normal 0.390081 -0.913194 -0.117957
    outer loop
      vertex -0.050527 -2.192808 0.387362
      vertex 0.029332 -2.169503 0.471036
      vertex -0.100500 -2.241647 0.600209
    endloop
  endfacet
  facet normal 0.359860 -0.929630 -0.079295
    outer loop
      vertex -0.100500 -2.241647 0.600209
      vertex -0.023070 -2.218508 0.680323
      vertex -0.166728 -2.284835 0.805971
    endloop
  endfacet
  facet normal 0.328354 -0.943829 -0.037017
    outer loop
      vertex -0.166728 -2.284835 0.805971
      vertex -0.094299 -2.262591 0.881277
      vertex -0.250554 -2.321726 1.003015
    endloop
  endfacet
  facet normal 0.292286 -0.956243 0.012978
    outer loop
      vertex -0.250554 -2.321726 1.003015
      vertex -0.185933 -2.301042 1.071693
      vertex -0.353975 -2.350833 1.187563
    endloop
  endfacet
  facet normal 0.248701 -0.965522 0.076910
    outer loop
      vertex -0.353975 -2.350833 1.187563
      vertex -0.300331 -2.332297 1.246792
      vertex -0.478826 -2.369695 1.354496
    endloop
  endfacet
  facet normal 0.203392 -0.966168 0.158590
    outer loop
      vertex -0.478826 -2.369695 1.354496
      vertex -0.439669 -2.353954 1.400175
      vertex -0.518866 -2.359874 1.465677
    endloop
  endfacet
  facet normal 0.271848 -0.873646 0.403536
    outer loop
      vertex -0.518866 -2.359874 1.465677
      vertex -0.496907 -2.340372 1.493107
      vertex -0.604084 -2.361036 1.520572
    endloop
  endfacet
  facet normal 0.191493 -0.832523 0.519842
    outer loop
      vertex -0.604084 -2.361036 1.520572
      vertex -0.588897 -2.345350 1.540099
      vertex -0.694198 -2.355403 1.562788
    endloop
  endfacet
  facet normal 0.121574 -0.713760 0.689758
    outer loop
      vertex -0.694198 -2.355403 1.562788
      vertex -0.686303 -2.344775 1.572395
      vertex -0.740255 -2.348196 1.578364
    endloop
  endfacet
  facet normal -0.023622 -0.757605 0.652286
    outer loop
      vertex -0.752683 -2.358694 1.565721
      vertex -0.740255 -2.348196 1.578364
      vertex -0.763288 -2.342536 1.584103
    endloop
  endfacet
  facet normal -0.019453 -0.269399 0.962832
    outer loop
      vertex -0.785944 -2.333796 1.586403
      vertex -0.762099 -2.340586 1.584985
      vertex -0.761133 -2.338468 1.585597
    endloop
  endfacet
  facet normal 0.105722 -0.462438 0.880326
    outer loop
      vertex -0.762099 -2.340586 1.584985
      vertex -0.763288 -2.342536 1.584103
      vertex -0.740255 -2.348196 1.578364
    endloop
  endfacet
  facet normal 0.323998 0.448470 0.833007
    outer loop
      vertex -0.762897 -2.254144 1.554257
      vertex -0.777629 -2.290767 1.579705
      vertex -0.768621 -2.297338 1.579738
    endloop
  endfacet
  facet normal 0.181758 0.254909 0.949729
    outer loop
      vertex -0.760594 -2.303514 1.579660
      vertex -0.773542 -2.318402 1.586134
      vertex -0.768789 -2.321129 1.585956
    endloop
  endfacet
  facet normal 0.000798 0.034190 0.999415
    outer loop
      vertex -0.785944 -2.333796 1.586403
      vertex -0.756511 -2.326036 1.586114
      vertex -0.768789 -2.321129 1.585956
    endloop
  endfacet
  facet normal 0.196009 0.242676 0.950100
    outer loop
      vertex -0.768621 -2.297338 1.579738
      vertex -0.773542 -2.318402 1.586134
      vertex -0.760594 -2.303514 1.579660
    endloop
  endfacet
  facet normal -0.419801 -0.774496 -0.473205
    outer loop
      vertex -0.496952 -1.743504 -1.393413
      vertex -0.554132 -1.826790 -1.206370
      vertex -0.546999 -1.779114 -1.290730
    endloop
  endfacet
  facet normal -0.568269 -0.655689 -0.497134
    outer loop
      vertex -0.489173 -1.691668 -1.472166
      vertex -0.546999 -1.779114 -1.290730
      vertex -0.540222 -1.724829 -1.370075
    endloop
  endfacet
  facet normal -0.732728 -0.457705 -0.503603
    outer loop
      vertex -0.481869 -1.628527 -1.542503
      vertex -0.540222 -1.724829 -1.370075
      vertex -0.533907 -1.658221 -1.439801
    endloop
  endfacet
  facet normal -0.836620 -0.247853 -0.488504
    outer loop
      vertex -0.478734 -1.589049 -1.569387
      vertex -0.533907 -1.658221 -1.439801
      vertex -0.531240 -1.616846 -1.465361
    endloop
  endfacet
  facet normal -0.911881 -0.160308 -0.377854
    outer loop
      vertex -0.531240 -1.616846 -1.465361
      vertex -0.578434 -1.692229 -1.319484
      vertex -0.576110 -1.649078 -1.343402
    endloop
  endfacet
  facet normal -0.925508 -0.133812 -0.354301
    outer loop
      vertex -0.576110 -1.649078 -1.343402
      vertex -0.620701 -1.726619 -1.197636
      vertex -0.618678 -1.681699 -1.219883
    endloop
  endfacet
  facet normal -0.895933 -0.153599 -0.416787
    outer loop
      vertex -0.618678 -1.681699 -1.219883
      vertex -0.665956 -1.757460 -1.090335
      vertex -0.664283 -1.710663 -1.111178
    endloop
  endfacet
  facet normal -0.569348 0.009168 -0.822045
    outer loop
      vertex -0.717852 -1.680614 -1.033367
      vertex -0.718258 -1.731923 -1.033658
      vertex -0.750053 -1.738400 -1.011709
    endloop
  endfacet
  facet normal -0.263453 -0.351864 -0.898212
    outer loop
      vertex -0.750926 -1.788470 -0.991838
      vertex -0.767444 -1.740378 -1.005833
      vertex -0.750053 -1.738400 -1.011709
    endloop
  endfacet
  facet normal -0.764898 -0.239060 -0.598149
    outer loop
      vertex -0.665956 -1.757460 -1.090335
      vertex -0.718258 -1.731923 -1.033658
      vertex -0.664283 -1.710663 -1.111178
    endloop
  endfacet
  facet normal -0.151371 -0.432087 -0.889037
    outer loop
      vertex -0.786432 -1.792775 -0.983701
      vertex -0.786182 -1.771957 -0.993861
      vertex -0.750926 -1.788470 -0.991838
    endloop
  endfacet
  facet normal 0.605675 -0.166458 -0.778107
    outer loop
      vertex -0.867857 -1.712655 -1.049203
      vertex -0.829290 -1.718181 -1.018000
      vertex -0.867879 -1.744610 -1.042384
    endloop
  endfacet
  facet normal 0.354413 -0.153145 -0.922463
    outer loop
      vertex -0.829290 -1.718181 -1.018000
      vertex -0.808262 -1.719180 -1.009755
      vertex -0.829263 -1.748983 -1.012876
    endloop
  endfacet
  facet normal 0.240057 -0.231155 -0.942836
    outer loop
      vertex -0.829263 -1.748983 -1.012876
      vertex -0.785941 -1.741433 -1.003697
      vertex -0.785987 -1.749017 -1.001849
    endloop
  endfacet
  facet normal -0.049851 -0.328055 -0.943342
    outer loop
      vertex -0.786182 -1.771957 -0.993861
      vertex -0.785987 -1.749017 -1.001849
      vertex -0.767444 -1.740378 -1.005833
    endloop
  endfacet
  facet normal -0.143683 -0.820056 -0.553953
    outer loop
      vertex -0.489173 -1.691668 -1.472166
      vertex -0.444614 -1.759363 -1.383509
      vertex -0.496952 -1.743504 -1.393413
    endloop
  endfacet
  facet normal 0.046528 -0.909995 -0.412001
    outer loop
      vertex -0.408561 -1.747914 -1.404727
      vertex -0.430583 -1.825115 -1.236697
      vertex -0.444614 -1.759363 -1.383509
    endloop
  endfacet
  facet normal 0.119553 -0.922862 -0.366105
    outer loop
      vertex -0.391528 -1.813443 -1.253367
      vertex -0.404349 -1.849801 -1.165904
      vertex -0.430583 -1.825115 -1.236697
    endloop
  endfacet
  facet normal -0.909504 -0.157497 -0.384705
    outer loop
      vertex -1.849257 -1.656193 -1.309893
      vertex -1.906902 -1.724884 -1.145490
      vertex -1.907593 -1.689914 -1.158171
    endloop
  endfacet
  facet normal -0.883578 -0.263499 -0.387116
    outer loop
      vertex -1.727392 -1.577777 -1.656627
      vertex -1.791649 -1.617011 -1.483260
      vertex -1.729287 -1.550508 -1.670864
    endloop
  endfacet
  facet normal -0.916169 -0.197097 -0.348981
    outer loop
      vertex -1.791649 -1.617011 -1.483260
      vertex -1.849257 -1.656193 -1.309893
      vertex -1.793131 -1.592351 -1.493296
    endloop
  endfacet
  facet normal 0.814309 -0.312088 -0.489390
    outer loop
      vertex -1.114495 -1.577777 -1.656627
      vertex -1.192780 -1.544124 -1.808348
      vertex -1.112601 -1.550508 -1.670864
    endloop
  endfacet
  facet normal 0.682553 -0.407059 -0.606980
    outer loop
      vertex -1.192780 -1.544124 -1.808348
      vertex -1.239491 -1.531252 -1.869507
      vertex -1.190847 -1.514328 -1.826157
    endloop
  endfacet
  facet normal 0.548654 -0.460805 -0.697594
    outer loop
      vertex -1.292477 -1.521974 -1.917310
      vertex -1.237719 -1.500199 -1.888626
      vertex -1.239491 -1.531252 -1.869507
    endloop
  endfacet
  facet normal 0.362023 -0.502415 -0.785187
    outer loop
      vertex -1.352657 -1.516576 -1.948510
      vertex -1.291013 -1.489674 -1.937302
      vertex -1.292477 -1.521974 -1.917310
    endloop
  endfacet
  facet normal 0.900536 -0.209239 -0.381123
    outer loop
      vertex -1.050239 -1.617011 -1.483260
      vertex -1.114495 -1.577777 -1.656627
      vertex -1.048757 -1.592351 -1.493296
    endloop
  endfacet
  facet normal 0.932378 -0.126860 -0.338493
    outer loop
      vertex -0.992630 -1.656193 -1.309893
      vertex -1.050239 -1.617011 -1.483260
      vertex -0.991752 -1.634170 -1.315727
    endloop
  endfacet
  facet normal 0.933026 -0.004653 -0.359778
    outer loop
      vertex -0.934294 -1.689914 -1.158171
      vertex -0.992630 -1.656193 -1.309893
      vertex -0.971492 -1.625236 -1.255474
    endloop
  endfacet
  facet normal 0.857468 0.156746 -0.490081
    outer loop
      vertex -0.867857 -1.712655 -1.049203
      vertex -0.934294 -1.689914 -1.158171
      vertex -0.906044 -1.663895 -1.100422
    endloop
  endfacet
  facet normal -0.357187 -0.503239 -0.786873
    outer loop
      vertex -1.549410 -1.521974 -1.917310
      vertex -1.550875 -1.489674 -1.937302
      vertex -1.490150 -1.483222 -1.968993
    endloop
  endfacet
  facet normal -0.546949 -0.461322 -0.698591
    outer loop
      vertex -1.604169 -1.500199 -1.888626
      vertex -1.550875 -1.489674 -1.937302
      vertex -1.602397 -1.531252 -1.869507
    endloop
  endfacet
  facet normal -0.684423 -0.406246 -0.605417
    outer loop
      vertex -1.604169 -1.500199 -1.888626
      vertex -1.649107 -1.544124 -1.808348
      vertex -1.651040 -1.514328 -1.826157
    endloop
  endfacet
  facet normal -0.818167 -0.309754 -0.484413
    outer loop
      vertex -1.651040 -1.514328 -1.826157
      vertex -1.727392 -1.577777 -1.656627
      vertex -1.729287 -1.550508 -1.670864
    endloop
  endfacet
  facet normal -0.069756 -0.523432 -0.849207
    outer loop
      vertex -1.489231 -1.516576 -1.948510
      vertex -1.490150 -1.483222 -1.968993
      vertex -1.420944 -1.467248 -1.984524
    endloop
  endfacet
  facet normal 0.103830 -0.424613 -0.899401
    outer loop
      vertex -1.420944 -1.506246 -1.966113
      vertex -1.420944 -1.467248 -1.984524
      vertex -1.351738 -1.483222 -1.968993
    endloop
  endfacet
  facet normal 0.359947 -0.495417 -0.790570
    outer loop
      vertex -1.352657 -1.516576 -1.948510
      vertex -1.351738 -1.483222 -1.968993
      vertex -1.291013 -1.489674 -1.937302
    endloop
  endfacet
  facet normal -0.837381 -0.114626 -0.534466
    outer loop
      vertex -1.907593 -1.689914 -1.158171
      vertex -1.974009 -1.744610 -1.042384
      vertex -1.974031 -1.712655 -1.049203
    endloop
  endfacet
  facet normal -0.586195 -0.169460 -0.792249
    outer loop
      vertex -2.012624 -1.748983 -1.012876
      vertex -1.974031 -1.712655 -1.049203
      vertex -1.974009 -1.744610 -1.042384
    endloop
  endfacet
  facet normal -0.146635 -0.428491 -0.891568
    outer loop
      vertex -2.055361 -1.787811 -0.987187
      vertex -2.012624 -1.748983 -1.012876
      vertex -2.012294 -1.807349 -0.984880
    endloop
  endfacet
  facet normal 0.127876 -0.345524 -0.929656
    outer loop
      vertex -2.090961 -1.788470 -0.991838
      vertex -2.055866 -1.741650 -1.004413
      vertex -2.055361 -1.787811 -0.987187
    endloop
  endfacet
  facet normal 0.493621 -0.318828 -0.809127
    outer loop
      vertex -2.123629 -1.731923 -1.033658
      vertex -2.091835 -1.738400 -1.011709
      vertex -2.122438 -1.780822 -1.013663
    endloop
  endfacet
  facet normal 0.263449 -0.351864 -0.898213
    outer loop
      vertex -2.090961 -1.788470 -0.991838
      vertex -2.091835 -1.738400 -1.011709
      vertex -2.074444 -1.740378 -1.005833
    endloop
  endfacet
  facet normal -0.130456 -0.974624 0.181903
    outer loop
      vertex -2.255820 -2.383621 1.386639
      vertex -2.237804 -2.361036 1.520572
      vertex -2.323022 -2.359874 1.465677
    endloop
  endfacet
  facet normal -0.146985 -0.987149 0.062714
    outer loop
      vertex -2.316089 -2.380039 1.301764
      vertex -2.255820 -2.383621 1.386639
      vertex -2.363061 -2.369695 1.354496
    endloop
  endfacet
  facet normal -0.195976 -0.980448 0.017760
    outer loop
      vertex -2.423365 -2.361918 1.118424
      vertex -2.316089 -2.380039 1.301764
      vertex -2.363061 -2.369695 1.354496
    endloop
  endfacet
  facet normal -0.214686 -0.975691 -0.044004
    outer loop
      vertex -2.513265 -2.333280 0.922059
      vertex -2.423365 -2.361918 1.118424
      vertex -2.487912 -2.350833 1.187563
    endloop
  endfacet
  facet normal -0.234599 -0.968095 -0.088061
    outer loop
      vertex -2.587292 -2.296646 0.716531
      vertex -2.513265 -2.333280 0.922059
      vertex -2.591333 -2.321726 1.003015
    endloop
  endfacet
  facet normal -0.254828 -0.959041 -0.123703
    outer loop
      vertex -2.647084 -2.253427 0.504637
      vertex -2.587292 -2.296646 0.716531
      vertex -2.675160 -2.284835 0.805971
    endloop
  endfacet
  facet normal -0.276170 -0.948429 -0.155605
    outer loop
      vertex -2.693756 -2.204204 0.287449
      vertex -2.647084 -2.253427 0.504637
      vertex -2.741387 -2.241647 0.600209
    endloop
  endfacet
  facet normal -0.214319 -0.948334 -0.233945
    outer loop
      vertex -2.537019 -2.084437 -0.371958
      vertex -2.728153 -2.149246 0.065857
      vertex -2.750832 -2.088457 -0.159784
    endloop
  endfacet
  facet normal -0.299325 -0.935915 -0.185656
    outer loop
      vertex -2.728153 -2.149246 0.065857
      vertex -2.693756 -2.204204 0.287449
      vertex -2.791360 -2.192808 0.387362
    endloop
  endfacet
  facet normal -0.240127 -0.935357 -0.259706
    outer loop
      vertex -2.560073 -2.014197 -0.603618
      vertex -2.537019 -2.084437 -0.371958
      vertex -2.750832 -2.088457 -0.159784
    endloop
  endfacet
  facet normal -0.186941 -0.936473 -0.296769
    outer loop
      vertex -2.487163 -1.931294 -0.911151
      vertex -2.462607 -2.006225 -0.690171
      vertex -2.560073 -2.014197 -0.603618
    endloop
  endfacet
  facet normal 0.157376 -0.841777 -0.516376
    outer loop
      vertex -2.382548 -1.677775 -1.512024
      vertex -2.344935 -1.743504 -1.393413
      vertex -2.397273 -1.759363 -1.383509
    endloop
  endfacet
  facet normal 0.045186 -0.858856 -0.510220
    outer loop
      vertex -2.416101 -1.666291 -1.541846
      vertex -2.397273 -1.759363 -1.383509
      vertex -2.454009 -1.657680 -1.559699
    endloop
  endfacet
  facet normal -0.008343 -0.864636 -0.502330
    outer loop
      vertex -2.454009 -1.657680 -1.559699
      vertex -2.433326 -1.747914 -1.404727
      vertex -2.482567 -1.709547 -1.469947
    endloop
  endfacet
  facet normal -0.314442 -0.866541 -0.387599
    outer loop
      vertex -2.482567 -1.709547 -1.469947
      vertex -2.462867 -1.775664 -1.338115
      vertex -2.524044 -1.713574 -1.427296
    endloop
  endfacet
  facet normal -0.224197 -0.918516 -0.325675
    outer loop
      vertex -2.504904 -1.858052 -1.105506
      vertex -2.487163 -1.931294 -0.911151
      vertex -2.575903 -1.940501 -0.824095
    endloop
  endfacet
  facet normal -0.341317 -0.864905 -0.368024
    outer loop
      vertex -2.524044 -1.713574 -1.427296
      vertex -2.462867 -1.775664 -1.338115
      vertex -2.504904 -1.858052 -1.105506
    endloop
  endfacet
  facet normal 0.716929 -0.545323 -0.434322
    outer loop
      vertex -2.257876 -1.762066 -1.251039
      vertex -2.294888 -1.779114 -1.290730
      vertex -2.301665 -1.724829 -1.370075
    endloop
  endfacet
  facet normal 0.556335 -0.662903 -0.501050
    outer loop
      vertex -2.344935 -1.743504 -1.393413
      vertex -2.301665 -1.724829 -1.370075
      vertex -2.294888 -1.779114 -1.290730
    endloop
  endfacet
  facet normal 0.867345 -0.303794 -0.394235
    outer loop
      vertex -2.216270 -1.799672 -1.130523
      vertex -2.257876 -1.762066 -1.251039
      vertex -2.221187 -1.726619 -1.197636
    endloop
  endfacet
  facet normal 0.893318 -0.155814 -0.421551
    outer loop
      vertex -2.175932 -1.757460 -1.090335
      vertex -2.221187 -1.726619 -1.197636
      vertex -2.177605 -1.710663 -1.111178
    endloop
  endfacet
  facet normal 0.739308 -0.307442 -0.599085
    outer loop
      vertex -2.150543 -1.770322 -1.047165
      vertex -2.177605 -1.710663 -1.111178
      vertex -2.123629 -1.731923 -1.033658
    endloop
  endfacet
  facet normal -0.111824 0.941618 0.317569
    outer loop
      vertex -2.197175 -1.815440 0.652329
      vertex -2.215564 -1.774384 0.524119
      vertex -2.251661 -1.781841 0.533519
    endloop
  endfacet
  facet normal -0.315458 0.818427 0.480274
    outer loop
      vertex -2.144727 -1.946866 1.014439
      vertex -2.190759 -1.923027 0.943580
      vertex -2.222273 -1.933728 0.941117
    endloop
  endfacet
  facet normal -0.182682 0.920946 0.344219
    outer loop
      vertex -2.190759 -1.923027 0.943580
      vertex -2.197175 -1.815440 0.652329
      vertex -2.251661 -1.781841 0.533519
    endloop
  endfacet
  facet normal -0.486274 0.777662 0.398471
    outer loop
      vertex -2.222273 -1.933728 0.941117
      vertex -2.281436 -1.966133 0.932158
      vertex -2.187852 -2.011006 1.133938
    endloop
  endfacet
  facet normal -0.458579 0.765339 0.451622
    outer loop
      vertex -2.187852 -2.011006 1.133938
      vertex -2.241439 -2.040885 1.130160
      vertex -2.149069 -2.095774 1.316971
    endloop
  endfacet
  facet normal -0.443838 0.775332 0.449297
    outer loop
      vertex -2.192021 -2.121711 1.318457
      vertex -2.241439 -2.040885 1.130160
      vertex -2.301762 -2.073796 1.127363
    endloop
  endfacet
  facet normal -0.328509 0.775847 0.538650
    outer loop
      vertex -2.129242 -2.212352 1.487298
      vertex -2.192021 -2.121711 1.318457
      vertex -2.201411 -2.188766 1.409312
    endloop
  endfacet
  facet normal -0.401247 0.705167 0.584586
    outer loop
      vertex -2.129242 -2.212352 1.487298
      vertex -2.201411 -2.188766 1.409312
      vertex -2.157226 -2.230665 1.490181
    endloop
  endfacet
  facet normal -0.261748 0.671872 0.692875
    outer loop
      vertex -2.192995 -2.246087 1.494558
      vertex -2.126591 -2.286278 1.558617
      vertex -2.107530 -2.276822 1.556648
    endloop
  endfacet
  facet normal -0.104897 0.591412 0.799518
    outer loop
      vertex -2.173577 -2.302816 1.564685
      vertex -2.090602 -2.308764 1.579971
      vertex -2.126591 -2.286278 1.558617
    endloop
  endfacet
  facet normal -0.125122 0.482488 0.866920
    outer loop
      vertex -2.173577 -2.302816 1.564685
      vertex -2.114737 -2.318157 1.581716
      vertex -2.090602 -2.308764 1.579971
    endloop
  endfacet
  facet normal -0.087776 0.215750 0.972495
    outer loop
      vertex -2.125625 -2.324270 1.582089
      vertex -2.085376 -2.326036 1.586114
      vertex -2.114737 -2.318157 1.581716
    endloop
  endfacet
  facet normal -0.094661 0.099824 0.990492
    outer loop
      vertex -2.085376 -2.326036 1.586114
      vertex -2.125625 -2.324270 1.582089
      vertex -2.090918 -2.329212 1.585904
    endloop
  endfacet
  facet normal -0.045943 -0.245236 0.968374
    outer loop
      vertex -2.107847 -2.333218 1.584087
      vertex -2.055944 -2.333796 1.586403
      vertex -2.090918 -2.329212 1.585904
    endloop
  endfacet
  facet normal -0.267808 0.781212 0.563903
    outer loop
      vertex -2.157226 -2.230665 1.490181
      vertex -2.251544 -2.208321 1.414433
      vertex -2.192995 -2.246087 1.494558
    endloop
  endfacet
  facet normal -0.094317 -0.705209 0.702698
    outer loop
      vertex -2.105745 -2.341415 1.582456
      vertex -2.155584 -2.344775 1.572395
      vertex -2.147690 -2.355403 1.562788
    endloop
  endfacet
  facet normal -0.067657 -0.308121 0.948938
    outer loop
      vertex -2.107076 -2.337513 1.583628
      vertex -2.105745 -2.341415 1.582456
      vertex -2.081468 -2.336163 1.585892
    endloop
  endfacet
  facet normal -0.081140 -0.120186 0.989430
    outer loop
      vertex -2.107847 -2.333218 1.584087
      vertex -2.107076 -2.337513 1.583628
      vertex -2.081468 -2.336163 1.585892
    endloop
  endfacet
  facet normal -0.171627 -0.828915 0.532395
    outer loop
      vertex -2.155584 -2.344775 1.572395
      vertex -2.252990 -2.345350 1.540099
      vertex -2.237804 -2.361036 1.520572
    endloop
  endfacet
  facet normal 0.043850 0.983896 0.173278
    outer loop
      vertex -0.809166 -1.758473 -0.056436
      vertex -0.893103 -1.719449 -0.256777
      vertex -0.983692 -1.713648 -0.266790
    endloop
  endfacet
  facet normal -0.357183 0.915379 0.185746
    outer loop
      vertex -0.746330 -1.729264 -0.164943
      vertex -0.760524 -1.798809 0.150490
      vertex -0.721126 -1.786780 0.166970
    endloop
  endfacet
  facet normal -0.088799 0.973522 0.210641
    outer loop
      vertex -0.760524 -1.798809 0.150490
      vertex -0.746330 -1.729264 -0.164943
      vertex -0.809166 -1.758473 -0.056436
    endloop
  endfacet
  facet normal 0.047723 0.988844 0.141106
    outer loop
      vertex -0.893103 -1.719449 -0.256777
      vertex -0.898876 -1.657799 -0.686857
      vertex -0.983692 -1.713648 -0.266790
    endloop
  endfacet
  facet normal 0.042468 0.994126 0.099550
    outer loop
      vertex -0.898876 -1.657799 -0.686857
      vertex -1.009813 -1.635473 -0.862487
      vertex -1.008813 -1.652559 -0.692285
    endloop
  endfacet
  facet normal 0.120243 0.984933 0.124293
    outer loop
      vertex -1.008813 -1.652559 -0.692285
      vertex -1.114092 -1.617816 -0.865746
      vertex -1.112658 -1.640494 -0.687431
    endloop
  endfacet
  facet normal 0.267033 0.952356 0.147349
    outer loop
      vertex -1.198918 -1.589309 -0.861926
      vertex -1.199042 -1.618390 -0.673747
      vertex -1.112658 -1.640494 -0.687431
    endloop
  endfacet
  facet normal -0.770563 0.620118 0.147259
    outer loop
      vertex -0.737926 -2.019934 1.156248
      vertex -0.737377 -1.964078 0.923905
      vertex -0.756880 -2.030577 1.101887
    endloop
  endfacet
  facet normal -0.683355 0.711751 0.162591
    outer loop
      vertex -0.744128 -1.875209 0.506501
      vertex -0.737377 -1.964078 0.923905
      vertex -0.701353 -1.847911 0.566786
    endloop
  endfacet
  facet normal -0.641854 0.722157 0.257902
    outer loop
      vertex -0.737926 -2.019934 1.156248
      vertex -0.760431 -2.099413 1.322788
      vertex -0.753289 -2.098603 1.338295
    endloop
  endfacet
  facet normal -0.332880 0.819892 0.465799
    outer loop
      vertex -0.772663 -2.194487 1.493222
      vertex -0.753289 -2.098603 1.338295
      vertex -0.776057 -2.193890 1.489747
    endloop
  endfacet
  facet normal -0.433529 0.694004 0.574814
    outer loop
      vertex -0.783183 -2.254193 1.557375
      vertex -0.770695 -2.202466 1.504340
      vertex -0.772663 -2.194487 1.493222
    endloop
  endfacet
  facet normal 0.136718 0.476116 0.868690
    outer loop
      vertex -0.774882 -2.267938 1.568043
      vertex -0.782375 -2.276380 1.573849
      vertex -0.782942 -2.281624 1.576812
    endloop
  endfacet
  facet normal -0.153960 0.470980 0.868605
    outer loop
      vertex -0.782942 -2.281624 1.576812
      vertex -0.787587 -2.290855 1.580994
      vertex -0.783216 -2.284295 1.578212
    endloop
  endfacet
  facet normal -0.020932 0.544462 0.838524
    outer loop
      vertex -0.781172 -2.266269 1.567314
      vertex -0.782375 -2.276380 1.573849
      vertex -0.777912 -2.266768 1.567719
    endloop
  endfacet
  facet normal -0.248938 0.590417 0.767748
    outer loop
      vertex -0.783183 -2.254193 1.557375
      vertex -0.781172 -2.266269 1.567314
      vertex -0.780533 -2.261341 1.563731
    endloop
  endfacet
  facet normal -0.659874 0.737184 0.145349
    outer loop
      vertex -0.669176 -1.747984 0.206058
      vertex -0.721126 -1.786780 0.166970
      vertex -0.701353 -1.847911 0.566786
    endloop
  endfacet
  facet normal 0.202315 0.350264 0.914540
    outer loop
      vertex -0.781778 -2.288098 1.579600
      vertex -0.783461 -2.298984 1.584141
      vertex -0.777629 -2.290767 1.579705
    endloop
  endfacet
  facet normal 0.201106 0.350521 0.914708
    outer loop
      vertex -0.783484 -2.286999 1.579554
      vertex -0.783461 -2.298984 1.584141
      vertex -0.781778 -2.288098 1.579600
    endloop
  endfacet
  facet normal 0.241748 0.412107 0.878479
    outer loop
      vertex -0.783216 -2.284295 1.578212
      vertex -0.783484 -2.286999 1.579554
      vertex -0.781778 -2.288098 1.579600
    endloop
  endfacet
  facet normal 0.488966 0.858581 0.154111
    outer loop
      vertex -2.250467 -1.613173 -0.164217
      vertex -2.278352 -1.597451 -0.163328
      vertex -2.229881 -1.700127 0.254908
    endloop
  endfacet
  facet normal 0.695711 0.709501 0.112226
    outer loop
      vertex -2.201330 -1.661689 -0.162102
      vertex -2.250467 -1.613173 -0.164217
      vertex -2.172712 -1.747984 0.206058
    endloop
  endfacet
  facet normal 0.633655 0.765603 0.111054
    outer loop
      vertex -2.156473 -1.652112 -0.484072
      vertex -2.201330 -1.661689 -0.162102
      vertex -2.140250 -1.712282 -0.161821
    endloop
  endfacet
  facet normal 0.360295 0.920095 0.153667
    outer loop
      vertex -2.107481 -1.674097 -0.467301
      vertex -2.156473 -1.652112 -0.484072
      vertex -2.095557 -1.729264 -0.164943
    endloop
  endfacet
  facet normal 0.152719 0.975245 0.159916
    outer loop
      vertex -2.037230 -1.722316 -0.240327
      vertex -2.042750 -1.684533 -0.465473
      vertex -2.107481 -1.674097 -0.467301
    endloop
  endfacet
  facet normal -0.043667 0.996064 0.077134
    outer loop
      vertex -1.833074 -1.652559 -0.692285
      vertex -1.944025 -1.644980 -0.852971
      vertex -1.943012 -1.657799 -0.686857
    endloop
  endfacet
  facet normal 0.051077 0.988493 0.142382
    outer loop
      vertex -1.948784 -1.719449 -0.256777
      vertex -1.943012 -1.657799 -0.686857
      vertex -2.042750 -1.684533 -0.465473
    endloop
  endfacet
  facet normal -0.321053 0.935919 0.144844
    outer loop
      vertex -1.642970 -1.589309 -0.861926
      vertex -1.727795 -1.617816 -0.865746
      vertex -1.642846 -1.618390 -0.673747
    endloop
  endfacet
  facet normal -0.161924 0.979081 0.123214
    outer loop
      vertex -1.727795 -1.617816 -0.865746
      vertex -1.832074 -1.635473 -0.862487
      vertex -1.729229 -1.640494 -0.687431
    endloop
  endfacet
  facet normal -0.075830 0.992178 0.099158
    outer loop
      vertex -1.833074 -1.652559 -0.692285
      vertex -1.832074 -1.635473 -0.862487
      vertex -1.944025 -1.644980 -0.852971
    endloop
  endfacet
  facet normal -0.530982 0.837390 0.129756
    outer loop
      vertex -1.642970 -1.589309 -0.861926
      vertex -1.642846 -1.618390 -0.673747
      vertex -1.583173 -1.583740 -0.653171
    endloop
  endfacet
  facet normal 0.084738 0.965709 0.245409
    outer loop
      vertex -1.420944 -1.660623 0.115064
      vertex -1.381330 -1.568270 -0.262030
      vertex -1.420944 -1.562833 -0.269751
    endloop
  endfacet
  facet normal -0.090616 0.971444 0.219284
    outer loop
      vertex -1.420944 -1.562833 -0.269751
      vertex -1.420944 -1.517108 -0.472313
      vertex -1.460557 -1.568270 -0.262030
    endloop
  endfacet
  facet normal -0.343583 0.922172 0.177624
    outer loop
      vertex -1.500418 -1.462730 -0.830516
      vertex -1.494964 -1.501191 -0.620287
      vertex -1.462784 -1.488900 -0.621852
    endloop
  endfacet
  facet normal -0.064361 0.977198 0.202340
    outer loop
      vertex -1.420944 -1.517108 -0.472313
      vertex -1.420944 -1.484406 -0.630245
      vertex -1.462784 -1.488900 -0.621852
    endloop
  endfacet
  facet normal -0.673267 0.721830 0.160226
    outer loop
      vertex -1.547419 -1.501878 -0.837605
      vertex -1.540600 -1.541119 -0.632172
      vertex -1.494964 -1.501191 -0.620287
    endloop
  endfacet
  facet normal -0.733333 0.666574 0.133795
    outer loop
      vertex -1.583173 -1.583740 -0.653171
      vertex -1.540600 -1.541119 -0.632172
      vertex -1.586959 -1.548236 -0.850810
    endloop
  endfacet
  facet normal 0.347124 0.901825 0.257327
    outer loop
      vertex -1.346553 -1.582517 -0.259014
      vertex -1.381330 -1.568270 -0.262030
      vertex -1.420944 -1.660623 0.115064
    endloop
  endfacet
  facet normal 0.672765 0.724916 0.147931
    outer loop
      vertex -1.301287 -1.541119 -0.632172
      vertex -1.346923 -1.501191 -0.620287
      vertex -1.297741 -1.582533 -0.445354
    endloop
  endfacet
  facet normal 0.735553 0.660520 0.150583
    outer loop
      vertex -1.301287 -1.541119 -0.632172
      vertex -1.258715 -1.583740 -0.653171
      vertex -1.294468 -1.501878 -0.837605
    endloop
  endfacet
  facet normal 0.536219 0.828933 0.159185
    outer loop
      vertex -1.254928 -1.548236 -0.850810
      vertex -1.258715 -1.583740 -0.653171
      vertex -1.199042 -1.618390 -0.673747
    endloop
  endfacet
  facet normal 0.355773 0.911835 0.204898
    outer loop
      vertex -1.346923 -1.501191 -0.620287
      vertex -1.381330 -1.568270 -0.262030
      vertex -1.346553 -1.582517 -0.259014
    endloop
  endfacet
  facet normal 0.240865 0.948982 0.203510
    outer loop
      vertex -2.240819 -1.697602 0.259260
      vertex -2.278352 -1.597451 -0.163328
      vertex -2.296793 -1.617435 -0.048316
    endloop
  endfacet
  facet normal 0.069476 0.959887 0.271642
    outer loop
      vertex -2.215564 -1.774384 0.524119
      vertex -2.240819 -1.697602 0.259260
      vertex -2.252928 -1.697495 0.261978
    endloop
  endfacet
  facet normal 0.463112 -0.824292 -0.325685
    outer loop
      vertex -0.029448 -1.875843 -0.727352
      vertex -0.000242 -1.946489 -0.507020
      vertex -0.082110 -1.950963 -0.612111
    endloop
  endfacet
  facet normal 0.543469 -0.796138 -0.266091
    outer loop
      vertex -0.000242 -1.946489 -0.507020
      vertex 0.066068 -1.931727 -0.415756
      vertex 0.009967 -2.014822 -0.281718
    endloop
  endfacet
  facet normal 0.492420 -0.840342 -0.226599
    outer loop
      vertex 0.009967 -2.014822 -0.281718
      vertex 0.082941 -1.996723 -0.190262
      vertex 0.004301 -2.079390 -0.054580
    endloop
  endfacet
  facet normal 0.284771 -0.886674 -0.364301
    outer loop
      vertex -0.262922 -1.794368 -1.202614
      vertex -0.260013 -1.867263 -1.022919
      vertex -0.336984 -1.858052 -1.105506
    endloop
  endfacet
  facet normal 0.393275 -0.843389 -0.366102
    outer loop
      vertex -0.260013 -1.867263 -1.022919
      vertex -0.133107 -1.803878 -1.032614
      vertex -0.100447 -1.878637 -0.825309
    endloop
  endfacet
  facet normal 0.527652 -0.769168 -0.360506
    outer loop
      vertex -0.133107 -1.803878 -1.032614
      vertex -0.029448 -1.875843 -0.727352
      vertex -0.100447 -1.878637 -0.825309
    endloop
  endfacet
  facet normal 0.202238 -0.914469 -0.350495
    outer loop
      vertex -0.391528 -1.813443 -1.253367
      vertex -0.336984 -1.858052 -1.105506
      vertex -0.404349 -1.849801 -1.165904
    endloop
  endfacet
  facet normal 0.489710 -0.841336 -0.228775
    outer loop
      vertex 0.082941 -1.996723 -0.190262
      vertex 0.081869 -2.058460 0.034488
      vertex 0.004301 -2.079390 -0.054580
    endloop
  endfacet
  facet normal 0.453123 -0.870815 -0.190685
    outer loop
      vertex 0.081869 -2.058460 0.034488
      vertex 0.064071 -2.116086 0.255358
      vertex -0.015806 -2.138705 0.168842
    endloop
  endfacet
  facet normal 0.421578 -0.893715 -0.153443
    outer loop
      vertex -0.050527 -2.192808 0.387362
      vertex 0.064071 -2.116086 0.255358
      vertex 0.029332 -2.169503 0.471036
    endloop
  endfacet
  facet normal 0.392212 -0.912597 -0.115482
    outer loop
      vertex -0.100500 -2.241647 0.600209
      vertex 0.029332 -2.169503 0.471036
      vertex -0.023070 -2.218508 0.680323
    endloop
  endfacet
  facet normal 0.363190 -0.928692 -0.074994
    outer loop
      vertex -0.166728 -2.284835 0.805971
      vertex -0.023070 -2.218508 0.680323
      vertex -0.094299 -2.262591 0.881277
    endloop
  endfacet
  facet normal 0.333360 -0.942327 -0.029861
    outer loop
      vertex -0.250554 -2.321726 1.003015
      vertex -0.094299 -2.262591 0.881277
      vertex -0.185933 -2.301042 1.071693
    endloop
  endfacet
  facet normal 0.300541 -0.953410 0.026168
    outer loop
      vertex -0.353975 -2.350833 1.187563
      vertex -0.185933 -2.301042 1.071693
      vertex -0.300331 -2.332297 1.246792
    endloop
  endfacet
  facet normal 0.263832 -0.958915 0.104280
    outer loop
      vertex -0.478826 -2.369695 1.354496
      vertex -0.300331 -2.332297 1.246792
      vertex -0.439669 -2.353954 1.400175
    endloop
  endfacet
  facet normal 0.332897 -0.886135 0.322405
    outer loop
      vertex -0.518866 -2.359874 1.465677
      vertex -0.439669 -2.353954 1.400175
      vertex -0.411601 -2.331200 1.433735
    endloop
  endfacet
  facet normal 0.337890 -0.873471 0.350541
    outer loop
      vertex -0.411601 -2.331200 1.433735
      vertex -0.496907 -2.340372 1.493107
      vertex -0.518866 -2.359874 1.465677
    endloop
  endfacet
  facet normal 0.280206 -0.842965 0.459233
    outer loop
      vertex -0.496907 -2.340372 1.493107
      vertex -0.588897 -2.345350 1.540099
      vertex -0.604084 -2.361036 1.520572
    endloop
  endfacet
  facet normal 0.208926 -0.736604 0.643245
    outer loop
      vertex -0.588897 -2.345350 1.540099
      vertex -0.686303 -2.344775 1.572395
      vertex -0.694198 -2.355403 1.562788
    endloop
  endfacet
  facet normal 0.126011 -0.567472 0.813693
    outer loop
      vertex -0.736142 -2.341415 1.582456
      vertex -0.740255 -2.348196 1.578364
      vertex -0.686303 -2.344775 1.572395
    endloop
  endfacet
  facet normal 0.161728 -0.341346 0.925920
    outer loop
      vertex -0.761133 -2.338468 1.585597
      vertex -0.762099 -2.340586 1.584985
      vertex -0.740255 -2.348196 1.578364
    endloop
  endfacet
  facet normal 0.007826 -0.129507 0.991548
    outer loop
      vertex -0.785944 -2.333796 1.586403
      vertex -0.761133 -2.338468 1.585597
      vertex -0.760420 -2.336163 1.585892
    endloop
  endfacet
  facet normal 0.309408 0.452413 0.836414
    outer loop
      vertex -0.762897 -2.254144 1.554257
      vertex -0.768621 -2.297338 1.579738
      vertex -0.749359 -2.265698 1.555499
    endloop
  endfacet
  facet normal 0.513893 0.340407 0.787425
    outer loop
      vertex -0.762897 -2.254144 1.554257
      vertex -0.774882 -2.267938 1.568043
      vertex -0.777629 -2.290767 1.579705
    endloop
  endfacet
  facet normal 0.126679 0.281087 0.951285
    outer loop
      vertex -0.760594 -2.303514 1.579660
      vertex -0.768789 -2.321129 1.585956
      vertex -0.751285 -2.308764 1.579971
    endloop
  endfacet
  facet normal 0.109161 0.303585 0.946531
    outer loop
      vertex -0.768789 -2.321129 1.585956
      vertex -0.756511 -2.326036 1.586114
      vertex -0.751285 -2.308764 1.579971
    endloop
  endfacet
  facet normal 0.018626 -0.033437 0.999267
    outer loop
      vertex -0.785944 -2.333796 1.586403
      vertex -0.750970 -2.329212 1.585904
      vertex -0.756511 -2.326036 1.586114
    endloop
  endfacet
  facet normal 0.340737 0.432201 0.834926
    outer loop
      vertex -0.749359 -2.265698 1.555499
      vertex -0.768621 -2.297338 1.579738
      vertex -0.760594 -2.303514 1.579660
    endloop
  endfacet
  facet normal -0.541991 -0.676392 -0.498737
    outer loop
      vertex -0.546999 -1.779114 -1.290730
      vertex -0.489173 -1.691668 -1.472166
      vertex -0.496952 -1.743504 -1.393413
    endloop
  endfacet
  facet normal -0.706502 -0.488600 -0.511982
    outer loop
      vertex -0.489173 -1.691668 -1.472166
      vertex -0.540222 -1.724829 -1.370075
      vertex -0.481869 -1.628527 -1.542503
    endloop
  endfacet
  facet normal -0.824169 -0.272608 -0.496417
    outer loop
      vertex -0.481869 -1.628527 -1.542503
      vertex -0.533907 -1.658221 -1.439801
      vertex -0.478734 -1.589049 -1.569387
    endloop
  endfacet
  facet normal -0.875980 -0.106186 -0.470515
    outer loop
      vertex -0.478734 -1.589049 -1.569387
      vertex -0.531240 -1.616846 -1.465361
      vertex -0.477857 -1.567684 -1.575842
    endloop
  endfacet
  facet normal -0.941383 0.125162 -0.313262
    outer loop
      vertex -0.497881 -1.554156 -1.540561
      vertex -0.531240 -1.616846 -1.465361
      vertex -0.576110 -1.649078 -1.343402
    endloop
  endfacet
  facet normal -0.944641 -0.009169 -0.327977
    outer loop
      vertex -0.576110 -1.649078 -1.343402
      vertex -0.618678 -1.681699 -1.219883
      vertex -0.569801 -1.598430 -1.362987
    endloop
  endfacet
  facet normal -0.905501 -0.111220 -0.409510
    outer loop
      vertex -0.591933 -1.614837 -1.297181
      vertex -0.618678 -1.681699 -1.219883
      vertex -0.664283 -1.710663 -1.111178
    endloop
  endfacet
  facet normal -0.567419 0.007588 -0.823394
    outer loop
      vertex -0.749820 -1.686094 -1.011388
      vertex -0.717852 -1.680614 -1.033367
      vertex -0.750053 -1.738400 -1.011709
    endloop
  endfacet
  facet normal -0.823065 0.009736 -0.567863
    outer loop
      vertex -0.663673 -1.661118 -1.111561
      vertex -0.718258 -1.731923 -1.033658
      vertex -0.717852 -1.680614 -1.033367
    endloop
  endfacet
  facet normal -0.320620 0.005130 -0.947194
    outer loop
      vertex -0.767320 -1.687540 -1.005589
      vertex -0.750053 -1.738400 -1.011709
      vertex -0.767444 -1.740378 -1.005833
    endloop
  endfacet
  facet normal -0.089137 -0.306403 -0.947719
    outer loop
      vertex -0.786182 -1.771957 -0.993861
      vertex -0.767444 -1.740378 -1.005833
      vertex -0.750926 -1.788470 -0.991838
    endloop
  endfacet
  facet normal -0.821381 0.005702 -0.570351
    outer loop
      vertex -0.664283 -1.710663 -1.111178
      vertex -0.718258 -1.731923 -1.033658
      vertex -0.663673 -1.661118 -1.111561
    endloop
  endfacet
  facet normal 0.634803 0.144607 -0.759022
    outer loop
      vertex -0.850410 -1.681770 -1.028728
      vertex -0.829290 -1.718181 -1.018000
      vertex -0.867857 -1.712655 -1.049203
    endloop
  endfacet
  facet normal 0.367312 0.097703 -0.924952
    outer loop
      vertex -0.829506 -1.685290 -1.014612
      vertex -0.808262 -1.719180 -1.009755
      vertex -0.829290 -1.718181 -1.018000
    endloop
  endfacet
  facet normal 0.137604 0.006753 -0.990464
    outer loop
      vertex -0.808262 -1.719180 -1.009755
      vertex -0.785869 -1.718812 -1.006642
      vertex -0.829263 -1.748983 -1.012876
    endloop
  endfacet
  facet normal 0.226658 -0.126438 -0.965733
    outer loop
      vertex -0.829263 -1.748983 -1.012876
      vertex -0.785869 -1.718812 -1.006642
      vertex -0.785941 -1.741433 -1.003697
    endloop
  endfacet
  facet normal -0.098275 -0.235024 -0.967009
    outer loop
      vertex -0.785987 -1.749017 -1.001849
      vertex -0.785941 -1.741433 -1.003697
      vertex -0.767444 -1.740378 -1.005833
    endloop
  endfacet
  facet normal -0.273938 -0.825837 -0.492901
    outer loop
      vertex -0.459339 -1.677775 -1.512024
      vertex -0.444614 -1.759363 -1.383509
      vertex -0.489173 -1.691668 -1.472166
    endloop
  endfacet
  facet normal 0.186474 -0.901785 -0.389887
    outer loop
      vertex -0.359321 -1.709536 -1.469942
      vertex -0.430583 -1.825115 -1.236697
      vertex -0.408561 -1.747914 -1.404727
    endloop
  endfacet
  facet normal -0.026233 -0.860431 -0.508892
    outer loop
      vertex -0.425786 -1.666291 -1.541846
      vertex -0.408561 -1.747914 -1.404727
      vertex -0.444614 -1.759363 -1.383509
    endloop
  endfacet
  facet normal 0.090731 -0.903079 -0.419781
    outer loop
      vertex -0.359321 -1.709536 -1.469942
      vertex -0.391528 -1.813443 -1.253367
      vertex -0.430583 -1.825115 -1.236697
    endloop
  endfacet
  facet normal -0.933299 -0.001119 -0.359098
    outer loop
      vertex -1.849257 -1.656193 -1.309893
      vertex -1.907593 -1.689914 -1.158171
      vertex -1.908157 -1.649831 -1.156831
    endloop
  endfacet
  facet normal -0.904248 -0.206470 -0.373772
    outer loop
      vertex -1.729287 -1.550508 -1.670864
      vertex -1.791649 -1.617011 -1.483260
      vertex -1.793131 -1.592351 -1.493296
    endloop
  endfacet
  facet normal -0.935788 -0.124687 -0.329779
    outer loop
      vertex -1.793131 -1.592351 -1.493296
      vertex -1.849257 -1.656193 -1.309893
      vertex -1.850136 -1.634170 -1.315727
    endloop
  endfacet
  facet normal 0.887441 -0.260267 -0.380406
    outer loop
      vertex -1.048757 -1.592351 -1.493296
      vertex -1.114495 -1.577777 -1.656627
      vertex -1.112601 -1.550508 -1.670864
    endloop
  endfacet
  facet normal 0.804685 -0.342180 -0.485175
    outer loop
      vertex -1.112601 -1.550508 -1.670864
      vertex -1.192780 -1.544124 -1.808348
      vertex -1.190847 -1.514328 -1.826157
    endloop
  endfacet
  facet normal 0.682021 -0.411252 -0.604747
    outer loop
      vertex -1.190847 -1.514328 -1.826157
      vertex -1.239491 -1.531252 -1.869507
      vertex -1.237719 -1.500199 -1.888626
    endloop
  endfacet
  facet normal 0.548544 -0.457892 -0.699596
    outer loop
      vertex -1.291013 -1.489674 -1.937302
      vertex -1.237719 -1.500199 -1.888626
      vertex -1.292477 -1.521974 -1.917310
    endloop
  endfacet
  facet normal 0.919817 -0.194065 -0.340991
    outer loop
      vertex -0.991752 -1.634170 -1.315727
      vertex -1.050239 -1.617011 -1.483260
      vertex -1.048757 -1.592351 -1.493296
    endloop
  endfacet
  facet normal 0.946422 -0.117441 -0.300820
    outer loop
      vertex -0.971492 -1.625236 -1.255474
      vertex -0.992630 -1.656193 -1.309893
      vertex -0.991752 -1.634170 -1.315727
    endloop
  endfacet
  facet normal 0.933811 -0.001174 -0.357765
    outer loop
      vertex -0.934294 -1.689914 -1.158171
      vertex -0.971492 -1.625236 -1.255474
      vertex -0.933730 -1.649831 -1.156831
    endloop
  endfacet
  facet normal 0.826345 0.058841 -0.560081
    outer loop
      vertex -0.867857 -1.712655 -1.049203
      vertex -0.906044 -1.663895 -1.100422
      vertex -0.868009 -1.677529 -1.045737
    endloop
  endfacet
  facet normal 0.897906 0.002089 -0.440183
    outer loop
      vertex -0.906044 -1.663895 -1.100422
      vertex -0.934294 -1.689914 -1.158171
      vertex -0.933730 -1.649831 -1.156831
    endloop
  endfacet
  facet normal -0.426753 -0.251031 -0.868830
    outer loop
      vertex -1.550875 -1.489674 -1.937302
      vertex -1.490565 -1.464918 -1.974078
      vertex -1.490150 -1.483222 -1.968993
    endloop
  endfacet
  facet normal -0.628056 -0.241290 -0.739814
    outer loop
      vertex -1.604169 -1.500199 -1.888626
      vertex -1.551572 -1.472010 -1.942472
      vertex -1.550875 -1.489674 -1.937302
    endloop
  endfacet
  facet normal -0.795454 -0.035839 -0.604953
    outer loop
      vertex -1.604169 -1.500199 -1.888626
      vertex -1.651040 -1.514328 -1.826157
      vertex -1.670297 -1.488886 -1.802344
    endloop
  endfacet
  facet normal -0.855389 -0.200337 -0.477676
    outer loop
      vertex -1.651040 -1.514328 -1.826157
      vertex -1.729287 -1.550508 -1.670864
      vertex -1.670297 -1.488886 -1.802344
    endloop
  endfacet
  facet normal -0.151724 -0.267743 -0.951469
    outer loop
      vertex -1.490150 -1.483222 -1.968993
      vertex -1.490565 -1.464918 -1.974078
      vertex -1.420944 -1.467248 -1.984524
    endloop
  endfacet
  facet normal 0.151724 -0.267743 -0.951469
    outer loop
      vertex -1.420944 -1.467248 -1.984524
      vertex -1.351322 -1.464918 -1.974078
      vertex -1.351738 -1.483222 -1.968993
    endloop
  endfacet
  facet normal 0.422810 -0.269856 -0.865107
    outer loop
      vertex -1.351738 -1.483222 -1.968993
      vertex -1.290316 -1.472010 -1.942472
      vertex -1.291013 -1.489674 -1.937302
    endloop
  endfacet
  facet normal -0.857552 0.054180 -0.511535
    outer loop
      vertex -1.907593 -1.689914 -1.158171
      vertex -1.974031 -1.712655 -1.049203
      vertex -1.973879 -1.677529 -1.045737
    endloop
  endfacet
  facet normal -0.612446 -0.129206 -0.779882
    outer loop
      vertex -2.012598 -1.718181 -1.018000
      vertex -1.974031 -1.712655 -1.049203
      vertex -2.012624 -1.748983 -1.012876
    endloop
  endfacet
  facet normal -0.236027 -0.342010 -0.909572
    outer loop
      vertex -2.055361 -1.787811 -0.987187
      vertex -2.055866 -1.741650 -1.004413
      vertex -2.012624 -1.748983 -1.012876
    endloop
  endfacet
  facet normal 0.052697 -0.295668 -0.953836
    outer loop
      vertex -2.090961 -1.788470 -0.991838
      vertex -2.074444 -1.740378 -1.005833
      vertex -2.055866 -1.741650 -1.004413
    endloop
  endfacet
  facet normal 0.569140 0.007586 -0.822205
    outer loop
      vertex -2.092067 -1.686094 -1.011388
      vertex -2.091835 -1.738400 -1.011709
      vertex -2.123629 -1.731923 -1.033658
    endloop
  endfacet
  facet normal 0.321582 0.014902 -0.946764
    outer loop
      vertex -2.081986 -1.687049 -1.007556
      vertex -2.074444 -1.740378 -1.005833
      vertex -2.091835 -1.738400 -1.011709
    endloop
  endfacet
  facet normal -0.170728 -0.974210 0.147537
    outer loop
      vertex -2.363061 -2.369695 1.354496
      vertex -2.255820 -2.383621 1.386639
      vertex -2.323022 -2.359874 1.465677
    endloop
  endfacet
  facet normal -0.298601 -0.843916 0.445694
    outer loop
      vertex -2.237804 -2.361036 1.520572
      vertex -2.252990 -2.345350 1.540099
      vertex -2.323022 -2.359874 1.465677
    endloop
  endfacet
  facet normal -0.160430 -0.987011 0.008464
    outer loop
      vertex -2.423365 -2.361918 1.118424
      vertex -2.363061 -2.369695 1.354496
      vertex -2.487912 -2.350833 1.187563
    endloop
  endfacet
  facet normal -0.193122 -0.980079 -0.046353
    outer loop
      vertex -2.513265 -2.333280 0.922059
      vertex -2.487912 -2.350833 1.187563
      vertex -2.591333 -2.321726 1.003015
    endloop
  endfacet
  facet normal -0.220306 -0.971439 -0.088152
    outer loop
      vertex -2.587292 -2.296646 0.716531
      vertex -2.591333 -2.321726 1.003015
      vertex -2.675160 -2.284835 0.805971
    endloop
  endfacet
  facet normal -0.244840 -0.961723 -0.123052
    outer loop
      vertex -2.647084 -2.253427 0.504637
      vertex -2.675160 -2.284835 0.805971
      vertex -2.741387 -2.241647 0.600209
    endloop
  endfacet
  facet normal -0.269470 -0.950481 -0.154830
    outer loop
      vertex -2.693756 -2.204204 0.287449
      vertex -2.741387 -2.241647 0.600209
      vertex -2.791360 -2.192808 0.387362
    endloop
  endfacet
  facet normal -0.325541 -0.920685 -0.215318
    outer loop
      vertex -2.750832 -2.088457 -0.159784
      vertex -2.728153 -2.149246 0.065857
      vertex -2.826081 -2.138705 0.168842
    endloop
  endfacet
  facet normal -0.295532 -0.937232 -0.185089
    outer loop
      vertex -2.728153 -2.149246 0.065857
      vertex -2.791360 -2.192808 0.387362
      vertex -2.826081 -2.138705 0.168842
    endloop
  endfacet
  facet normal -0.243809 -0.934025 -0.261065
    outer loop
      vertex -2.560073 -2.014197 -0.603618
      vertex -2.750832 -2.088457 -0.159784
      vertex -2.761921 -2.021659 -0.388415
    endloop
  endfacet
  facet normal -0.195639 -0.934230 -0.298226
    outer loop
      vertex -2.487163 -1.931294 -0.911151
      vertex -2.560073 -2.014197 -0.603618
      vertex -2.575903 -1.940501 -0.824095
    endloop
  endfacet
  facet normal 0.362897 -0.761493 -0.537060
    outer loop
      vertex -2.382548 -1.677775 -1.512024
      vertex -2.352714 -1.691668 -1.472166
      vertex -2.344935 -1.743504 -1.393413
    endloop
  endfacet
  facet normal 0.169387 -0.840704 -0.514319
    outer loop
      vertex -2.382548 -1.677775 -1.512024
      vertex -2.397273 -1.759363 -1.383509
      vertex -2.416101 -1.666291 -1.541846
    endloop
  endfacet
  facet normal 0.137292 -0.746179 -0.651435
    outer loop
      vertex -2.424817 -1.607075 -1.611511
      vertex -2.416101 -1.666291 -1.541846
      vertex -2.454009 -1.657680 -1.559699
    endloop
  endfacet
  facet normal 0.010093 -0.867162 -0.497924
    outer loop
      vertex -2.454009 -1.657680 -1.559699
      vertex -2.482567 -1.709547 -1.469947
      vertex -2.488712 -1.686372 -1.510434
    endloop
  endfacet
  facet normal -0.354478 -0.833696 -0.423433
    outer loop
      vertex -2.488712 -1.686372 -1.510434
      vertex -2.482567 -1.709547 -1.469947
      vertex -2.524044 -1.713574 -1.427296
    endloop
  endfacet
  facet normal -0.243583 -0.912450 -0.328789
    outer loop
      vertex -2.504904 -1.858052 -1.105506
      vertex -2.575903 -1.940501 -0.824095
      vertex -2.581874 -1.867263 -1.022919
    endloop
  endfacet
  facet normal -0.260717 -0.886418 -0.382478
    outer loop
      vertex -2.524044 -1.713574 -1.427296
      vertex -2.504904 -1.858052 -1.105506
      vertex -2.578966 -1.794368 -1.202614
    endloop
  endfacet
  facet normal 0.842643 -0.341080 -0.416675
    outer loop
      vertex -2.257876 -1.762066 -1.251039
      vertex -2.301665 -1.724829 -1.370075
      vertex -2.263453 -1.692229 -1.319484
    endloop
  endfacet
  facet normal 0.555340 -0.668408 -0.494800
    outer loop
      vertex -2.352714 -1.691668 -1.472166
      vertex -2.301665 -1.724829 -1.370075
      vertex -2.344935 -1.743504 -1.393413
    endloop
  endfacet
  facet normal 0.867010 -0.311744 -0.388728
    outer loop
      vertex -2.221187 -1.726619 -1.197636
      vertex -2.257876 -1.762066 -1.251039
      vertex -2.263453 -1.692229 -1.319484
    endloop
  endfacet
  facet normal 0.892441 -0.167340 -0.418982
    outer loop
      vertex -2.177605 -1.710663 -1.111178
      vertex -2.221187 -1.726619 -1.197636
      vertex -2.223209 -1.681699 -1.219883
    endloop
  endfacet
  facet normal 0.821874 0.009740 -0.569586
    outer loop
      vertex -2.123629 -1.731923 -1.033658
      vertex -2.177605 -1.710663 -1.111178
      vertex -2.124036 -1.680614 -1.033367
    endloop
  endfacet
  facet normal -0.119020 0.948044 0.295036
    outer loop
      vertex -2.215564 -1.774384 0.524119
      vertex -2.252928 -1.697495 0.261978
      vertex -2.251661 -1.781841 0.533519
    endloop
  endfacet
  facet normal -0.325586 0.878075 0.350682
    outer loop
      vertex -2.190759 -1.923027 0.943580
      vertex -2.251661 -1.781841 0.533519
      vertex -2.222273 -1.933728 0.941117
    endloop
  endfacet
  facet normal -0.490912 0.802616 0.338839
    outer loop
      vertex -2.345051 -1.829539 0.516440
      vertex -2.281436 -1.966133 0.932158
      vertex -2.222273 -1.933728 0.941117
    endloop
  endfacet
  facet normal -0.468745 0.790947 0.393296
    outer loop
      vertex -2.281436 -1.966133 0.932158
      vertex -2.241439 -2.040885 1.130160
      vertex -2.187852 -2.011006 1.133938
    endloop
  endfacet
  facet normal -0.455394 0.801813 0.386928
    outer loop
      vertex -2.349080 -2.003055 0.925079
      vertex -2.301762 -2.073796 1.127363
      vertex -2.241439 -2.040885 1.130160
    endloop
  endfacet
  facet normal -0.433717 0.783231 0.445465
    outer loop
      vertex -2.192021 -2.121711 1.318457
      vertex -2.301762 -2.073796 1.127363
      vertex -2.239772 -2.149009 1.319961
    endloop
  endfacet
  facet normal -0.413948 0.752342 0.512473
    outer loop
      vertex -2.201411 -2.188766 1.409312
      vertex -2.192021 -2.121711 1.318457
      vertex -2.239772 -2.149009 1.319961
    endloop
  endfacet
  facet normal -0.253906 0.795146 0.550703
    outer loop
      vertex -2.157226 -2.230665 1.490181
      vertex -2.201411 -2.188766 1.409312
      vertex -2.251544 -2.208321 1.414433
    endloop
  endfacet
  facet normal -0.133327 0.771416 0.622207
    outer loop
      vertex -2.126591 -2.286278 1.558617
      vertex -2.192995 -2.246087 1.494558
      vertex -2.281790 -2.271915 1.507553
    endloop
  endfacet
  facet normal -0.160571 0.708413 0.687290
    outer loop
      vertex -2.126591 -2.286278 1.558617
      vertex -2.281790 -2.271915 1.507553
      vertex -2.173577 -2.302816 1.564685
    endloop
  endfacet
  facet normal -0.143758 0.435250 0.888758
    outer loop
      vertex -2.193869 -2.313747 1.566756
      vertex -2.114737 -2.318157 1.581716
      vertex -2.173577 -2.302816 1.564685
    endloop
  endfacet
  facet normal -0.156835 0.336061 0.928690
    outer loop
      vertex -2.193869 -2.313747 1.566756
      vertex -2.125625 -2.324270 1.582089
      vertex -2.114737 -2.318157 1.581716
    endloop
  endfacet
  facet normal -0.108319 0.006680 0.994094
    outer loop
      vertex -2.090918 -2.329212 1.585904
      vertex -2.125625 -2.324270 1.582089
      vertex -2.107847 -2.333218 1.584087
    endloop
  endfacet
  facet normal -0.147072 0.848946 0.507603
    outer loop
      vertex -2.192995 -2.246087 1.494558
      vertex -2.251544 -2.208321 1.414433
      vertex -2.376902 -2.239756 1.430686
    endloop
  endfacet
  facet normal -0.164719 -0.334869 0.927755
    outer loop
      vertex -2.155584 -2.344775 1.572395
      vertex -2.105745 -2.341415 1.582456
      vertex -2.107076 -2.337513 1.583628
    endloop
  endfacet
  facet normal -0.104999 -0.124175 0.986689
    outer loop
      vertex -2.124184 -2.332798 1.582401
      vertex -2.107076 -2.337513 1.583628
      vertex -2.107847 -2.333218 1.584087
    endloop
  endfacet
  facet normal -0.267479 -0.512675 0.815855
    outer loop
      vertex -2.252990 -2.345350 1.540099
      vertex -2.155584 -2.344775 1.572395
      vertex -2.158100 -2.338507 1.575508
    endloop
  endfacet
  facet normal -0.004049 0.981225 0.192826
    outer loop
      vertex -0.809166 -1.758473 -0.056436
      vertex -0.804657 -1.722317 -0.240327
      vertex -0.893103 -1.719449 -0.256777
    endloop
  endfacet
  facet normal -0.360313 0.914147 0.185770
    outer loop
      vertex -0.701638 -1.712282 -0.161821
      vertex -0.746330 -1.729264 -0.164943
      vertex -0.721126 -1.786780 0.166970
    endloop
  endfacet
  facet normal -0.127437 0.973800 0.188341
    outer loop
      vertex -0.809166 -1.758473 -0.056436
      vertex -0.746330 -1.729264 -0.164943
      vertex -0.804657 -1.722317 -0.240327
    endloop
  endfacet
  facet normal 0.005718 0.989876 0.141818
    outer loop
      vertex -0.804657 -1.722317 -0.240327
      vertex -0.898876 -1.657799 -0.686857
      vertex -0.893103 -1.719449 -0.256777
    endloop
  endfacet
  facet normal 0.077850 0.993973 0.077181
    outer loop
      vertex -0.897862 -1.644980 -0.852971
      vertex -1.009813 -1.635473 -0.862487
      vertex -0.898876 -1.657799 -0.686857
    endloop
  endfacet
  facet normal 0.163178 0.981757 0.097599
    outer loop
      vertex -1.009813 -1.635473 -0.862487
      vertex -1.114092 -1.617816 -0.865746
      vertex -1.008813 -1.652559 -0.692285
    endloop
  endfacet
  facet normal 0.321100 0.939798 0.116938
    outer loop
      vertex -1.114092 -1.617816 -0.865746
      vertex -1.198918 -1.589309 -0.861926
      vertex -1.112658 -1.640494 -0.687431
    endloop
  endfacet
  facet normal 0.602589 0.788630 0.122268
    outer loop
      vertex -1.198918 -1.589309 -0.861926
      vertex -1.254928 -1.548236 -0.850810
      vertex -1.199042 -1.618390 -0.673747
    endloop
  endfacet
  facet normal -0.799762 0.584114 0.138535
    outer loop
      vertex -0.737926 -2.019934 1.156248
      vertex -0.715802 -1.948749 0.983823
      vertex -0.737377 -1.964078 0.923905
    endloop
  endfacet
  facet normal -0.777590 0.616784 0.122193
    outer loop
      vertex -0.715802 -1.948749 0.983823
      vertex -0.701353 -1.847911 0.566786
      vertex -0.737377 -1.964078 0.923905
    endloop
  endfacet
  facet normal -0.711811 0.664630 0.227139
    outer loop
      vertex -0.753289 -2.098603 1.338295
      vertex -0.730039 -2.017963 1.175195
      vertex -0.737926 -2.019934 1.156248
    endloop
  endfacet
  facet normal -0.502133 0.762048 0.408834
    outer loop
      vertex -0.753289 -2.098603 1.338295
      vertex -0.772663 -2.194487 1.493222
      vertex -0.749832 -2.099121 1.343507
    endloop
  endfacet
  facet normal 0.157462 0.688158 0.708269
    outer loop
      vertex -0.770695 -2.202466 1.504340
      vertex -0.783183 -2.254193 1.557375
      vertex -0.780533 -2.261341 1.563731
    endloop
  endfacet
  facet normal -0.123519 0.795725 0.592930
    outer loop
      vertex -0.770695 -2.202466 1.504340
      vertex -0.766799 -2.183523 1.479730
      vertex -0.772663 -2.194487 1.493222
    endloop
  endfacet
  facet normal 0.101651 0.500922 0.859503
    outer loop
      vertex -0.777912 -2.266768 1.567719
      vertex -0.782375 -2.276380 1.573849
      vertex -0.774882 -2.267938 1.568043
    endloop
  endfacet
  facet normal 0.239319 0.419994 0.875404
    outer loop
      vertex -0.774882 -2.267938 1.568043
      vertex -0.782942 -2.281624 1.576812
      vertex -0.781778 -2.288098 1.579600
    endloop
  endfacet
  facet normal 0.284543 0.421862 0.860853
    outer loop
      vertex -0.782942 -2.281624 1.576812
      vertex -0.783216 -2.284295 1.578212
      vertex -0.781778 -2.288098 1.579600
    endloop
  endfacet
  facet normal -0.010356 0.588865 0.808165
    outer loop
      vertex -0.780533 -2.261341 1.563731
      vertex -0.781172 -2.266269 1.567314
      vertex -0.777912 -2.266768 1.567719
    endloop
  endfacet
  facet normal -0.772281 0.626595 0.104688
    outer loop
      vertex -0.672861 -1.822296 0.623651
      vertex -0.669176 -1.747984 0.206058
      vertex -0.701353 -1.847911 0.566786
    endloop
  endfacet
  facet normal -0.654219 0.745042 0.130034
    outer loop
      vertex -0.701638 -1.712282 -0.161821
      vertex -0.721126 -1.786780 0.166970
      vertex -0.669176 -1.747984 0.206058
    endloop
  endfacet
  facet normal 0.246387 0.417214 0.874772
    outer loop
      vertex -0.774882 -2.267938 1.568043
      vertex -0.781778 -2.288098 1.579600
      vertex -0.777629 -2.290767 1.579705
    endloop
  endfacet
  facet normal 0.490489 0.863254 0.119222
    outer loop
      vertex -2.289888 -1.530475 -0.600824
      vertex -2.278352 -1.597451 -0.163328
      vertex -2.250467 -1.613173 -0.164217
    endloop
  endfacet
  facet normal 0.698058 0.710768 0.086737
    outer loop
      vertex -2.226787 -1.590264 -0.542508
      vertex -2.250467 -1.613173 -0.164217
      vertex -2.201330 -1.661689 -0.162102
    endloop
  endfacet
  facet normal 0.560286 0.821932 0.102508
    outer loop
      vertex -2.156473 -1.652112 -0.484072
      vertex -2.194620 -1.622774 -0.510802
      vertex -2.201330 -1.661689 -0.162102
    endloop
  endfacet
  facet normal 0.379389 0.920051 0.097831
    outer loop
      vertex -2.169712 -1.612584 -0.804472
      vertex -2.156473 -1.652112 -0.484072
      vertex -2.107481 -1.674097 -0.467301
    endloop
  endfacet
  facet normal 0.154160 0.979233 0.131670
    outer loop
      vertex -2.045195 -1.670743 -0.565171
      vertex -2.107481 -1.674097 -0.467301
      vertex -2.042750 -1.684533 -0.465473
    endloop
  endfacet
  facet normal -0.005247 0.997019 0.076974
    outer loop
      vertex -1.943012 -1.657799 -0.686857
      vertex -1.944025 -1.644980 -0.852971
      vertex -2.050800 -1.650109 -0.793814
    endloop
  endfacet
  facet normal 0.036601 0.990026 0.136045
    outer loop
      vertex -2.042750 -1.684533 -0.465473
      vertex -1.943012 -1.657799 -0.686857
      vertex -2.045195 -1.670743 -0.565171
    endloop
  endfacet
  facet normal -0.320845 0.932444 0.166152
    outer loop
      vertex -1.748188 -1.597906 -1.016861
      vertex -1.727795 -1.617816 -0.865746
      vertex -1.642970 -1.589309 -0.861926
    endloop
  endfacet
  facet normal -0.163168 0.981740 0.097792
    outer loop
      vertex -1.844503 -1.625551 -0.982824
      vertex -1.832074 -1.635473 -0.862487
      vertex -1.727795 -1.617816 -0.865746
    endloop
  endfacet
  facet normal -0.083397 0.996413 0.014362
    outer loop
      vertex -1.832074 -1.635473 -0.862487
      vertex -1.949397 -1.643981 -0.953455
      vertex -1.944025 -1.644980 -0.852971
    endloop
  endfacet
  facet normal -0.603933 0.782384 0.152120
    outer loop
      vertex -1.586959 -1.548236 -0.850810
      vertex -1.642970 -1.589309 -0.861926
      vertex -1.583173 -1.583740 -0.653171
    endloop
  endfacet
  facet normal 0.090616 0.971444 0.219285
    outer loop
      vertex -1.381330 -1.568270 -0.262030
      vertex -1.420944 -1.517108 -0.472313
      vertex -1.420944 -1.562833 -0.269751
    endloop
  endfacet
  facet normal -0.645981 0.747749 0.153558
    outer loop
      vertex -1.500418 -1.462730 -0.830516
      vertex -1.547419 -1.501878 -0.837605
      vertex -1.494964 -1.501191 -0.620287
    endloop
  endfacet
  facet normal -0.231421 0.959263 0.162046
    outer loop
      vertex -1.462784 -1.488900 -0.621852
      vertex -1.472123 -1.407064 -1.119632
      vertex -1.500418 -1.462730 -0.830516
    endloop
  endfacet
  facet normal -0.069699 0.981548 0.178062
    outer loop
      vertex -1.420944 -1.484406 -0.630245
      vertex -1.420944 -1.426084 -0.951741
      vertex -1.462784 -1.488900 -0.621852
    endloop
  endfacet
  facet normal 0.064361 0.977198 0.202340
    outer loop
      vertex -1.420944 -1.517108 -0.472313
      vertex -1.379103 -1.488900 -0.621852
      vertex -1.420944 -1.484406 -0.630245
    endloop
  endfacet
  facet normal -0.772775 0.618190 0.143733
    outer loop
      vertex -1.540600 -1.541119 -0.632172
      vertex -1.547419 -1.501878 -0.837605
      vertex -1.586959 -1.548236 -0.850810
    endloop
  endfacet
  facet normal 0.672856 0.724409 0.149985
    outer loop
      vertex -1.341469 -1.462730 -0.830516
      vertex -1.346923 -1.501191 -0.620287
      vertex -1.301287 -1.541119 -0.632172
    endloop
  endfacet
  facet normal 0.645824 0.745692 0.163873
    outer loop
      vertex -1.294468 -1.501878 -0.837605
      vertex -1.341469 -1.462730 -0.830516
      vertex -1.301287 -1.541119 -0.632172
    endloop
  endfacet
  facet normal 0.772230 0.622594 0.126639
    outer loop
      vertex -1.258715 -1.583740 -0.653171
      vertex -1.254928 -1.548236 -0.850810
      vertex -1.294468 -1.501878 -0.837605
    endloop
  endfacet
  facet normal 0.340567 0.917703 0.204537
    outer loop
      vertex -1.346923 -1.501191 -0.620287
      vertex -1.379103 -1.488900 -0.621852
      vertex -1.381330 -1.568270 -0.262030
    endloop
  endfacet
  facet normal 0.135147 0.972318 0.190613
    outer loop
      vertex -2.296793 -1.617435 -0.048316
      vertex -2.278352 -1.597451 -0.163328
      vertex -2.353947 -1.529436 -0.456677
    endloop
  endfacet
  facet normal 0.062677 0.968493 0.241023
    outer loop
      vertex -2.240819 -1.697602 0.259260
      vertex -2.296793 -1.617435 -0.048316
      vertex -2.252928 -1.697495 0.261978
    endloop
  endfacet
  facet normal 0.617054 -0.721884 -0.313255
    outer loop
      vertex -0.029448 -1.875843 -0.727352
      vertex 0.027966 -1.864092 -0.641338
      vertex -0.000242 -1.946489 -0.507020
    endloop
  endfacet
  facet normal 0.603925 -0.729644 -0.320772
    outer loop
      vertex 0.027966 -1.864092 -0.641338
      vertex 0.066068 -1.931727 -0.415756
      vertex -0.000242 -1.946489 -0.507020
    endloop
  endfacet
  facet normal 0.537146 -0.798946 -0.270479
    outer loop
      vertex 0.066068 -1.931727 -0.415756
      vertex 0.082941 -1.996723 -0.190262
      vertex 0.009967 -2.014822 -0.281718
    endloop
  endfacet
  facet normal 0.225495 -0.884622 -0.408162
    outer loop
      vertex -0.270878 -1.718199 -1.372092
      vertex -0.262922 -1.794368 -1.202614
      vertex -0.336984 -1.858052 -1.105506
    endloop
  endfacet
  facet normal 0.396908 -0.848283 -0.350542
    outer loop
      vertex -0.262922 -1.794368 -1.202614
      vertex -0.133107 -1.803878 -1.032614
      vertex -0.260013 -1.867263 -1.022919
    endloop
  endfacet
  facet normal 0.626591 -0.683762 -0.373969
    outer loop
      vertex -0.130491 -1.721070 -1.179637
      vertex -0.029448 -1.875843 -0.727352
      vertex -0.133107 -1.803878 -1.032614
    endloop
  endfacet
  facet normal 0.301342 -0.876432 -0.375578
    outer loop
      vertex -0.317843 -1.713574 -1.427296
      vertex -0.336984 -1.858052 -1.105506
      vertex -0.391528 -1.813443 -1.253367
    endloop
  endfacet
  facet normal 0.704235 -0.685458 -0.184934
    outer loop
      vertex 0.081869 -2.058460 0.034488
      vertex 0.082941 -1.996723 -0.190262
      vertex 0.131731 -1.964197 -0.125021
    endloop
  endfacet
  facet normal 0.667606 -0.731777 -0.137126
    outer loop
      vertex 0.081869 -2.058460 0.034488
      vertex 0.134081 -2.022308 0.095760
      vertex 0.064071 -2.116086 0.255358
    endloop
  endfacet
  facet normal 0.634813 -0.767652 -0.087876
    outer loop
      vertex 0.064071 -2.116086 0.255358
      vertex 0.118232 -2.077952 0.313485
      vertex 0.029332 -2.169503 0.471036
    endloop
  endfacet
  facet normal 0.601506 -0.798045 -0.036255
    outer loop
      vertex 0.029332 -2.169503 0.471036
      vertex 0.083925 -2.130884 0.526706
      vertex -0.023070 -2.218508 0.680323
    endloop
  endfacet
  facet normal 0.564368 -0.825304 0.018995
    outer loop
      vertex -0.023070 -2.218508 0.680323
      vertex 0.030349 -2.180748 0.733784
      vertex -0.094299 -2.262591 0.881277
    endloop
  endfacet
  facet normal 0.521016 -0.849872 0.079114
    outer loop
      vertex -0.094299 -2.262591 0.881277
      vertex -0.043825 -2.226905 0.932222
      vertex -0.185933 -2.301042 1.071693
    endloop
  endfacet
  facet normal 0.466325 -0.871972 0.149016
    outer loop
      vertex -0.185933 -2.301042 1.071693
      vertex -0.140418 -2.268578 1.119225
      vertex -0.300331 -2.332297 1.246792
    endloop
  endfacet
  facet normal 0.367163 -0.907183 0.205454
    outer loop
      vertex -0.300331 -2.332297 1.246792
      vertex -0.333318 -2.318884 1.364969
      vertex -0.439669 -2.353954 1.400175
    endloop
  endfacet
  facet normal 0.382503 -0.881262 0.277614
    outer loop
      vertex -0.439669 -2.353954 1.400175
      vertex -0.333318 -2.318884 1.364969
      vertex -0.411601 -2.331200 1.433735
    endloop
  endfacet
  facet normal 0.461779 -0.690441 0.556822
    outer loop
      vertex -0.411601 -2.331200 1.433735
      vertex -0.402748 -2.316687 1.444388
      vertex -0.496907 -2.340372 1.493107
    endloop
  endfacet
  facet normal 0.363489 -0.677119 0.639833
    outer loop
      vertex -0.496907 -2.340372 1.493107
      vertex -0.489949 -2.328150 1.502089
      vertex -0.588897 -2.345350 1.540099
    endloop
  endfacet
  facet normal 0.242255 -0.625351 0.741788
    outer loop
      vertex -0.686303 -2.344775 1.572395
      vertex -0.588897 -2.345350 1.540099
      vertex -0.584077 -2.335758 1.546610
    endloop
  endfacet
  facet normal 0.141454 -0.485392 0.862778
    outer loop
      vertex -0.736142 -2.341415 1.582456
      vertex -0.686303 -2.344775 1.572395
      vertex -0.683788 -2.338507 1.575508
    endloop
  endfacet
  facet normal 0.042926 -0.535161 0.843658
    outer loop
      vertex -0.761133 -2.338468 1.585597
      vertex -0.740255 -2.348196 1.578364
      vertex -0.736142 -2.341415 1.582456
    endloop
  endfacet
  facet normal 0.079170 -0.150799 0.985389
    outer loop
      vertex -0.760420 -2.336163 1.585892
      vertex -0.761133 -2.338468 1.585597
      vertex -0.734811 -2.337513 1.583628
    endloop
  endfacet
  facet normal 0.017498 -0.026951 0.999484
    outer loop
      vertex -0.785944 -2.333796 1.586403
      vertex -0.760420 -2.336163 1.585892
      vertex -0.765735 -2.333708 1.586051
    endloop
  endfacet
  facet normal 0.446381 0.594854 0.668501
    outer loop
      vertex -0.737958 -2.193936 1.484030
      vertex -0.762897 -2.254144 1.554257
      vertex -0.749359 -2.265698 1.555499
    endloop
  endfacet
  facet normal 0.262315 0.558507 0.786932
    outer loop
      vertex -0.770151 -2.249492 1.553374
      vertex -0.774882 -2.267938 1.568043
      vertex -0.762897 -2.254144 1.554257
    endloop
  endfacet
  facet normal 0.244722 0.483844 0.840242
    outer loop
      vertex -0.734358 -2.276822 1.556648
      vertex -0.760594 -2.303514 1.579660
      vertex -0.751285 -2.308764 1.579971
    endloop
  endfacet
  facet normal 0.055964 0.319472 0.945942
    outer loop
      vertex -0.751285 -2.308764 1.579971
      vertex -0.756511 -2.326036 1.586114
      vertex -0.727150 -2.318157 1.581716
    endloop
  endfacet
  facet normal 0.112369 0.131079 0.984983
    outer loop
      vertex -0.756511 -2.326036 1.586114
      vertex -0.750970 -2.329212 1.585904
      vertex -0.727150 -2.318157 1.581716
    endloop
  endfacet
  facet normal 0.017489 -0.024734 0.999541
    outer loop
      vertex -0.750970 -2.329212 1.585904
      vertex -0.785944 -2.333796 1.586403
      vertex -0.765735 -2.333708 1.586051
    endloop
  endfacet
  facet normal 0.275084 0.458257 0.845180
    outer loop
      vertex -0.749359 -2.265698 1.555499
      vertex -0.760594 -2.303514 1.579660
      vertex -0.734358 -2.276822 1.556648
    endloop
  endfacet
  facet normal -0.518583 -0.608795 -0.600367
    outer loop
      vertex -0.481869 -1.628527 -1.542503
      vertex -0.459339 -1.677775 -1.512024
      vertex -0.489173 -1.691668 -1.472166
    endloop
  endfacet
  facet normal -0.676208 -0.377233 -0.632802
    outer loop
      vertex -0.451393 -1.616525 -1.582224
      vertex -0.481869 -1.628527 -1.542503
      vertex -0.478734 -1.589049 -1.569387
    endloop
  endfacet
  facet normal -0.762397 -0.158269 -0.627456
    outer loop
      vertex -0.447950 -1.578078 -1.609559
      vertex -0.478734 -1.589049 -1.569387
      vertex -0.477857 -1.567684 -1.575842
    endloop
  endfacet
  facet normal -0.880554 -0.089686 -0.465383
    outer loop
      vertex -0.477857 -1.567684 -1.575842
      vertex -0.531240 -1.616846 -1.465361
      vertex -0.497881 -1.554156 -1.540561
    endloop
  endfacet
  facet normal -0.923498 -0.032771 -0.382202
    outer loop
      vertex -0.497881 -1.554156 -1.540561
      vertex -0.576110 -1.649078 -1.343402
      vertex -0.569801 -1.598430 -1.362987
    endloop
  endfacet
  facet normal -0.948844 0.014925 -0.315393
    outer loop
      vertex -0.569801 -1.598430 -1.362987
      vertex -0.618678 -1.681699 -1.219883
      vertex -0.591933 -1.614837 -1.297181
    endloop
  endfacet
  facet normal -0.933453 0.008718 -0.358593
    outer loop
      vertex -0.591933 -1.614837 -1.297181
      vertex -0.664283 -1.710663 -1.111178
      vertex -0.663673 -1.661118 -1.111561
    endloop
  endfacet
  facet normal -0.574892 0.299249 -0.761544
    outer loop
      vertex -0.749775 -1.677891 -1.008199
      vertex -0.717852 -1.680614 -1.033367
      vertex -0.749820 -1.686094 -1.011388
    endloop
  endfacet
  facet normal -0.355898 0.007329 -0.934496
    outer loop
      vertex -0.759902 -1.687049 -1.007556
      vertex -0.749820 -1.686094 -1.011388
      vertex -0.750053 -1.738400 -1.011709
    endloop
  endfacet
  facet normal -0.818978 0.289995 -0.495154
    outer loop
      vertex -0.663673 -1.661118 -1.111561
      vertex -0.717852 -1.680614 -1.033367
      vertex -0.663247 -1.642542 -1.101386
    endloop
  endfacet
  facet normal -0.257925 0.028647 -0.965740
    outer loop
      vertex -0.767320 -1.687540 -1.005589
      vertex -0.759902 -1.687049 -1.007556
      vertex -0.750053 -1.738400 -1.011709
    endloop
  endfacet
  facet normal 0.049097 0.004505 -0.998784
    outer loop
      vertex -0.767320 -1.687540 -1.005589
      vertex -0.767444 -1.740378 -1.005833
      vertex -0.785869 -1.718812 -1.006642
    endloop
  endfacet
  facet normal 0.702151 0.072926 -0.708283
    outer loop
      vertex -0.868009 -1.677529 -1.045737
      vertex -0.850410 -1.681770 -1.028728
      vertex -0.867857 -1.712655 -1.049203
    endloop
  endfacet
  facet normal 0.567582 0.088062 -0.818594
    outer loop
      vertex -0.850410 -1.681770 -1.028728
      vertex -0.829506 -1.685290 -1.014612
      vertex -0.829290 -1.718181 -1.018000
    endloop
  endfacet
  facet normal 0.368961 0.098848 -0.924174
    outer loop
      vertex -0.829506 -1.685290 -1.014612
      vertex -0.808418 -1.687334 -1.006412
      vertex -0.808262 -1.719180 -1.009755
    endloop
  endfacet
  facet normal 0.137703 0.000833 -0.990473
    outer loop
      vertex -0.808262 -1.719180 -1.009755
      vertex -0.785869 -1.709278 -1.006634
      vertex -0.785869 -1.718812 -1.006642
    endloop
  endfacet
  facet normal -0.106573 -0.128016 -0.986029
    outer loop
      vertex -0.785941 -1.741433 -1.003697
      vertex -0.785869 -1.718812 -1.006642
      vertex -0.767444 -1.740378 -1.005833
    endloop
  endfacet
  facet normal -0.169387 -0.840704 -0.514319
    outer loop
      vertex -0.425786 -1.666291 -1.541846
      vertex -0.444614 -1.759363 -1.383509
      vertex -0.459339 -1.677775 -1.512024
    endloop
  endfacet
  facet normal 0.034016 -0.872358 -0.487682
    outer loop
      vertex -0.355494 -1.695269 -1.495195
      vertex -0.359321 -1.709536 -1.469942
      vertex -0.408561 -1.747914 -1.404727
    endloop
  endfacet
  facet normal -0.043221 -0.860855 -0.507011
    outer loop
      vertex -0.387879 -1.657680 -1.559699
      vertex -0.408561 -1.747914 -1.404727
      vertex -0.425786 -1.666291 -1.541846
    endloop
  endfacet
  facet normal 0.301000 -0.876477 -0.375748
    outer loop
      vertex -0.317843 -1.713574 -1.427296
      vertex -0.391528 -1.813443 -1.253367
      vertex -0.359321 -1.709536 -1.469942
    endloop
  endfacet
  facet normal -0.897906 0.002091 -0.440182
    outer loop
      vertex -1.907593 -1.689914 -1.158171
      vertex -1.935843 -1.663895 -1.100422
      vertex -1.908157 -1.649831 -1.156831
    endloop
  endfacet
  facet normal -0.933354 -0.006418 -0.358899
    outer loop
      vertex -1.849257 -1.656193 -1.309893
      vertex -1.908157 -1.649831 -1.156831
      vertex -1.870395 -1.625236 -1.255474
    endloop
  endfacet
  facet normal -0.920289 -0.142339 -0.364428
    outer loop
      vertex -1.729287 -1.550508 -1.670864
      vertex -1.793131 -1.592351 -1.493296
      vertex -1.753334 -1.535330 -1.616066
    endloop
  endfacet
  facet normal -0.946423 -0.117440 -0.300819
    outer loop
      vertex -1.849257 -1.656193 -1.309893
      vertex -1.870395 -1.625236 -1.255474
      vertex -1.850136 -1.634170 -1.315727
    endloop
  endfacet
  facet normal -0.948852 -0.037629 -0.313470
    outer loop
      vertex -1.793131 -1.592351 -1.493296
      vertex -1.850136 -1.634170 -1.315727
      vertex -1.870395 -1.625236 -1.255474
    endloop
  endfacet
  facet normal 0.920289 -0.142339 -0.364428
    outer loop
      vertex -1.048757 -1.592351 -1.493296
      vertex -1.112601 -1.550508 -1.670864
      vertex -1.088554 -1.535330 -1.616066
    endloop
  endfacet
  facet normal 0.877987 -0.105388 -0.466940
    outer loop
      vertex -1.112601 -1.550508 -1.670864
      vertex -1.190847 -1.514328 -1.826157
      vertex -1.110708 -1.520888 -1.673990
    endloop
  endfacet
  facet normal 0.795454 -0.035839 -0.604953
    outer loop
      vertex -1.171591 -1.488886 -1.802344
      vertex -1.190847 -1.514328 -1.826157
      vertex -1.237719 -1.500199 -1.888626
    endloop
  endfacet
  facet normal 0.628056 -0.241290 -0.739814
    outer loop
      vertex -1.290316 -1.472010 -1.942472
      vertex -1.237719 -1.500199 -1.888626
      vertex -1.291013 -1.489674 -1.937302
    endloop
  endfacet
  facet normal 0.948852 -0.037634 -0.313471
    outer loop
      vertex -0.971492 -1.625236 -1.255474
      vertex -0.991752 -1.634170 -1.315727
      vertex -1.048757 -1.592351 -1.493296
    endloop
  endfacet
  facet normal 0.907910 0.323134 -0.266990
    outer loop
      vertex -0.936333 -1.642278 -1.156539
      vertex -0.933730 -1.649831 -1.156831
      vertex -0.971492 -1.625236 -1.255474
    endloop
  endfacet
  facet normal 0.827697 0.082946 -0.555011
    outer loop
      vertex -0.868009 -1.677529 -1.045737
      vertex -0.906044 -1.663895 -1.100422
      vertex -0.868996 -1.672439 -1.046449
    endloop
  endfacet
  facet normal 0.880293 0.316935 -0.353039
    outer loop
      vertex -0.906044 -1.663895 -1.100422
      vertex -0.933730 -1.649831 -1.156831
      vertex -0.936333 -1.642278 -1.156539
    endloop
  endfacet
  facet normal -0.417925 -0.270315 -0.867334
    outer loop
      vertex -1.551572 -1.472010 -1.942472
      vertex -1.490565 -1.464918 -1.974078
      vertex -1.550875 -1.489674 -1.937302
    endloop
  endfacet
  facet normal -0.657469 -0.173737 -0.733178
    outer loop
      vertex -1.590381 -1.462036 -1.910033
      vertex -1.551572 -1.472010 -1.942472
      vertex -1.604169 -1.500199 -1.888626
    endloop
  endfacet
  facet normal -0.795163 -0.129010 -0.592513
    outer loop
      vertex -1.604169 -1.500199 -1.888626
      vertex -1.670297 -1.488886 -1.802344
      vertex -1.605861 -1.466088 -1.893782
    endloop
  endfacet
  facet normal -0.888325 -0.103975 -0.447289
    outer loop
      vertex -1.670297 -1.488886 -1.802344
      vertex -1.729287 -1.550508 -1.670864
      vertex -1.731180 -1.520888 -1.673990
    endloop
  endfacet
  facet normal -0.146928 0.040656 -0.988311
    outer loop
      vertex -1.490827 -1.446269 -1.973272
      vertex -1.420944 -1.467248 -1.984524
      vertex -1.490565 -1.464918 -1.974078
    endloop
  endfacet
  facet normal 0.422009 -0.251527 -0.871001
    outer loop
      vertex -1.351322 -1.464918 -1.974078
      vertex -1.290316 -1.472010 -1.942472
      vertex -1.351738 -1.483222 -1.968993
    endloop
  endfacet
  facet normal 0.151021 -0.106341 -0.982794
    outer loop
      vertex -1.420944 -1.467248 -1.984524
      vertex -1.384870 -1.444225 -1.981472
      vertex -1.351322 -1.464918 -1.974078
    endloop
  endfacet
  facet normal -0.633812 0.078663 -0.769477
    outer loop
      vertex -2.012598 -1.718181 -1.018000
      vertex -1.973879 -1.677529 -1.045737
      vertex -1.974031 -1.712655 -1.049203
    endloop
  endfacet
  facet normal -0.823709 0.242867 -0.512367
    outer loop
      vertex -1.907593 -1.689914 -1.158171
      vertex -1.973879 -1.677529 -1.045737
      vertex -1.935843 -1.663895 -1.100422
    endloop
  endfacet
  facet normal -0.354413 -0.153145 -0.922463
    outer loop
      vertex -2.033626 -1.719180 -1.009755
      vertex -2.012598 -1.718181 -1.018000
      vertex -2.012624 -1.748983 -1.012876
    endloop
  endfacet
  facet normal -0.197975 -0.036935 -0.979511
    outer loop
      vertex -2.055866 -1.741650 -1.004413
      vertex -2.033626 -1.719180 -1.009755
      vertex -2.012624 -1.748983 -1.012876
    endloop
  endfacet
  facet normal 0.066779 -0.129565 -0.989320
    outer loop
      vertex -2.074444 -1.740378 -1.005833
      vertex -2.055960 -1.723058 -1.006854
      vertex -2.055866 -1.741650 -1.004413
    endloop
  endfacet
  facet normal 0.567592 0.009164 -0.823259
    outer loop
      vertex -2.124036 -1.680614 -1.033367
      vertex -2.092067 -1.686094 -1.011388
      vertex -2.123629 -1.731923 -1.033658
    endloop
  endfacet
  facet normal 0.355898 0.007327 -0.934496
    outer loop
      vertex -2.092067 -1.686094 -1.011388
      vertex -2.081986 -1.687049 -1.007556
      vertex -2.091835 -1.738400 -1.011709
    endloop
  endfacet
  facet normal 0.256571 0.005070 -0.966512
    outer loop
      vertex -2.081986 -1.687049 -1.007556
      vertex -2.074567 -1.687540 -1.005589
      vertex -2.074444 -1.740378 -1.005833
    endloop
  endfacet
  facet normal -0.203391 -0.966168 0.158590
    outer loop
      vertex -2.363061 -2.369695 1.354496
      vertex -2.323022 -2.359874 1.465677
      vertex -2.402218 -2.353954 1.400175
    endloop
  endfacet
  facet normal -0.258555 -0.872939 0.413675
    outer loop
      vertex -2.323022 -2.359874 1.465677
      vertex -2.252990 -2.345350 1.540099
      vertex -2.344980 -2.340372 1.493107
    endloop
  endfacet
  facet normal -0.272892 -0.957249 0.095938
    outer loop
      vertex -2.487912 -2.350833 1.187563
      vertex -2.363061 -2.369695 1.354496
      vertex -2.402218 -2.353954 1.400175
    endloop
  endfacet
  facet normal -0.305601 -0.951925 0.021121
    outer loop
      vertex -2.591333 -2.321726 1.003015
      vertex -2.487912 -2.350833 1.187563
      vertex -2.541557 -2.332297 1.246792
    endloop
  endfacet
  facet normal -0.336407 -0.941135 -0.033087
    outer loop
      vertex -2.675160 -2.284835 0.805971
      vertex -2.591333 -2.321726 1.003015
      vertex -2.655955 -2.301042 1.071693
    endloop
  endfacet
  facet normal -0.365176 -0.927733 -0.077187
    outer loop
      vertex -2.741387 -2.241647 0.600209
      vertex -2.675160 -2.284835 0.805971
      vertex -2.747588 -2.262591 0.881277
    endloop
  endfacet
  facet normal -0.393437 -0.911893 -0.116870
    outer loop
      vertex -2.791360 -2.192808 0.387362
      vertex -2.741387 -2.241647 0.600209
      vertex -2.818817 -2.218508 0.680323
    endloop
  endfacet
  facet normal -0.325017 -0.920891 -0.215229
    outer loop
      vertex -2.750832 -2.088457 -0.159784
      vertex -2.826081 -2.138705 0.168842
      vertex -2.846189 -2.079390 -0.054580
    endloop
  endfacet
  facet normal -0.422154 -0.893330 -0.154100
    outer loop
      vertex -2.826081 -2.138705 0.168842
      vertex -2.791360 -2.192808 0.387362
      vertex -2.871220 -2.169503 0.471036
    endloop
  endfacet
  facet normal -0.357043 -0.901124 -0.245961
    outer loop
      vertex -2.761921 -2.021659 -0.388415
      vertex -2.750832 -2.088457 -0.159784
      vertex -2.846189 -2.079390 -0.054580
    endloop
  endfacet
  facet normal -0.272439 -0.918256 -0.287373
    outer loop
      vertex -2.575903 -1.940501 -0.824095
      vertex -2.560073 -2.014197 -0.603618
      vertex -2.761921 -2.021659 -0.388415
    endloop
  endfacet
  facet normal 0.510183 -0.618627 -0.597507
    outer loop
      vertex -2.390494 -1.616525 -1.582224
      vertex -2.352714 -1.691668 -1.472166
      vertex -2.382548 -1.677775 -1.512024
    endloop
  endfacet
  facet normal 0.325437 -0.699980 -0.635703
    outer loop
      vertex -2.424817 -1.607075 -1.611511
      vertex -2.382548 -1.677775 -1.512024
      vertex -2.416101 -1.666291 -1.541846
    endloop
  endfacet
  facet normal 0.155730 -0.749097 -0.643896
    outer loop
      vertex -2.424817 -1.607075 -1.611511
      vertex -2.454009 -1.657680 -1.559699
      vertex -2.463641 -1.600669 -1.628354
    endloop
  endfacet
  facet normal -0.057249 -0.844650 -0.532249
    outer loop
      vertex -2.454009 -1.657680 -1.559699
      vertex -2.488712 -1.686372 -1.510434
      vertex -2.496900 -1.652320 -1.563590
    endloop
  endfacet
  facet normal -0.449454 -0.774840 -0.444539
    outer loop
      vertex -2.556022 -1.632987 -1.535430
      vertex -2.488712 -1.686372 -1.510434
      vertex -2.524044 -1.713574 -1.427296
    endloop
  endfacet
  facet normal -0.284770 -0.886674 -0.364301
    outer loop
      vertex -2.578966 -1.794368 -1.202614
      vertex -2.504904 -1.858052 -1.105506
      vertex -2.581874 -1.867263 -1.022919
    endloop
  endfacet
  facet normal -0.317390 -0.892898 -0.319370
    outer loop
      vertex -2.581874 -1.867263 -1.022919
      vertex -2.575903 -1.940501 -0.824095
      vertex -2.759777 -1.950963 -0.612111
    endloop
  endfacet
  facet normal -0.380594 -0.836660 -0.393888
    outer loop
      vertex -2.524044 -1.713574 -1.427296
      vertex -2.578966 -1.794368 -1.202614
      vertex -2.571010 -1.718199 -1.372092
    endloop
  endfacet
  facet normal 0.842039 -0.349909 -0.410529
    outer loop
      vertex -2.263453 -1.692229 -1.319484
      vertex -2.301665 -1.724829 -1.370075
      vertex -2.307981 -1.658221 -1.439801
    endloop
  endfacet
  facet normal 0.720318 -0.467819 -0.512141
    outer loop
      vertex -2.301665 -1.724829 -1.370075
      vertex -2.352714 -1.691668 -1.472166
      vertex -2.307981 -1.658221 -1.439801
    endloop
  endfacet
  facet normal 0.923461 -0.136107 -0.358740
    outer loop
      vertex -2.221187 -1.726619 -1.197636
      vertex -2.263453 -1.692229 -1.319484
      vertex -2.223209 -1.681699 -1.219883
    endloop
  endfacet
  facet normal 0.922903 0.008385 -0.384941
    outer loop
      vertex -2.177605 -1.710663 -1.111178
      vertex -2.223209 -1.681699 -1.219883
      vertex -2.178215 -1.661118 -1.111561
    endloop
  endfacet
  facet normal 0.822625 0.005731 -0.568555
    outer loop
      vertex -2.124036 -1.680614 -1.033367
      vertex -2.177605 -1.710663 -1.111178
      vertex -2.178215 -1.661118 -1.111561
    endloop
  endfacet
  facet normal -0.204892 0.934458 0.291217
    outer loop
      vertex -2.251661 -1.781841 0.533519
      vertex -2.252928 -1.697495 0.261978
      vertex -2.314787 -1.652117 0.072848
    endloop
  endfacet
  facet normal -0.347998 0.869997 0.349288
    outer loop
      vertex -2.222273 -1.933728 0.941117
      vertex -2.251661 -1.781841 0.533519
      vertex -2.284228 -1.793250 0.529491
    endloop
  endfacet
  facet normal -0.534439 0.772068 0.343929
    outer loop
      vertex -2.284228 -1.793250 0.529491
      vertex -2.345051 -1.829539 0.516440
      vertex -2.222273 -1.933728 0.941117
    endloop
  endfacet
  facet normal -0.459787 0.820397 0.339919
    outer loop
      vertex -2.345051 -1.829539 0.516440
      vertex -2.386398 -1.936027 0.717521
      vertex -2.281436 -1.966133 0.932158
    endloop
  endfacet
  facet normal -0.471875 0.789113 0.393236
    outer loop
      vertex -2.281436 -1.966133 0.932158
      vertex -2.349080 -2.003055 0.925079
      vertex -2.241439 -2.040885 1.130160
    endloop
  endfacet
  facet normal -0.288010 0.880958 0.375451
    outer loop
      vertex -2.301762 -2.073796 1.127363
      vertex -2.349080 -2.003055 0.925079
      vertex -2.441647 -2.032950 0.924216
    endloop
  endfacet
  facet normal -0.255347 0.869935 0.421914
    outer loop
      vertex -2.239772 -2.149009 1.319961
      vertex -2.301762 -2.073796 1.127363
      vertex -2.345206 -2.135767 1.228848
    endloop
  endfacet
  facet normal -0.266618 0.832855 0.485044
    outer loop
      vertex -2.201411 -2.188766 1.409312
      vertex -2.239772 -2.149009 1.319961
      vertex -2.301980 -2.171622 1.324594
    endloop
  endfacet
  facet normal -0.272584 0.827402 0.491022
    outer loop
      vertex -2.201411 -2.188766 1.409312
      vertex -2.301980 -2.171622 1.324594
      vertex -2.251544 -2.208321 1.414433
    endloop
  endfacet
  facet normal -0.160260 0.824217 0.543123
    outer loop
      vertex -2.192995 -2.246087 1.494558
      vertex -2.376902 -2.239756 1.430686
      vertex -2.281790 -2.271915 1.507553
    endloop
  endfacet
  facet normal -0.175321 0.688019 0.704196
    outer loop
      vertex -2.281790 -2.271915 1.507553
      vertex -2.258754 -2.302212 1.542890
      vertex -2.173577 -2.302816 1.564685
    endloop
  endfacet
  facet normal -0.205601 0.536704 0.818338
    outer loop
      vertex -2.258754 -2.302212 1.542890
      vertex -2.193869 -2.313747 1.566756
      vertex -2.173577 -2.302816 1.564685
    endloop
  endfacet
  facet normal -0.192253 0.163184 0.967683
    outer loop
      vertex -2.125625 -2.324270 1.582089
      vertex -2.193869 -2.313747 1.566756
      vertex -2.206765 -2.328895 1.566749
    endloop
  endfacet
  facet normal -0.102127 0.019092 0.994588
    outer loop
      vertex -2.107847 -2.333218 1.584087
      vertex -2.125625 -2.324270 1.582089
      vertex -2.124184 -2.332798 1.582401
    endloop
  endfacet
  facet normal -0.157572 0.869962 0.467265
    outer loop
      vertex -2.251544 -2.208321 1.414433
      vertex -2.458732 -2.206599 1.341357
      vertex -2.376902 -2.239756 1.430686
    endloop
  endfacet
  facet normal -0.128519 -0.482118 0.866629
    outer loop
      vertex -2.158100 -2.338507 1.575508
      vertex -2.155584 -2.344775 1.572395
      vertex -2.107076 -2.337513 1.583628
    endloop
  endfacet
  facet normal -0.145488 -0.280995 0.948618
    outer loop
      vertex -2.158100 -2.338507 1.575508
      vertex -2.107076 -2.337513 1.583628
      vertex -2.124184 -2.332798 1.582401
    endloop
  endfacet
  facet normal -0.233393 -0.623739 0.745974
    outer loop
      vertex -2.257811 -2.335758 1.546610
      vertex -2.252990 -2.345350 1.540099
      vertex -2.158100 -2.338507 1.575508
    endloop
  endfacet
  facet normal -0.360326 0.920083 0.153664
    outer loop
      vertex -0.734407 -1.674097 -0.467301
      vertex -0.746330 -1.729264 -0.164943
      vertex -0.701638 -1.712282 -0.161821
    endloop
  endfacet
  facet normal -0.089177 0.983146 0.159600
    outer loop
      vertex -0.746330 -1.729264 -0.164943
      vertex -0.798183 -1.678861 -0.504401
      vertex -0.804657 -1.722317 -0.240327
    endloop
  endfacet
  facet normal -0.083828 0.983583 0.159803
    outer loop
      vertex -0.804657 -1.722317 -0.240327
      vertex -0.798183 -1.678861 -0.504401
      vertex -0.898876 -1.657799 -0.686857
    endloop
  endfacet
  facet normal -0.005365 0.997024 0.076909
    outer loop
      vertex -0.792254 -1.652647 -0.746208
      vertex -0.897862 -1.644980 -0.852971
      vertex -0.898876 -1.657799 -0.686857
    endloop
  endfacet
  facet normal 0.076696 0.993003 0.089789
    outer loop
      vertex -0.897862 -1.644980 -0.852971
      vertex -0.997384 -1.625551 -0.982824
      vertex -1.009813 -1.635473 -0.862487
    endloop
  endfacet
  facet normal 0.160482 0.975545 0.150190
    outer loop
      vertex -1.093700 -1.597906 -1.016861
      vertex -1.114092 -1.617816 -0.865746
      vertex -1.009813 -1.635473 -0.862487
    endloop
  endfacet
  facet normal 0.320446 0.928146 0.189366
    outer loop
      vertex -1.172837 -1.559974 -1.049841
      vertex -1.198918 -1.589309 -0.861926
      vertex -1.114092 -1.617816 -0.865746
    endloop
  endfacet
  facet normal 0.604891 0.771723 0.196341
    outer loop
      vertex -1.228342 -1.511632 -1.076590
      vertex -1.254928 -1.548236 -0.850810
      vertex -1.198918 -1.589309 -0.861926
    endloop
  endfacet
  facet normal -0.673596 0.709652 0.206550
    outer loop
      vertex -0.715802 -1.948749 0.983823
      vertex -0.737926 -2.019934 1.156248
      vertex -0.730039 -2.017963 1.175195
    endloop
  endfacet
  facet normal -0.785176 0.607593 0.119708
    outer loop
      vertex -0.715802 -1.948749 0.983823
      vertex -0.672861 -1.822296 0.623651
      vertex -0.701353 -1.847911 0.566786
    endloop
  endfacet
  facet normal -0.411254 0.839037 0.356213
    outer loop
      vertex -0.730039 -2.017963 1.175195
      vertex -0.753289 -2.098603 1.338295
      vertex -0.749832 -2.099121 1.343507
    endloop
  endfacet
  facet normal -0.604278 0.710571 0.360468
    outer loop
      vertex -0.749832 -2.099121 1.343507
      vertex -0.772663 -2.194487 1.493222
      vertex -0.751975 -2.121299 1.383634
    endloop
  endfacet
  facet normal 0.293721 0.654086 0.697064
    outer loop
      vertex -0.770695 -2.202466 1.504340
      vertex -0.780533 -2.261341 1.563731
      vertex -0.777912 -2.266768 1.567719
    endloop
  endfacet
  facet normal 0.183984 0.764615 0.617668
    outer loop
      vertex -0.737958 -2.193936 1.484030
      vertex -0.766799 -2.183523 1.479730
      vertex -0.770695 -2.202466 1.504340
    endloop
  endfacet
  facet normal -0.457471 0.776950 0.432514
    outer loop
      vertex -0.751975 -2.121299 1.383634
      vertex -0.772663 -2.194487 1.493222
      vertex -0.766799 -2.183523 1.479730
    endloop
  endfacet
  facet normal 0.144375 0.592944 0.792195
    outer loop
      vertex -0.770151 -2.249492 1.553374
      vertex -0.777912 -2.266768 1.567719
      vertex -0.774882 -2.267938 1.568043
    endloop
  endfacet
  facet normal -0.747024 0.655621 0.110076
    outer loop
      vertex -0.672861 -1.822296 0.623651
      vertex -0.631525 -1.711142 0.242132
      vertex -0.669176 -1.747984 0.206058
    endloop
  endfacet
  facet normal -0.632142 0.763884 0.129914
    outer loop
      vertex -0.640558 -1.661689 -0.162102
      vertex -0.701638 -1.712282 -0.161821
      vertex -0.669176 -1.747984 0.206058
    endloop
  endfacet
  facet normal 0.423299 0.897160 0.126185
    outer loop
      vertex -2.289888 -1.530475 -0.600824
      vertex -2.328359 -1.509992 -0.617398
      vertex -2.278352 -1.597451 -0.163328
    endloop
  endfacet
  facet normal 0.600460 0.793854 0.096148
    outer loop
      vertex -2.257283 -1.558362 -0.574188
      vertex -2.289888 -1.530475 -0.600824
      vertex -2.250467 -1.613173 -0.164217
    endloop
  endfacet
  facet normal 0.675762 0.732011 0.086628
    outer loop
      vertex -2.226787 -1.590264 -0.542508
      vertex -2.257283 -1.558362 -0.574188
      vertex -2.250467 -1.613173 -0.164217
    endloop
  endfacet
  facet normal 0.659215 0.745812 0.095916
    outer loop
      vertex -2.194620 -1.622774 -0.510802
      vertex -2.226787 -1.590264 -0.542508
      vertex -2.201330 -1.661689 -0.162102
    endloop
  endfacet
  facet normal 0.576148 0.814220 0.071408
    outer loop
      vertex -2.212056 -1.579088 -0.868251
      vertex -2.194620 -1.622774 -0.510802
      vertex -2.156473 -1.652112 -0.484072
    endloop
  endfacet
  facet normal 0.372529 0.922663 0.099574
    outer loop
      vertex -2.117314 -1.638497 -0.760391
      vertex -2.169712 -1.612584 -0.804472
      vertex -2.107481 -1.674097 -0.467301
    endloop
  endfacet
  facet normal 0.540470 0.837457 0.080986
    outer loop
      vertex -2.212056 -1.579088 -0.868251
      vertex -2.156473 -1.652112 -0.484072
      vertex -2.169712 -1.612584 -0.804472
    endloop
  endfacet
  facet normal 0.107666 0.988898 0.102411
    outer loop
      vertex -2.085711 -1.647302 -0.748924
      vertex -2.107481 -1.674097 -0.467301
      vertex -2.045195 -1.670743 -0.565171
    endloop
  endfacet
  facet normal -0.058488 0.998107 -0.019029
    outer loop
      vertex -2.002367 -1.650102 -0.942318
      vertex -2.050800 -1.650109 -0.793814
      vertex -1.944025 -1.644980 -0.852971
    endloop
  endfacet
  facet normal 0.018937 0.998431 0.052703
    outer loop
      vertex -1.943012 -1.657799 -0.686857
      vertex -2.050800 -1.650109 -0.793814
      vertex -2.049633 -1.652644 -0.746207
    endloop
  endfacet
  facet normal -0.007365 0.994995 0.099655
    outer loop
      vertex -2.045195 -1.670743 -0.565171
      vertex -1.943012 -1.657799 -0.686857
      vertex -2.049633 -1.652644 -0.746207
    endloop
  endfacet
  facet normal -0.357838 0.913766 0.192311
    outer loop
      vertex -1.669050 -1.559974 -1.049841
      vertex -1.748188 -1.597906 -1.016861
      vertex -1.642970 -1.589309 -0.861926
    endloop
  endfacet
  facet normal -0.220943 0.962624 0.156647
    outer loop
      vertex -1.748188 -1.597906 -1.016861
      vertex -1.844503 -1.625551 -0.982824
      vertex -1.727795 -1.617816 -0.865746
    endloop
  endfacet
  facet normal -0.146038 0.984585 0.096257
    outer loop
      vertex -1.844503 -1.625551 -0.982824
      vertex -1.949397 -1.643981 -0.953455
      vertex -1.832074 -1.635473 -0.862487
    endloop
  endfacet
  facet normal -0.111489 0.993640 0.015836
    outer loop
      vertex -1.949397 -1.643981 -0.953455
      vertex -2.002367 -1.650102 -0.942318
      vertex -1.944025 -1.644980 -0.852971
    endloop
  endfacet
  facet normal -0.604930 0.769674 0.204111
    outer loop
      vertex -1.669050 -1.559974 -1.049841
      vertex -1.642970 -1.589309 -0.861926
      vertex -1.586959 -1.548236 -0.850810
    endloop
  endfacet
  facet normal 0.113278 0.970092 0.214686
    outer loop
      vertex -1.381330 -1.568270 -0.262030
      vertex -1.379103 -1.488900 -0.621852
      vertex -1.420944 -1.517108 -0.472313
    endloop
  endfacet
  facet normal -0.645799 0.745428 0.165166
    outer loop
      vertex -1.543248 -1.438957 -1.105275
      vertex -1.547419 -1.501878 -0.837605
      vertex -1.500418 -1.462730 -0.830516
    endloop
  endfacet
  facet normal -0.173537 0.971256 0.162932
    outer loop
      vertex -1.472123 -1.407064 -1.119632
      vertex -1.462784 -1.488900 -0.621852
      vertex -1.420944 -1.426084 -0.951741
    endloop
  endfacet
  facet normal -0.293666 0.943595 0.152937
    outer loop
      vertex -1.472123 -1.407064 -1.119632
      vertex -1.511913 -1.420552 -1.112815
      vertex -1.500418 -1.462730 -0.830516
    endloop
  endfacet
  facet normal 0.069699 0.981548 0.178062
    outer loop
      vertex -1.379103 -1.488900 -0.621852
      vertex -1.420944 -1.426084 -0.951741
      vertex -1.420944 -1.484406 -0.630245
    endloop
  endfacet
  facet normal -0.773149 0.609633 0.174894
    outer loop
      vertex -1.586959 -1.548236 -0.850810
      vertex -1.547419 -1.501878 -0.837605
      vertex -1.591283 -1.485849 -1.087383
    endloop
  endfacet
  facet normal 0.343583 0.922172 0.177624
    outer loop
      vertex -1.341469 -1.462730 -0.830516
      vertex -1.379103 -1.488900 -0.621852
      vertex -1.346923 -1.501191 -0.620287
    endloop
  endfacet
  facet normal 0.645799 0.745428 0.165166
    outer loop
      vertex -1.298639 -1.438957 -1.105275
      vertex -1.341469 -1.462730 -0.830516
      vertex -1.294468 -1.501878 -0.837605
    endloop
  endfacet
  facet normal 0.773149 0.609633 0.174895
    outer loop
      vertex -1.294468 -1.501878 -0.837605
      vertex -1.254928 -1.548236 -0.850810
      vertex -1.250605 -1.485849 -1.087383
    endloop
  endfacet
  facet normal 0.253886 0.954587 0.155904
    outer loop
      vertex -2.278352 -1.597451 -0.163328
      vertex -2.328359 -1.509992 -0.617398
      vertex -2.353947 -1.529436 -0.456677
    endloop
  endfacet
  facet normal -0.148725 0.962197 0.228163
    outer loop
      vertex -2.296793 -1.617435 -0.048316
      vertex -2.353947 -1.529436 -0.456677
      vertex -2.384617 -1.536047 -0.448787
    endloop
  endfacet
  facet normal -0.093562 0.960763 0.261115
    outer loop
      vertex -2.252928 -1.697495 0.261978
      vertex -2.296793 -1.617435 -0.048316
      vertex -2.314787 -1.652117 0.072848
    endloop
  endfacet
  facet normal 0.684500 -0.627445 -0.371177
    outer loop
      vertex 0.027966 -1.864092 -0.641338
      vertex -0.029448 -1.875843 -0.727352
      vertex -0.095010 -1.713494 -1.122695
    endloop
  endfacet
  facet normal 0.810041 -0.509823 -0.289679
    outer loop
      vertex 0.066068 -1.931727 -0.415756
      vertex 0.027966 -1.864092 -0.641338
      vertex 0.065996 -1.840905 -0.575802
    endloop
  endfacet
  facet normal 0.750026 -0.618484 -0.234391
    outer loop
      vertex 0.082941 -1.996723 -0.190262
      vertex 0.066068 -1.931727 -0.415756
      vertex 0.110189 -1.903811 -0.348236
    endloop
  endfacet
  facet normal 0.462854 -0.800204 -0.381365
    outer loop
      vertex -0.270878 -1.718199 -1.372092
      vertex -0.173858 -1.723406 -1.243415
      vertex -0.262922 -1.794368 -1.202614
    endloop
  endfacet
  facet normal 0.346379 -0.863321 -0.367013
    outer loop
      vertex -0.317843 -1.713574 -1.427296
      vertex -0.270878 -1.718199 -1.372092
      vertex -0.336984 -1.858052 -1.105506
    endloop
  endfacet
  facet normal 0.456132 -0.798444 -0.392977
    outer loop
      vertex -0.262922 -1.794368 -1.202614
      vertex -0.173858 -1.723406 -1.243415
      vertex -0.133107 -1.803878 -1.032614
    endloop
  endfacet
  facet normal 0.712709 -0.599415 -0.364345
    outer loop
      vertex -0.029448 -1.875843 -0.727352
      vertex -0.130491 -1.721070 -1.179637
      vertex -0.095010 -1.713494 -1.122695
    endloop
  endfacet
  facet normal 0.602016 -0.700253 -0.383695
    outer loop
      vertex -0.173858 -1.723406 -1.243415
      vertex -0.130491 -1.721070 -1.179637
      vertex -0.133107 -1.803878 -1.032614
    endloop
  endfacet
  facet normal 0.740577 -0.627209 -0.241152
    outer loop
      vertex 0.131731 -1.964197 -0.125021
      vertex 0.082941 -1.996723 -0.190262
      vertex 0.110189 -1.903811 -0.348236
    endloop
  endfacet
  facet normal 0.699164 -0.689546 -0.188935
    outer loop
      vertex 0.134081 -2.022308 0.095760
      vertex 0.081869 -2.058460 0.034488
      vertex 0.131731 -1.964197 -0.125021
    endloop
  endfacet
  facet normal 0.665499 -0.733347 -0.138973
    outer loop
      vertex 0.134081 -2.022308 0.095760
      vertex 0.118232 -2.077952 0.313485
      vertex 0.064071 -2.116086 0.255358
    endloop
  endfacet
  facet normal 0.633947 -0.768270 -0.088723
    outer loop
      vertex 0.118232 -2.077952 0.313485
      vertex 0.083925 -2.130884 0.526706
      vertex 0.029332 -2.169503 0.471036
    endloop
  endfacet
  facet normal 0.601077 -0.798347 -0.036726
    outer loop
      vertex 0.083925 -2.130884 0.526706
      vertex 0.030349 -2.180748 0.733784
      vertex -0.023070 -2.218508 0.680323
    endloop
  endfacet
  facet normal 0.564353 -0.825315 0.018976
    outer loop
      vertex -0.094299 -2.262591 0.881277
      vertex 0.030349 -2.180748 0.733784
      vertex -0.043825 -2.226905 0.932222
    endloop
  endfacet
  facet normal 0.521862 -0.849241 0.080311
    outer loop
      vertex -0.185933 -2.301042 1.071693
      vertex -0.043825 -2.226905 0.932222
      vertex -0.140418 -2.268578 1.119225
    endloop
  endfacet
  facet normal 0.469998 -0.868926 0.155142
    outer loop
      vertex -0.300331 -2.332297 1.246792
      vertex -0.140418 -2.268578 1.119225
      vertex -0.262166 -2.304123 1.288973
    endloop
  endfacet
  facet normal 0.414099 -0.884244 0.215952
    outer loop
      vertex -0.300331 -2.332297 1.246792
      vertex -0.262166 -2.304123 1.288973
      vertex -0.333318 -2.318884 1.364969
    endloop
  endfacet
  facet normal 0.537391 -0.687323 0.488669
    outer loop
      vertex -0.333318 -2.318884 1.364969
      vertex -0.322833 -2.302329 1.376724
      vertex -0.411601 -2.331200 1.433735
    endloop
  endfacet
  facet normal 0.537526 -0.686924 0.489081
    outer loop
      vertex -0.411601 -2.331200 1.433735
      vertex -0.322833 -2.302329 1.376724
      vertex -0.402748 -2.316687 1.444388
    endloop
  endfacet
  facet normal 0.464372 -0.680707 0.566566
    outer loop
      vertex -0.402748 -2.316687 1.444388
      vertex -0.489949 -2.328150 1.502089
      vertex -0.496907 -2.340372 1.493107
    endloop
  endfacet
  facet normal 0.369652 -0.641880 0.671824
    outer loop
      vertex -0.584077 -2.335758 1.546610
      vertex -0.588897 -2.345350 1.540099
      vertex -0.489949 -2.328150 1.502089
    endloop
  endfacet
  facet normal 0.252401 -0.509862 0.822396
    outer loop
      vertex -0.683788 -2.338507 1.575508
      vertex -0.686303 -2.344775 1.572395
      vertex -0.584077 -2.335758 1.546610
    endloop
  endfacet
  facet normal 0.142163 -0.328928 0.933593
    outer loop
      vertex -0.734811 -2.337513 1.583628
      vertex -0.736142 -2.341415 1.582456
      vertex -0.683788 -2.338507 1.575508
    endloop
  endfacet
  facet normal 0.082118 -0.312300 0.946428
    outer loop
      vertex -0.761133 -2.338468 1.585597
      vertex -0.736142 -2.341415 1.582456
      vertex -0.734811 -2.337513 1.583628
    endloop
  endfacet
  facet normal 0.080989 -0.122579 0.989149
    outer loop
      vertex -0.760420 -2.336163 1.585892
      vertex -0.734811 -2.337513 1.583628
      vertex -0.734040 -2.333221 1.584097
    endloop
  endfacet
  facet normal 0.060401 0.066162 0.995979
    outer loop
      vertex -0.734040 -2.333221 1.584097
      vertex -0.765735 -2.333708 1.586051
      vertex -0.760420 -2.336163 1.585892
    endloop
  endfacet
  facet normal 0.241113 0.692825 0.679601
    outer loop
      vertex -0.762897 -2.254144 1.554257
      vertex -0.737958 -2.193936 1.484030
      vertex -0.770695 -2.202466 1.504340
    endloop
  endfacet
  facet normal 0.367017 0.626493 0.687608
    outer loop
      vertex -0.737958 -2.193936 1.484030
      vertex -0.749359 -2.265698 1.555499
      vertex -0.712646 -2.212352 1.487298
    endloop
  endfacet
  facet normal 0.355325 0.676594 0.644954
    outer loop
      vertex -0.762897 -2.254144 1.554257
      vertex -0.770695 -2.202466 1.504340
      vertex -0.770151 -2.249492 1.553374
    endloop
  endfacet
  facet normal 0.171565 0.520048 0.836729
    outer loop
      vertex -0.734358 -2.276822 1.556648
      vertex -0.751285 -2.308764 1.579971
      vertex -0.715297 -2.286278 1.558617
    endloop
  endfacet
  facet normal 0.151395 0.542455 0.826330
    outer loop
      vertex -0.751285 -2.308764 1.579971
      vertex -0.727150 -2.318157 1.581716
      vertex -0.715297 -2.286278 1.558617
    endloop
  endfacet
  facet normal 0.078854 0.200111 0.976595
    outer loop
      vertex -0.750970 -2.329212 1.585904
      vertex -0.716263 -2.324270 1.582089
      vertex -0.727150 -2.318157 1.581716
    endloop
  endfacet
  facet normal 0.063283 -0.175686 0.982410
    outer loop
      vertex -0.765735 -2.333708 1.586051
      vertex -0.734040 -2.333221 1.584097
      vertex -0.750970 -2.329212 1.585904
    endloop
  endfacet
  facet normal 0.397232 0.606804 0.688473
    outer loop
      vertex -0.712646 -2.212352 1.487298
      vertex -0.749359 -2.265698 1.555499
      vertex -0.734358 -2.276822 1.556648
    endloop
  endfacet
  facet normal -0.530337 -0.608164 -0.590659
    outer loop
      vertex -0.451393 -1.616525 -1.582224
      vertex -0.459339 -1.677775 -1.512024
      vertex -0.481869 -1.628527 -1.542503
    endloop
  endfacet
  facet normal -0.679361 -0.383819 -0.625421
    outer loop
      vertex -0.451393 -1.616525 -1.582224
      vertex -0.478734 -1.589049 -1.569387
      vertex -0.447950 -1.578078 -1.609559
    endloop
  endfacet
  facet normal -0.762535 -0.163917 -0.625837
    outer loop
      vertex -0.447950 -1.578078 -1.609559
      vertex -0.477857 -1.567684 -1.575842
      vertex -0.446962 -1.557179 -1.616236
    endloop
  endfacet
  facet normal -0.866166 0.020190 -0.499348
    outer loop
      vertex -0.477857 -1.567684 -1.575842
      vertex -0.497881 -1.554156 -1.540561
      vertex -0.477728 -1.545527 -1.575170
    endloop
  endfacet
  facet normal -0.930512 0.108511 -0.349817
    outer loop
      vertex -0.497881 -1.554156 -1.540561
      vertex -0.569801 -1.598430 -1.362987
      vertex -0.530059 -1.546826 -1.452694
    endloop
  endfacet
  facet normal -0.943316 0.194866 -0.268669
    outer loop
      vertex -0.569801 -1.598430 -1.362987
      vertex -0.591933 -1.614837 -1.297181
      vertex -0.574838 -1.579697 -1.331714
    endloop
  endfacet
  facet normal -0.906864 0.323765 -0.269767
    outer loop
      vertex -0.591933 -1.614837 -1.297181
      vertex -0.663673 -1.661118 -1.111561
      vertex -0.617437 -1.612973 -1.209208
    endloop
  endfacet
  facet normal -0.362137 0.339508 -0.868096
    outer loop
      vertex -0.749775 -1.677891 -1.008199
      vertex -0.749820 -1.686094 -1.011388
      vertex -0.759902 -1.687049 -1.007556
    endloop
  endfacet
  facet normal -0.467574 0.591355 -0.657019
    outer loop
      vertex -0.749775 -1.677891 -1.008199
      vertex -0.733256 -1.675239 -1.017567
      vertex -0.717852 -1.680614 -1.033367
    endloop
  endfacet
  facet normal -0.819029 0.281192 -0.500123
    outer loop
      vertex -0.663247 -1.642542 -1.101386
      vertex -0.717852 -1.680614 -1.033367
      vertex -0.717684 -1.664274 -1.024456
    endloop
  endfacet
  facet normal -0.919861 0.204446 -0.334751
    outer loop
      vertex -0.617437 -1.612973 -1.209208
      vertex -0.663673 -1.661118 -1.111561
      vertex -0.663247 -1.642542 -1.101386
    endloop
  endfacet
  facet normal -0.260913 0.368759 -0.892155
    outer loop
      vertex -0.767320 -1.687540 -1.005589
      vertex -0.767337 -1.679663 -1.002329
      vertex -0.759902 -1.687049 -1.007556
    endloop
  endfacet
  facet normal 0.055262 0.000838 -0.998472
    outer loop
      vertex -0.767320 -1.687540 -1.005589
      vertex -0.785869 -1.718812 -1.006642
      vertex -0.785869 -1.709278 -1.006634
    endloop
  endfacet
  facet normal 0.691877 -0.023278 -0.721640
    outer loop
      vertex -0.868009 -1.677529 -1.045737
      vertex -0.849987 -1.677581 -1.028457
      vertex -0.850410 -1.681770 -1.028728
    endloop
  endfacet
  facet normal 0.556647 -0.024229 -0.830396
    outer loop
      vertex -0.850410 -1.681770 -1.028728
      vertex -0.829885 -1.681596 -1.014974
      vertex -0.829506 -1.685290 -1.014612
    endloop
  endfacet
  facet normal 0.357270 -0.054705 -0.932398
    outer loop
      vertex -0.829885 -1.681596 -1.014974
      vertex -0.808418 -1.687334 -1.006412
      vertex -0.829506 -1.685290 -1.014612
    endloop
  endfacet
  facet normal 0.190546 0.103437 -0.976214
    outer loop
      vertex -0.808418 -1.687334 -1.006412
      vertex -0.797362 -1.687859 -1.004309
      vertex -0.808262 -1.719180 -1.009755
    endloop
  endfacet
  facet normal 0.072882 0.146185 -0.986569
    outer loop
      vertex -0.808262 -1.719180 -1.009755
      vertex -0.797362 -1.687859 -1.004309
      vertex -0.785869 -1.709278 -1.006634
    endloop
  endfacet
  facet normal -0.333077 -0.691481 -0.641026
    outer loop
      vertex -0.451393 -1.616525 -1.582224
      vertex -0.425786 -1.666291 -1.541846
      vertex -0.459339 -1.677775 -1.512024
    endloop
  endfacet
  facet normal -0.000666 -0.864143 -0.503246
    outer loop
      vertex -0.387879 -1.657680 -1.559699
      vertex -0.355494 -1.695269 -1.495195
      vertex -0.408561 -1.747914 -1.404727
    endloop
  endfacet
  facet normal 0.490783 -0.788345 -0.371005
    outer loop
      vertex -0.355494 -1.695269 -1.495195
      vertex -0.285865 -1.632987 -1.535430
      vertex -0.359321 -1.709536 -1.469942
    endloop
  endfacet
  facet normal -0.132228 -0.753379 -0.644155
    outer loop
      vertex -0.378246 -1.600669 -1.628354
      vertex -0.387879 -1.657680 -1.559699
      vertex -0.425786 -1.666291 -1.541846
    endloop
  endfacet
  facet normal 0.403567 -0.786787 -0.467012
    outer loop
      vertex -0.285865 -1.632987 -1.535430
      vertex -0.317843 -1.713574 -1.427296
      vertex -0.359321 -1.709536 -1.469942
    endloop
  endfacet
  facet normal -0.880293 0.316935 -0.353039
    outer loop
      vertex -1.908157 -1.649831 -1.156831
      vertex -1.935843 -1.663895 -1.100422
      vertex -1.905555 -1.642278 -1.156539
    endloop
  endfacet
  facet normal -0.907910 0.323134 -0.266991
    outer loop
      vertex -1.908157 -1.649831 -1.156831
      vertex -1.905555 -1.642278 -1.156539
      vertex -1.870395 -1.625236 -1.255474
    endloop
  endfacet
  facet normal -0.921008 -0.098631 -0.376850
    outer loop
      vertex -1.729287 -1.550508 -1.670864
      vertex -1.753334 -1.535330 -1.616066
      vertex -1.731180 -1.520888 -1.673990
    endloop
  endfacet
  facet normal -0.950978 -0.002120 -0.309251
    outer loop
      vertex -1.753334 -1.535330 -1.616066
      vertex -1.793131 -1.592351 -1.493296
      vertex -1.870395 -1.625236 -1.255474
    endloop
  endfacet
  facet normal 0.921008 -0.098631 -0.376850
    outer loop
      vertex -1.088554 -1.535330 -1.616066
      vertex -1.112601 -1.550508 -1.670864
      vertex -1.110708 -1.520888 -1.673990
    endloop
  endfacet
  facet normal 0.950978 -0.002121 -0.309251
    outer loop
      vertex -0.971492 -1.625236 -1.255474
      vertex -1.048757 -1.592351 -1.493296
      vertex -1.088554 -1.535330 -1.616066
    endloop
  endfacet
  facet normal 0.859589 -0.218086 -0.462109
    outer loop
      vertex -1.110708 -1.520888 -1.673990
      vertex -1.190847 -1.514328 -1.826157
      vertex -1.171591 -1.488886 -1.802344
    endloop
  endfacet
  facet normal 0.795163 -0.129010 -0.592513
    outer loop
      vertex -1.171591 -1.488886 -1.802344
      vertex -1.237719 -1.500199 -1.888626
      vertex -1.236027 -1.466088 -1.893782
    endloop
  endfacet
  facet normal 0.657469 -0.173737 -0.733178
    outer loop
      vertex -1.290316 -1.472010 -1.942472
      vertex -1.251506 -1.462036 -1.910033
      vertex -1.237719 -1.500199 -1.888626
    endloop
  endfacet
  facet normal 0.842160 0.494932 -0.214031
    outer loop
      vertex -0.938906 -1.636540 -1.153397
      vertex -0.936333 -1.642278 -1.156539
      vertex -0.971492 -1.625236 -1.255474
    endloop
  endfacet
  facet normal 0.807071 0.304725 -0.505747
    outer loop
      vertex -0.868996 -1.672439 -1.046449
      vertex -0.906044 -1.663895 -1.100422
      vertex -0.904182 -1.659107 -1.094566
    endloop
  endfacet
  facet normal 0.691765 0.033333 -0.721353
    outer loop
      vertex -0.868996 -1.672439 -1.046449
      vertex -0.849987 -1.677581 -1.028457
      vertex -0.868009 -1.677529 -1.045737
    endloop
  endfacet
  facet normal 0.893111 0.164677 -0.418609
    outer loop
      vertex -0.904182 -1.659107 -1.094566
      vertex -0.906044 -1.663895 -1.100422
      vertex -0.936333 -1.642278 -1.156539
    endloop
  endfacet
  facet normal -0.460145 0.001467 -0.887843
    outer loop
      vertex -1.552142 -1.454030 -1.942146
      vertex -1.490565 -1.464918 -1.974078
      vertex -1.551572 -1.472010 -1.942472
    endloop
  endfacet
  facet normal -0.699129 -0.140649 -0.701025
    outer loop
      vertex -1.605861 -1.466088 -1.893782
      vertex -1.590381 -1.462036 -1.910033
      vertex -1.604169 -1.500199 -1.888626
    endloop
  endfacet
  facet normal -0.642289 -0.006502 -0.766435
    outer loop
      vertex -1.590381 -1.462036 -1.910033
      vertex -1.552142 -1.454030 -1.942146
      vertex -1.551572 -1.472010 -1.942472
    endloop
  endfacet
  facet normal -0.785464 0.428367 -0.446709
    outer loop
      vertex -1.605861 -1.466088 -1.893782
      vertex -1.670297 -1.488886 -1.802344
      vertex -1.603435 -1.446123 -1.878902
    endloop
  endfacet
  facet normal -0.805743 0.537792 -0.248107
    outer loop
      vertex -1.731180 -1.520888 -1.673990
      vertex -1.646403 -1.450082 -1.795831
      vertex -1.670297 -1.488886 -1.802344
    endloop
  endfacet
  facet normal -0.217879 -0.215182 -0.951959
    outer loop
      vertex -1.490827 -1.446269 -1.973272
      vertex -1.457017 -1.444225 -1.981472
      vertex -1.420944 -1.467248 -1.984524
    endloop
  endfacet
  facet normal -0.359977 0.035243 -0.932295
    outer loop
      vertex -1.510202 -1.448117 -1.965861
      vertex -1.490827 -1.446269 -1.973272
      vertex -1.490565 -1.464918 -1.974078
    endloop
  endfacet
  facet normal 0.449732 -0.091074 -0.888508
    outer loop
      vertex -1.351322 -1.464918 -1.974078
      vertex -1.331686 -1.448117 -1.965861
      vertex -1.290316 -1.472010 -1.942472
    endloop
  endfacet
  facet normal 0.237737 0.038614 -0.970562
    outer loop
      vertex -1.384870 -1.444225 -1.981472
      vertex -1.351060 -1.446269 -1.973272
      vertex -1.351322 -1.464918 -1.974078
    endloop
  endfacet
  facet normal 0.077943 0.010028 -0.996907
    outer loop
      vertex -1.420944 -1.443523 -1.984285
      vertex -1.384870 -1.444225 -1.981472
      vertex -1.420944 -1.467248 -1.984524
    endloop
  endfacet
  facet normal -0.705186 0.209492 -0.677367
    outer loop
      vertex -1.973879 -1.677529 -1.045737
      vertex -2.012598 -1.718181 -1.018000
      vertex -1.991477 -1.681770 -1.028728
    endloop
  endfacet
  facet normal -0.818116 0.289551 -0.496837
    outer loop
      vertex -1.935843 -1.663895 -1.100422
      vertex -1.973879 -1.677529 -1.045737
      vertex -1.937705 -1.659107 -1.094566
    endloop
  endfacet
  facet normal -0.367286 0.093422 -0.925405
    outer loop
      vertex -2.034806 -1.687417 -1.006080
      vertex -2.012598 -1.718181 -1.018000
      vertex -2.033626 -1.719180 -1.009755
    endloop
  endfacet
  facet normal -0.105505 -0.129980 -0.985887
    outer loop
      vertex -2.055866 -1.741650 -1.004413
      vertex -2.055960 -1.723058 -1.006854
      vertex -2.033626 -1.719180 -1.009755
    endloop
  endfacet
  facet normal -0.140376 0.091713 -0.985841
    outer loop
      vertex -2.055944 -1.688036 -1.003598
      vertex -2.055960 -1.723058 -1.006854
      vertex -2.074444 -1.740378 -1.005833
    endloop
  endfacet
  facet normal 0.574889 0.299250 -0.761546
    outer loop
      vertex -2.124036 -1.680614 -1.033367
      vertex -2.092113 -1.677891 -1.008199
      vertex -2.092067 -1.686094 -1.011388
    endloop
  endfacet
  facet normal 0.362137 0.339508 -0.868096
    outer loop
      vertex -2.092113 -1.677891 -1.008199
      vertex -2.081986 -1.687049 -1.007556
      vertex -2.092067 -1.686094 -1.011388
    endloop
  endfacet
  facet normal 0.260913 0.368759 -0.892155
    outer loop
      vertex -2.081986 -1.687049 -1.007556
      vertex -2.074551 -1.679663 -1.002329
      vertex -2.074567 -1.687540 -1.005589
    endloop
  endfacet
  facet normal 0.106417 0.004847 -0.994310
    outer loop
      vertex -2.074567 -1.687540 -1.005589
      vertex -2.055944 -1.688036 -1.003598
      vertex -2.074444 -1.740378 -1.005833
    endloop
  endfacet
  facet normal -0.348079 -0.872872 0.341959
    outer loop
      vertex -2.402218 -2.353954 1.400175
      vertex -2.323022 -2.359874 1.465677
      vertex -2.344980 -2.340372 1.493107
    endloop
  endfacet
  facet normal -0.375932 -0.642355 0.667874
    outer loop
      vertex -2.344980 -2.340372 1.493107
      vertex -2.252990 -2.345350 1.540099
      vertex -2.257811 -2.335758 1.546610
    endloop
  endfacet
  facet normal -0.241998 -0.966690 0.083347
    outer loop
      vertex -2.487912 -2.350833 1.187563
      vertex -2.402218 -2.353954 1.400175
      vertex -2.541557 -2.332297 1.246792
    endloop
  endfacet
  facet normal -0.288076 -0.957451 0.017303
    outer loop
      vertex -2.591333 -2.321726 1.003015
      vertex -2.541557 -2.332297 1.246792
      vertex -2.655955 -2.301042 1.071693
    endloop
  endfacet
  facet normal -0.325637 -0.944880 -0.034094
    outer loop
      vertex -2.747588 -2.262591 0.881277
      vertex -2.675160 -2.284835 0.805971
      vertex -2.655955 -2.301042 1.071693
    endloop
  endfacet
  facet normal -0.357996 -0.930523 -0.077236
    outer loop
      vertex -2.818817 -2.218508 0.680323
      vertex -2.741387 -2.241647 0.600209
      vertex -2.747588 -2.262591 0.881277
    endloop
  endfacet
  facet normal -0.388878 -0.913879 -0.116617
    outer loop
      vertex -2.791360 -2.192808 0.387362
      vertex -2.818817 -2.218508 0.680323
      vertex -2.871220 -2.169503 0.471036
    endloop
  endfacet
  facet normal -0.452925 -0.870966 -0.190463
    outer loop
      vertex -2.846189 -2.079390 -0.054580
      vertex -2.826081 -2.138705 0.168842
      vertex -2.905959 -2.116086 0.255358
    endloop
  endfacet
  facet normal -0.419939 -0.894412 -0.153879
    outer loop
      vertex -2.826081 -2.138705 0.168842
      vertex -2.871220 -2.169503 0.471036
      vertex -2.905959 -2.116086 0.255358
    endloop
  endfacet
  facet normal -0.360997 -0.899357 -0.246653
    outer loop
      vertex -2.761921 -2.021659 -0.388415
      vertex -2.846189 -2.079390 -0.054580
      vertex -2.851854 -2.014822 -0.281718
    endloop
  endfacet
  facet normal -0.283987 -0.913472 -0.291412
    outer loop
      vertex -2.575903 -1.940501 -0.824095
      vertex -2.761921 -2.021659 -0.388415
      vertex -2.759777 -1.950963 -0.612111
    endloop
  endfacet
  facet normal 0.355266 -0.684060 -0.637062
    outer loop
      vertex -2.390494 -1.616525 -1.582224
      vertex -2.382548 -1.677775 -1.512024
      vertex -2.424817 -1.607075 -1.611511
    endloop
  endfacet
  facet normal 0.537657 -0.598919 -0.593482
    outer loop
      vertex -2.390494 -1.616525 -1.582224
      vertex -2.360018 -1.628527 -1.542503
      vertex -2.352714 -1.691668 -1.472166
    endloop
  endfacet
  facet normal -0.038763 -0.771420 -0.635145
    outer loop
      vertex -2.463641 -1.600669 -1.628354
      vertex -2.454009 -1.657680 -1.559699
      vertex -2.496900 -1.652320 -1.563590
    endloop
  endfacet
  facet normal 0.250793 -0.558639 -0.790585
    outer loop
      vertex -2.463641 -1.600669 -1.628354
      vertex -2.428632 -1.569733 -1.639108
      vertex -2.424817 -1.607075 -1.611511
    endloop
  endfacet
  facet normal -0.458585 -0.778693 -0.428178
    outer loop
      vertex -2.556022 -1.632987 -1.535430
      vertex -2.496900 -1.652320 -1.563590
      vertex -2.488712 -1.686372 -1.510434
    endloop
  endfacet
  facet normal -0.447393 -0.775430 -0.445588
    outer loop
      vertex -2.556022 -1.632987 -1.535430
      vertex -2.524044 -1.713574 -1.427296
      vertex -2.571010 -1.718199 -1.372092
    endloop
  endfacet
  facet normal -0.376689 -0.856258 -0.353450
    outer loop
      vertex -2.578966 -1.794368 -1.202614
      vertex -2.581874 -1.867263 -1.022919
      vertex -2.741440 -1.878637 -0.825309
    endloop
  endfacet
  facet normal -0.343571 -0.879959 -0.328072
    outer loop
      vertex -2.581874 -1.867263 -1.022919
      vertex -2.759777 -1.950963 -0.612111
      vertex -2.741440 -1.878637 -0.825309
    endloop
  endfacet
  facet normal -0.444275 -0.809173 -0.384524
    outer loop
      vertex -2.571010 -1.718199 -1.372092
      vertex -2.578966 -1.794368 -1.202614
      vertex -2.708781 -1.803878 -1.032614
    endloop
  endfacet
  facet normal 0.909383 -0.163101 -0.382650
    outer loop
      vertex -2.263453 -1.692229 -1.319484
      vertex -2.307981 -1.658221 -1.439801
      vertex -2.265778 -1.649078 -1.343402
    endloop
  endfacet
  facet normal 0.720656 -0.477042 -0.503077
    outer loop
      vertex -2.307981 -1.658221 -1.439801
      vertex -2.352714 -1.691668 -1.472166
      vertex -2.360018 -1.628527 -1.542503
    endloop
  endfacet
  facet normal 0.922281 -0.148181 -0.356986
    outer loop
      vertex -2.223209 -1.681699 -1.219883
      vertex -2.263453 -1.692229 -1.319484
      vertex -2.265778 -1.649078 -1.343402
    endloop
  endfacet
  facet normal 0.925833 -0.060873 -0.372999
    outer loop
      vertex -2.178215 -1.661118 -1.111561
      vertex -2.223209 -1.681699 -1.219883
      vertex -2.249954 -1.614837 -1.297181
    endloop
  endfacet
  facet normal 0.820322 0.280307 -0.498498
    outer loop
      vertex -2.124036 -1.680614 -1.033367
      vertex -2.178215 -1.661118 -1.111561
      vertex -2.124204 -1.664274 -1.024456
    endloop
  endfacet
  facet normal -0.348234 0.888781 0.297996
    outer loop
      vertex -2.314787 -1.652117 0.072848
      vertex -2.284228 -1.793250 0.529491
      vertex -2.251661 -1.781841 0.533519
    endloop
  endfacet
  facet normal -0.535481 0.794899 0.285300
    outer loop
      vertex -2.399289 -1.705717 0.069648
      vertex -2.345051 -1.829539 0.516440
      vertex -2.284228 -1.793250 0.529491
    endloop
  endfacet
  facet normal -0.518216 0.795284 0.314605
    outer loop
      vertex -2.345051 -1.829539 0.516440
      vertex -2.416962 -1.872203 0.505839
      vertex -2.386398 -1.936027 0.717521
    endloop
  endfacet
  facet normal -0.477096 0.807622 0.346592
    outer loop
      vertex -2.386398 -1.936027 0.717521
      vertex -2.349080 -2.003055 0.925079
      vertex -2.281436 -1.966133 0.932158
    endloop
  endfacet
  facet normal -0.292029 0.894466 0.338600
    outer loop
      vertex -2.349080 -2.003055 0.925079
      vertex -2.486256 -1.968252 0.714832
      vertex -2.441647 -2.032950 0.924216
    endloop
  endfacet
  facet normal -0.285646 0.882304 0.374094
    outer loop
      vertex -2.301762 -2.073796 1.127363
      vertex -2.441647 -2.032950 0.924216
      vertex -2.382254 -2.100704 1.129365
    endloop
  endfacet
  facet normal -0.279957 0.867972 0.410180
    outer loop
      vertex -2.345206 -2.135767 1.228848
      vertex -2.301762 -2.073796 1.127363
      vertex -2.382254 -2.100704 1.129365
    endloop
  endfacet
  facet normal -0.276705 0.852204 0.444053
    outer loop
      vertex -2.239772 -2.149009 1.319961
      vertex -2.345206 -2.135767 1.228848
      vertex -2.301980 -2.171622 1.324594
    endloop
  endfacet
  facet normal -0.149498 0.883123 0.444684
    outer loop
      vertex -2.251544 -2.208321 1.414433
      vertex -2.301980 -2.171622 1.324594
      vertex -2.458732 -2.206599 1.341357
    endloop
  endfacet
  facet normal -0.248890 0.744535 0.619452
    outer loop
      vertex -2.281790 -2.271915 1.507553
      vertex -2.376902 -2.239756 1.430686
      vertex -2.430556 -2.262203 1.436107
    endloop
  endfacet
  facet normal -0.220951 0.664555 0.713826
    outer loop
      vertex -2.319992 -2.289675 1.512263
      vertex -2.258754 -2.302212 1.542890
      vertex -2.281790 -2.271915 1.507553
    endloop
  endfacet
  facet normal -0.280994 0.303323 0.910515
    outer loop
      vertex -2.258754 -2.302212 1.542890
      vertex -2.262258 -2.324531 1.549243
      vertex -2.193869 -2.313747 1.566756
    endloop
  endfacet
  facet normal -0.186015 0.004481 0.982537
    outer loop
      vertex -2.125625 -2.324270 1.582089
      vertex -2.206765 -2.328895 1.566749
      vertex -2.124184 -2.332798 1.582401
    endloop
  endfacet
  facet normal -0.275672 0.234218 0.932281
    outer loop
      vertex -2.193869 -2.313747 1.566756
      vertex -2.262258 -2.324531 1.549243
      vertex -2.206765 -2.328895 1.566749
    endloop
  endfacet
  facet normal -0.270284 0.795204 0.542768
    outer loop
      vertex -2.376902 -2.239756 1.430686
      vertex -2.458732 -2.206599 1.341357
      vertex -2.525415 -2.232479 1.346069
    endloop
  endfacet
  facet normal -0.188700 -0.062266 0.980059
    outer loop
      vertex -2.124184 -2.332798 1.582401
      vertex -2.206765 -2.328895 1.566749
      vertex -2.158100 -2.338507 1.575508
    endloop
  endfacet
  facet normal -0.250161 -0.525512 0.813177
    outer loop
      vertex -2.257811 -2.335758 1.546610
      vertex -2.158100 -2.338507 1.575508
      vertex -2.206765 -2.328895 1.566749
    endloop
  endfacet
  facet normal -0.360295 0.920095 0.153662
    outer loop
      vertex -0.685414 -1.652112 -0.484072
      vertex -0.734407 -1.674097 -0.467301
      vertex -0.701638 -1.712282 -0.161821
    endloop
  endfacet
  facet normal -0.171538 0.970350 0.170280
    outer loop
      vertex -0.734407 -1.674097 -0.467301
      vertex -0.798183 -1.678861 -0.504401
      vertex -0.746330 -1.729264 -0.164943
    endloop
  endfacet
  facet normal -0.008100 0.992852 0.119080
    outer loop
      vertex -0.798183 -1.678861 -0.504401
      vertex -0.794133 -1.659016 -0.669582
      vertex -0.898876 -1.657799 -0.686857
    endloop
  endfacet
  facet normal -0.002071 0.996565 0.082787
    outer loop
      vertex -0.794133 -1.659016 -0.669582
      vertex -0.792254 -1.652647 -0.746208
      vertex -0.898876 -1.657799 -0.686857
    endloop
  endfacet
  facet normal 0.022203 0.998515 0.049747
    outer loop
      vertex -0.792254 -1.652647 -0.746208
      vertex -0.790635 -1.649393 -0.812238
      vertex -0.897862 -1.644980 -0.852971
    endloop
  endfacet
  facet normal 0.167915 0.985623 0.018773
    outer loop
      vertex -0.892491 -1.643981 -0.953455
      vertex -0.997384 -1.625551 -0.982824
      vertex -0.897862 -1.644980 -0.852971
    endloop
  endfacet
  facet normal 0.240132 0.965113 0.104371
    outer loop
      vertex -0.997384 -1.625551 -0.982824
      vertex -1.093700 -1.597906 -1.016861
      vertex -1.009813 -1.635473 -0.862487
    endloop
  endfacet
  facet normal 0.367408 0.914381 0.170056
    outer loop
      vertex -1.093700 -1.597906 -1.016861
      vertex -1.172837 -1.559974 -1.049841
      vertex -1.114092 -1.617816 -0.865746
    endloop
  endfacet
  facet normal 0.585325 0.784781 0.203748
    outer loop
      vertex -1.172837 -1.559974 -1.049841
      vertex -1.228342 -1.511632 -1.076590
      vertex -1.198918 -1.589309 -0.861926
    endloop
  endfacet
  facet normal 0.700934 0.686387 0.193816
    outer loop
      vertex -1.254928 -1.548236 -0.850810
      vertex -1.228342 -1.511632 -1.076590
      vertex -1.250605 -1.485849 -1.087383
    endloop
  endfacet
  facet normal -0.696763 0.689559 0.197560
    outer loop
      vertex -0.730039 -2.017963 1.175195
      vertex -0.706637 -1.945392 1.004433
      vertex -0.715802 -1.948749 0.983823
    endloop
  endfacet
  facet normal -0.663029 0.727519 0.176376
    outer loop
      vertex -0.672861 -1.822296 0.623651
      vertex -0.715802 -1.948749 0.983823
      vertex -0.706637 -1.945392 1.004433
    endloop
  endfacet
  facet normal -0.464461 0.817837 0.339734
    outer loop
      vertex -0.730039 -2.017963 1.175195
      vertex -0.749832 -2.099121 1.343507
      vertex -0.726161 -2.018313 1.181340
    endloop
  endfacet
  facet normal 0.390612 0.796701 0.461184
    outer loop
      vertex -0.751975 -2.121299 1.383634
      vertex -0.719269 -2.010751 1.164960
      vertex -0.749832 -2.099121 1.343507
    endloop
  endfacet
  facet normal -0.304603 0.685737 0.661046
    outer loop
      vertex -0.777912 -2.266768 1.567719
      vertex -0.770151 -2.249492 1.553374
      vertex -0.770695 -2.202466 1.504340
    endloop
  endfacet
  facet normal 0.208409 0.805985 0.554035
    outer loop
      vertex -0.737958 -2.193936 1.484030
      vertex -0.751975 -2.121299 1.383634
      vertex -0.766799 -2.183523 1.479730
    endloop
  endfacet
  facet normal -0.621365 0.767761 0.156362
    outer loop
      vertex -0.631525 -1.711142 0.242132
      vertex -0.672861 -1.822296 0.623651
      vertex -0.659567 -1.815490 0.643060
    endloop
  endfacet
  facet normal -0.742292 0.662917 0.097686
    outer loop
      vertex -0.669176 -1.747984 0.206058
      vertex -0.631525 -1.711142 0.242132
      vertex -0.640558 -1.661689 -0.162102
    endloop
  endfacet
  facet normal -0.634580 0.766648 0.097768
    outer loop
      vertex -0.647268 -1.622774 -0.510802
      vertex -0.701638 -1.712282 -0.161821
      vertex -0.640558 -1.661689 -0.162102
    endloop
  endfacet
  facet normal 0.440403 0.893995 0.082573
    outer loop
      vertex -2.354185 -1.474816 -0.860500
      vertex -2.328359 -1.509992 -0.617398
      vertex -2.289888 -1.530475 -0.600824
    endloop
  endfacet
  facet normal 0.620705 0.781837 0.058785
    outer loop
      vertex -2.309555 -1.497415 -0.832855
      vertex -2.289888 -1.530475 -0.600824
      vertex -2.257283 -1.558362 -0.574188
    endloop
  endfacet
  facet normal 0.694863 0.717165 0.053290
    outer loop
      vertex -2.272373 -1.527710 -0.789935
      vertex -2.257283 -1.558362 -0.574188
      vertex -2.226787 -1.590264 -0.542508
    endloop
  endfacet
  facet normal 0.677192 0.732973 0.064514
    outer loop
      vertex -2.238482 -1.562147 -0.739208
      vertex -2.226787 -1.590264 -0.542508
      vertex -2.194620 -1.622774 -0.510802
    endloop
  endfacet
  facet normal 0.706065 0.706244 0.051874
    outer loop
      vertex -2.194620 -1.622774 -0.510802
      vertex -2.212056 -1.579088 -0.868251
      vertex -2.238482 -1.562147 -0.739208
    endloop
  endfacet
  facet normal 0.229629 0.967069 0.109762
    outer loop
      vertex -2.085711 -1.647302 -0.748924
      vertex -2.117314 -1.638497 -0.760391
      vertex -2.107481 -1.674097 -0.467301
    endloop
  endfacet
  facet normal 0.440115 0.897929 0.004696
    outer loop
      vertex -2.175232 -1.609035 -0.965530
      vertex -2.169712 -1.612584 -0.804472
      vertex -2.117314 -1.638497 -0.760391
    endloop
  endfacet
  facet normal 0.628914 0.777420 -0.009263
    outer loop
      vertex -2.219619 -1.575158 -1.051910
      vertex -2.212056 -1.579088 -0.868251
      vertex -2.169712 -1.612584 -0.804472
    endloop
  endfacet
  facet normal 0.138787 0.985741 0.095146
    outer loop
      vertex -2.049633 -1.652644 -0.746207
      vertex -2.085711 -1.647302 -0.748924
      vertex -2.045195 -1.670743 -0.565171
    endloop
  endfacet
  facet normal -0.031845 0.999439 -0.010339
    outer loop
      vertex -2.002367 -1.650102 -0.942318
      vertex -2.053626 -1.651391 -0.909076
      vertex -2.050800 -1.650109 -0.793814
    endloop
  endfacet
  facet normal 0.142667 0.988550 0.049143
    outer loop
      vertex -2.050800 -1.650109 -0.793814
      vertex -2.085711 -1.647302 -0.748924
      vertex -2.049633 -1.652644 -0.746207
    endloop
  endfacet
  facet normal -0.345989 0.912306 0.219064
    outer loop
      vertex -1.669050 -1.559974 -1.049841
      vertex -1.790685 -1.578678 -1.164056
      vertex -1.748188 -1.597906 -1.016861
    endloop
  endfacet
  facet normal -0.225960 0.963553 0.143207
    outer loop
      vertex -1.748188 -1.597906 -1.016861
      vertex -1.870696 -1.617985 -1.075060
      vertex -1.844503 -1.625551 -0.982824
    endloop
  endfacet
  facet normal -0.179472 0.983474 -0.023853
    outer loop
      vertex -1.844503 -1.625551 -0.982824
      vertex -1.959519 -1.647163 -1.008499
      vertex -1.949397 -1.643981 -0.953455
    endloop
  endfacet
  facet normal -0.121961 0.991920 -0.034917
    outer loop
      vertex -1.959519 -1.647163 -1.008499
      vertex -2.002367 -1.650102 -0.942318
      vertex -1.949397 -1.643981 -0.953455
    endloop
  endfacet
  facet normal -0.588438 0.784315 0.196445
    outer loop
      vertex -1.613546 -1.511632 -1.076590
      vertex -1.669050 -1.559974 -1.049841
      vertex -1.586959 -1.548236 -0.850810
    endloop
  endfacet
  facet normal -0.612273 0.771739 0.171874
    outer loop
      vertex -1.543248 -1.438957 -1.105275
      vertex -1.568813 -1.461115 -1.096851
      vertex -1.547419 -1.501878 -0.837605
    endloop
  endfacet
  facet normal -0.473890 0.867893 0.148965
    outer loop
      vertex -1.511913 -1.420552 -1.112815
      vertex -1.543248 -1.438957 -1.105275
      vertex -1.500418 -1.462730 -0.830516
    endloop
  endfacet
  facet normal -0.118538 0.981951 0.147378
    outer loop
      vertex -1.420944 -1.426084 -0.951741
      vertex -1.420944 -1.399932 -1.125989
      vertex -1.472123 -1.407064 -1.119632
    endloop
  endfacet
  facet normal -0.303007 0.947139 0.105425
    outer loop
      vertex -1.529507 -1.383472 -1.496516
      vertex -1.511913 -1.420552 -1.112815
      vertex -1.472123 -1.407064 -1.119632
    endloop
  endfacet
  facet normal 0.173537 0.971256 0.162932
    outer loop
      vertex -1.379103 -1.488900 -0.621852
      vertex -1.369765 -1.407064 -1.119632
      vertex -1.420944 -1.426084 -0.951741
    endloop
  endfacet
  facet normal -0.697080 0.697236 0.167158
    outer loop
      vertex -1.568813 -1.461115 -1.096851
      vertex -1.591283 -1.485849 -1.087383
      vertex -1.547419 -1.501878 -0.837605
    endloop
  endfacet
  facet normal -0.700934 0.686387 0.193816
    outer loop
      vertex -1.586959 -1.548236 -0.850810
      vertex -1.591283 -1.485849 -1.087383
      vertex -1.613546 -1.511632 -1.076590
    endloop
  endfacet
  facet normal 0.231421 0.959263 0.162046
    outer loop
      vertex -1.369765 -1.407064 -1.119632
      vertex -1.379103 -1.488900 -0.621852
      vertex -1.341469 -1.462730 -0.830516
    endloop
  endfacet
  facet normal 0.473890 0.867893 0.148965
    outer loop
      vertex -1.298639 -1.438957 -1.105275
      vertex -1.329975 -1.420552 -1.112815
      vertex -1.341469 -1.462730 -0.830516
    endloop
  endfacet
  facet normal 0.612273 0.771739 0.171874
    outer loop
      vertex -1.273074 -1.461115 -1.096851
      vertex -1.298639 -1.438957 -1.105275
      vertex -1.294468 -1.501878 -0.837605
    endloop
  endfacet
  facet normal 0.697080 0.697236 0.167158
    outer loop
      vertex -1.250605 -1.485849 -1.087383
      vertex -1.273074 -1.461115 -1.096851
      vertex -1.294468 -1.501878 -0.837605
    endloop
  endfacet
  facet normal 0.196343 0.969223 0.148513
    outer loop
      vertex -2.328359 -1.509992 -0.617398
      vertex -2.372882 -1.504701 -0.593070
      vertex -2.353947 -1.529436 -0.456677
    endloop
  endfacet
  facet normal -0.157798 0.967545 0.197373
    outer loop
      vertex -2.353947 -1.529436 -0.456677
      vertex -2.372882 -1.504701 -0.593070
      vertex -2.384617 -1.536047 -0.448787
    endloop
  endfacet
  facet normal -0.213757 0.947109 0.239358
    outer loop
      vertex -2.314787 -1.652117 0.072848
      vertex -2.296793 -1.617435 -0.048316
      vertex -2.384617 -1.536047 -0.448787
    endloop
  endfacet
  facet normal 0.859010 -0.383306 -0.339379
    outer loop
      vertex 0.027966 -1.864092 -0.641338
      vertex -0.095010 -1.713494 -1.122695
      vertex -0.070760 -1.699220 -1.077437
    endloop
  endfacet
  facet normal 0.844768 -0.408500 -0.345680
    outer loop
      vertex 0.065996 -1.840905 -0.575802
      vertex 0.027966 -1.864092 -0.641338
      vertex -0.070760 -1.699220 -1.077437
    endloop
  endfacet
  facet normal 0.794002 -0.528561 -0.300305
    outer loop
      vertex 0.110189 -1.903811 -0.348236
      vertex 0.066068 -1.931727 -0.415756
      vertex 0.065996 -1.840905 -0.575802
    endloop
  endfacet
  facet normal 0.532054 -0.729006 -0.430660
    outer loop
      vertex -0.227135 -1.632782 -1.462642
      vertex -0.173858 -1.723406 -1.243415
      vertex -0.270878 -1.718199 -1.372092
    endloop
  endfacet
  facet normal 0.447393 -0.775430 -0.445588
    outer loop
      vertex -0.285865 -1.632987 -1.535430
      vertex -0.270878 -1.718199 -1.372092
      vertex -0.317843 -1.713574 -1.427296
    endloop
  endfacet
  facet normal 0.754855 -0.518772 -0.401335
    outer loop
      vertex -0.095010 -1.713494 -1.122695
      vertex -0.130491 -1.721070 -1.179637
      vertex -0.178141 -1.624478 -1.394116
    endloop
  endfacet
  facet normal 0.649460 -0.634971 -0.418347
    outer loop
      vertex -0.130491 -1.721070 -1.179637
      vertex -0.173858 -1.723406 -1.243415
      vertex -0.200559 -1.630048 -1.426566
    endloop
  endfacet
  facet normal 0.921434 -0.343368 -0.181819
    outer loop
      vertex 0.131731 -1.964197 -0.125021
      vertex 0.110189 -1.903811 -0.348236
      vertex 0.121855 -1.884025 -0.326480
    endloop
  endfacet
  facet normal 0.900807 -0.417463 -0.119467
    outer loop
      vertex 0.134081 -2.022308 0.095760
      vertex 0.131731 -1.964197 -0.125021
      vertex 0.144800 -1.941537 -0.105662
    endloop
  endfacet
  facet normal 0.881796 -0.468354 -0.055504
    outer loop
      vertex 0.118232 -2.077952 0.313485
      vertex 0.134081 -2.022308 0.095760
      vertex 0.148314 -1.997475 0.112329
    endloop
  endfacet
  facet normal 0.857907 -0.513697 0.010511
    outer loop
      vertex 0.099395 -2.104769 0.540364
      vertex 0.083925 -2.130884 0.526706
      vertex 0.118232 -2.077952 0.313485
    endloop
  endfacet
  facet normal 0.831169 -0.549845 0.082641
    outer loop
      vertex 0.045824 -2.155366 0.747020
      vertex 0.030349 -2.180748 0.733784
      vertex 0.083925 -2.130884 0.526706
    endloop
  endfacet
  facet normal 0.793631 -0.586950 0.160123
    outer loop
      vertex -0.028857 -2.203081 0.945364
      vertex -0.043825 -2.226905 0.932222
      vertex 0.030349 -2.180748 0.733784
    endloop
  endfacet
  facet normal 0.741353 -0.625353 0.243577
    outer loop
      vertex -0.126593 -2.247100 1.132289
      vertex -0.140418 -2.268578 1.119225
      vertex -0.043825 -2.226905 0.932222
    endloop
  endfacet
  facet normal 0.668091 -0.661523 0.340650
    outer loop
      vertex -0.250318 -2.285738 1.301439
      vertex -0.262166 -2.304123 1.288973
      vertex -0.140418 -2.268578 1.119225
    endloop
  endfacet
  facet normal 0.598528 -0.676576 0.428964
    outer loop
      vertex -0.262166 -2.304123 1.288973
      vertex -0.250318 -2.285738 1.301439
      vertex -0.333318 -2.318884 1.364969
    endloop
  endfacet
  facet normal 0.597124 -0.680139 0.425270
    outer loop
      vertex -0.333318 -2.318884 1.364969
      vertex -0.250318 -2.285738 1.301439
      vertex -0.322833 -2.302329 1.376724
    endloop
  endfacet
  facet normal 0.621316 -0.456319 0.636976
    outer loop
      vertex -0.322833 -2.302329 1.376724
      vertex -0.350852 -2.290452 1.412562
      vertex -0.402748 -2.316687 1.444388
    endloop
  endfacet
  facet normal 0.537899 -0.423844 0.728712
    outer loop
      vertex -0.402748 -2.316687 1.444388
      vertex -0.484420 -2.313832 1.506335
      vertex -0.489949 -2.328150 1.502089
    endloop
  endfacet
  facet normal 0.417753 -0.402850 0.814367
    outer loop
      vertex -0.484420 -2.313832 1.506335
      vertex -0.584077 -2.335758 1.546610
      vertex -0.489949 -2.328150 1.502089
    endloop
  endfacet
  facet normal 0.247948 -0.540257 0.804142
    outer loop
      vertex -0.683788 -2.338507 1.575508
      vertex -0.584077 -2.335758 1.546610
      vertex -0.621983 -2.328075 1.563460
    endloop
  endfacet
  facet normal 0.143332 -0.312756 0.938957
    outer loop
      vertex -0.734811 -2.337513 1.583628
      vertex -0.683788 -2.338507 1.575508
      vertex -0.709312 -2.332546 1.581390
    endloop
  endfacet
  facet normal 0.111363 -0.127644 0.985548
    outer loop
      vertex -0.734040 -2.333221 1.584097
      vertex -0.734811 -2.337513 1.583628
      vertex -0.709312 -2.332546 1.581390
    endloop
  endfacet
  facet normal 0.448566 0.712347 0.539770
    outer loop
      vertex -0.712646 -2.212352 1.487298
      vertex -0.692818 -2.095774 1.316971
      vertex -0.737958 -2.193936 1.484030
    endloop
  endfacet
  facet normal 0.269721 0.684662 0.677118
    outer loop
      vertex -0.715297 -2.286278 1.558617
      vertex -0.684661 -2.230665 1.490181
      vertex -0.734358 -2.276822 1.556648
    endloop
  endfacet
  facet normal 0.091522 0.561748 0.822231
    outer loop
      vertex -0.715297 -2.286278 1.558617
      vertex -0.727150 -2.318157 1.581716
      vertex -0.668310 -2.302816 1.564685
    endloop
  endfacet
  facet normal 0.171224 0.360957 0.916729
    outer loop
      vertex -0.727150 -2.318157 1.581716
      vertex -0.716263 -2.324270 1.582089
      vertex -0.668310 -2.302816 1.564685
    endloop
  endfacet
  facet normal 0.108092 0.008279 0.994106
    outer loop
      vertex -0.716263 -2.324270 1.582089
      vertex -0.750970 -2.329212 1.585904
      vertex -0.734040 -2.333221 1.584097
    endloop
  endfacet
  facet normal 0.342220 0.632348 0.694997
    outer loop
      vertex -0.712646 -2.212352 1.487298
      vertex -0.734358 -2.276822 1.556648
      vertex -0.684661 -2.230665 1.490181
    endloop
  endfacet
  facet normal -0.491981 -0.474777 -0.729755
    outer loop
      vertex -0.447950 -1.578078 -1.609559
      vertex -0.417071 -1.607075 -1.611511
      vertex -0.451393 -1.616525 -1.582224
    endloop
  endfacet
  facet normal -0.602164 -0.217025 -0.768309
    outer loop
      vertex -0.446962 -1.557179 -1.616236
      vertex -0.413256 -1.569733 -1.639108
      vertex -0.447950 -1.578078 -1.609559
    endloop
  endfacet
  facet normal -0.796973 0.022947 -0.603579
    outer loop
      vertex -0.446962 -1.557179 -1.616236
      vertex -0.477857 -1.567684 -1.575842
      vertex -0.477728 -1.545527 -1.575170
    endloop
  endfacet
  facet normal -0.854909 0.300456 -0.422914
    outer loop
      vertex -0.477728 -1.545527 -1.575170
      vertex -0.497881 -1.554156 -1.540561
      vertex -0.477729 -1.518458 -1.555936
    endloop
  endfacet
  facet normal -0.872582 0.342640 -0.348135
    outer loop
      vertex -0.497881 -1.554156 -1.540561
      vertex -0.530059 -1.546826 -1.452694
      vertex -0.477729 -1.518458 -1.555936
    endloop
  endfacet
  facet normal -0.932255 0.223842 -0.284245
    outer loop
      vertex -0.530059 -1.546826 -1.452694
      vertex -0.569801 -1.598430 -1.362987
      vertex -0.574838 -1.579697 -1.331714
    endloop
  endfacet
  facet normal -0.942608 0.186126 -0.277212
    outer loop
      vertex -0.574838 -1.579697 -1.331714
      vertex -0.591933 -1.614837 -1.297181
      vertex -0.617437 -1.612973 -1.209208
    endloop
  endfacet
  facet normal -0.329488 0.301535 -0.894715
    outer loop
      vertex -0.767337 -1.679663 -1.002329
      vertex -0.749775 -1.677891 -1.008199
      vertex -0.759902 -1.687049 -1.007556
    endloop
  endfacet
  facet normal -0.479746 0.537024 -0.693865
    outer loop
      vertex -0.749775 -1.677891 -1.008199
      vertex -0.733275 -1.667999 -1.011950
      vertex -0.733256 -1.675239 -1.017567
    endloop
  endfacet
  facet normal -0.588645 0.391721 -0.707143
    outer loop
      vertex -0.733256 -1.675239 -1.017567
      vertex -0.717684 -1.664274 -1.024456
      vertex -0.717852 -1.680614 -1.033367
    endloop
  endfacet
  facet normal -0.746700 0.550908 -0.372746
    outer loop
      vertex -0.717684 -1.664274 -1.024456
      vertex -0.663436 -1.631210 -1.084258
      vertex -0.663247 -1.642542 -1.101386
    endloop
  endfacet
  facet normal -0.879154 0.396136 -0.264887
    outer loop
      vertex -0.663247 -1.642542 -1.101386
      vertex -0.617724 -1.600221 -1.189186
      vertex -0.617437 -1.612973 -1.209208
    endloop
  endfacet
  facet normal -0.101171 0.380334 -0.919299
    outer loop
      vertex -0.785983 -1.683871 -1.002017
      vertex -0.767337 -1.679663 -1.002329
      vertex -0.767320 -1.687540 -1.005589
    endloop
  endfacet
  facet normal -0.108934 0.140255 -0.984105
    outer loop
      vertex -0.785869 -1.709278 -1.006634
      vertex -0.785944 -1.688036 -1.003598
      vertex -0.767320 -1.687540 -1.005589
    endloop
  endfacet
  facet normal 0.556681 -0.002559 -0.830722
    outer loop
      vertex -0.849987 -1.677581 -1.028457
      vertex -0.829885 -1.681596 -1.014974
      vertex -0.850410 -1.681770 -1.028728
    endloop
  endfacet
  facet normal 0.398948 0.140360 -0.906168
    outer loop
      vertex -0.829885 -1.681596 -1.014974
      vertex -0.808746 -1.681787 -1.005697
      vertex -0.808418 -1.687334 -1.006412
    endloop
  endfacet
  facet normal 0.192307 0.222832 -0.955701
    outer loop
      vertex -0.808418 -1.687334 -1.006412
      vertex -0.797526 -1.682991 -1.003207
      vertex -0.797362 -1.687859 -1.004309
    endloop
  endfacet
  facet normal 0.063696 0.141402 -0.987901
    outer loop
      vertex -0.785869 -1.709278 -1.006634
      vertex -0.797362 -1.687859 -1.004309
      vertex -0.785944 -1.688036 -1.003598
    endloop
  endfacet
  facet normal -0.348677 -0.692144 -0.631950
    outer loop
      vertex -0.417071 -1.607075 -1.611511
      vertex -0.425786 -1.666291 -1.541846
      vertex -0.451393 -1.616525 -1.582224
    endloop
  endfacet
  facet normal 0.056307 -0.850071 -0.523649
    outer loop
      vertex -0.344983 -1.652405 -1.563650
      vertex -0.355494 -1.695269 -1.495195
      vertex -0.387879 -1.657680 -1.559699
    endloop
  endfacet
  facet normal 0.457916 -0.783402 -0.420232
    outer loop
      vertex -0.344983 -1.652405 -1.563650
      vertex -0.285865 -1.632987 -1.535430
      vertex -0.355494 -1.695269 -1.495195
    endloop
  endfacet
  facet normal 0.015661 -0.770316 -0.637470
    outer loop
      vertex -0.334263 -1.597798 -1.630743
      vertex -0.387879 -1.657680 -1.559699
      vertex -0.378246 -1.600669 -1.628354
    endloop
  endfacet
  facet normal -0.159892 -0.742173 -0.650857
    outer loop
      vertex -0.378246 -1.600669 -1.628354
      vertex -0.425786 -1.666291 -1.541846
      vertex -0.417071 -1.607075 -1.611511
    endloop
  endfacet
  facet normal -0.893111 0.164693 -0.418603
    outer loop
      vertex -1.905555 -1.642278 -1.156539
      vertex -1.935843 -1.663895 -1.100422
      vertex -1.937705 -1.659107 -1.094566
    endloop
  endfacet
  facet normal -0.883416 0.399340 -0.245160
    outer loop
      vertex -1.905555 -1.642278 -1.156539
      vertex -1.842659 -1.593601 -1.303889
      vertex -1.870395 -1.625236 -1.255474
    endloop
  endfacet
  facet normal -0.839788 0.506745 -0.194847
    outer loop
      vertex -1.753334 -1.535330 -1.616066
      vertex -1.721830 -1.494808 -1.646459
      vertex -1.731180 -1.520888 -1.673990
    endloop
  endfacet
  facet normal -0.860472 0.484176 -0.158623
    outer loop
      vertex -1.753334 -1.535330 -1.616066
      vertex -1.870395 -1.625236 -1.255474
      vertex -1.784489 -1.544624 -1.475431
    endloop
  endfacet
  facet normal 0.839787 0.506748 -0.194846
    outer loop
      vertex -1.120057 -1.494808 -1.646459
      vertex -1.088554 -1.535330 -1.616066
      vertex -1.110708 -1.520888 -1.673990
    endloop
  endfacet
  facet normal 0.860472 0.484177 -0.158622
    outer loop
      vertex -0.971492 -1.625236 -1.255474
      vertex -1.088554 -1.535330 -1.616066
      vertex -1.057399 -1.544624 -1.475431
    endloop
  endfacet
  facet normal 0.801788 0.545374 -0.244341
    outer loop
      vertex -1.120057 -1.494808 -1.646459
      vertex -1.110708 -1.520888 -1.673990
      vertex -1.171591 -1.488886 -1.802344
    endloop
  endfacet
  facet normal 0.785464 0.428367 -0.446709
    outer loop
      vertex -1.171591 -1.488886 -1.802344
      vertex -1.236027 -1.466088 -1.893782
      vertex -1.238452 -1.446123 -1.878902
    endloop
  endfacet
  facet normal 0.699129 -0.140649 -0.701025
    outer loop
      vertex -1.251506 -1.462036 -1.910033
      vertex -1.236027 -1.466088 -1.893782
      vertex -1.237719 -1.500199 -1.888626
    endloop
  endfacet
  facet normal 0.642288 -0.006498 -0.766436
    outer loop
      vertex -1.289746 -1.454030 -1.942146
      vertex -1.251506 -1.462036 -1.910033
      vertex -1.290316 -1.472010 -1.942472
    endloop
  endfacet
  facet normal 0.805174 0.518636 -0.287597
    outer loop
      vertex -0.905920 -1.654146 -1.092798
      vertex -0.936333 -1.642278 -1.156539
      vertex -0.938906 -1.636540 -1.153397
    endloop
  endfacet
  facet normal 0.880443 0.411541 -0.235487
    outer loop
      vertex -0.938906 -1.636540 -1.153397
      vertex -0.971492 -1.625236 -1.255474
      vertex -0.999228 -1.593601 -1.303889
    endloop
  endfacet
  facet normal 0.807565 0.301144 -0.507100
    outer loop
      vertex -0.868996 -1.672439 -1.046449
      vertex -0.904182 -1.659107 -1.094566
      vertex -0.869976 -1.668328 -1.045567
    endloop
  endfacet
  facet normal 0.700601 0.244854 -0.670228
    outer loop
      vertex -0.849987 -1.677581 -1.028457
      vertex -0.868996 -1.672439 -1.046449
      vertex -0.850641 -1.673936 -1.027809
    endloop
  endfacet
  facet normal 0.848996 0.414330 -0.327928
    outer loop
      vertex -0.905920 -1.654146 -1.092798
      vertex -0.904182 -1.659107 -1.094566
      vertex -0.936333 -1.642278 -1.156539
    endloop
  endfacet
  facet normal -0.474341 -0.128437 -0.870922
    outer loop
      vertex -1.552142 -1.454030 -1.942146
      vertex -1.510202 -1.448117 -1.965861
      vertex -1.490565 -1.464918 -1.974078
    endloop
  endfacet
  facet normal -0.690642 0.484248 -0.537138
    outer loop
      vertex -1.590381 -1.462036 -1.910033
      vertex -1.605861 -1.466088 -1.893782
      vertex -1.603435 -1.446123 -1.878902
    endloop
  endfacet
  facet normal -0.586358 0.594792 -0.549915
    outer loop
      vertex -1.552142 -1.454030 -1.942146
      vertex -1.590381 -1.462036 -1.910033
      vertex -1.603435 -1.446123 -1.878902
    endloop
  endfacet
  facet normal -0.762472 0.531447 -0.369052
    outer loop
      vertex -1.670297 -1.488886 -1.802344
      vertex -1.646403 -1.450082 -1.795831
      vertex -1.603435 -1.446123 -1.878902
    endloop
  endfacet
  facet normal -0.803171 0.544089 -0.242658
    outer loop
      vertex -1.721830 -1.494808 -1.646459
      vertex -1.646403 -1.450082 -1.795831
      vertex -1.731180 -1.520888 -1.673990
    endloop
  endfacet
  facet normal -0.077943 0.010028 -0.996907
    outer loop
      vertex -1.457017 -1.444225 -1.981472
      vertex -1.420944 -1.443523 -1.984285
      vertex -1.420944 -1.467248 -1.984524
    endloop
  endfacet
  facet normal -0.238776 0.400583 -0.884601
    outer loop
      vertex -1.490827 -1.446269 -1.973272
      vertex -1.456854 -1.431256 -1.975644
      vertex -1.457017 -1.444225 -1.981472
    endloop
  endfacet
  facet normal -0.348027 0.519652 -0.780281
    outer loop
      vertex -1.510202 -1.448117 -1.965861
      vertex -1.490127 -1.422983 -1.958076
      vertex -1.490827 -1.446269 -1.973272
    endloop
  endfacet
  facet normal 0.359977 0.035243 -0.932295
    outer loop
      vertex -1.351060 -1.446269 -1.973272
      vertex -1.331686 -1.448117 -1.965861
      vertex -1.351322 -1.464918 -1.974078
    endloop
  endfacet
  facet normal 0.492215 0.000139 -0.870474
    outer loop
      vertex -1.331686 -1.448117 -1.965861
      vertex -1.289746 -1.454030 -1.942146
      vertex -1.290316 -1.472010 -1.942472
    endloop
  endfacet
  facet normal 0.238776 0.400581 -0.884602
    outer loop
      vertex -1.384870 -1.444225 -1.981472
      vertex -1.385034 -1.431256 -1.975644
      vertex -1.351060 -1.446269 -1.973272
    endloop
  endfacet
  facet normal 0.078849 0.409485 -0.908903
    outer loop
      vertex -1.420944 -1.443523 -1.984285
      vertex -1.385034 -1.431256 -1.975644
      vertex -1.384870 -1.444225 -1.981472
    endloop
  endfacet
  facet normal -0.567582 0.088062 -0.818594
    outer loop
      vertex -2.012382 -1.685290 -1.014612
      vertex -1.991477 -1.681770 -1.028728
      vertex -2.012598 -1.718181 -1.018000
    endloop
  endfacet
  facet normal -0.698969 0.035738 -0.714258
    outer loop
      vertex -1.991477 -1.681770 -1.028728
      vertex -1.972891 -1.672439 -1.046449
      vertex -1.973879 -1.677529 -1.045737
    endloop
  endfacet
  facet normal -0.814903 0.077780 -0.574354
    outer loop
      vertex -1.937705 -1.659107 -1.094566
      vertex -1.973879 -1.677529 -1.045737
      vertex -1.972891 -1.672439 -1.046449
    endloop
  endfacet
  facet normal -0.182944 0.106282 -0.977362
    outer loop
      vertex -2.044526 -1.687859 -1.004309
      vertex -2.034806 -1.687417 -1.006080
      vertex -2.033626 -1.719180 -1.009755
    endloop
  endfacet
  facet normal -0.361981 0.097882 -0.927032
    outer loop
      vertex -2.034806 -1.687417 -1.006080
      vertex -2.012382 -1.685290 -1.014612
      vertex -2.012598 -1.718181 -1.018000
    endloop
  endfacet
  facet normal -0.143916 0.091668 -0.985335
    outer loop
      vertex -2.055944 -1.688036 -1.003598
      vertex -2.033626 -1.719180 -1.009755
      vertex -2.055960 -1.723058 -1.006854
    endloop
  endfacet
  facet normal 0.467576 0.591346 -0.657025
    outer loop
      vertex -2.092113 -1.677891 -1.008199
      vertex -2.124036 -1.680614 -1.033367
      vertex -2.108632 -1.675239 -1.017567
    endloop
  endfacet
  facet normal 0.329488 0.301535 -0.894715
    outer loop
      vertex -2.092113 -1.677891 -1.008199
      vertex -2.074551 -1.679663 -1.002329
      vertex -2.081986 -1.687049 -1.007556
    endloop
  endfacet
  facet normal 0.096805 0.380508 -0.919697
    outer loop
      vertex -2.074567 -1.687540 -1.005589
      vertex -2.074551 -1.679663 -1.002329
      vertex -2.055907 -1.683834 -1.002092
    endloop
  endfacet
  facet normal 0.108973 0.334641 -0.936024
    outer loop
      vertex -2.074567 -1.687540 -1.005589
      vertex -2.055907 -1.683834 -1.002092
      vertex -2.055944 -1.688036 -1.003598
    endloop
  endfacet
  facet normal -0.324689 -0.886551 0.329552
    outer loop
      vertex -2.402218 -2.353954 1.400175
      vertex -2.344980 -2.340372 1.493107
      vertex -2.430286 -2.331200 1.433735
    endloop
  endfacet
  facet normal -0.358792 -0.676707 0.642912
    outer loop
      vertex -2.257811 -2.335758 1.546610
      vertex -2.351938 -2.328150 1.502089
      vertex -2.344980 -2.340372 1.493107
    endloop
  endfacet
  facet normal -0.411506 -0.876427 0.250079
    outer loop
      vertex -2.541557 -2.332297 1.246792
      vertex -2.402218 -2.353954 1.400175
      vertex -2.430286 -2.331200 1.433735
    endloop
  endfacet
  facet normal -0.471722 -0.868338 0.153190
    outer loop
      vertex -2.655955 -2.301042 1.071693
      vertex -2.541557 -2.332297 1.246792
      vertex -2.579722 -2.304123 1.288973
    endloop
  endfacet
  facet normal -0.522214 -0.849068 0.079852
    outer loop
      vertex -2.747588 -2.262591 0.881277
      vertex -2.655955 -2.301042 1.071693
      vertex -2.701470 -2.268578 1.119225
    endloop
  endfacet
  facet normal -0.564347 -0.825319 0.018985
    outer loop
      vertex -2.818817 -2.218508 0.680323
      vertex -2.747588 -2.262591 0.881277
      vertex -2.798063 -2.226905 0.932222
    endloop
  endfacet
  facet normal -0.600933 -0.798466 -0.036497
    outer loop
      vertex -2.871220 -2.169503 0.471036
      vertex -2.818817 -2.218508 0.680323
      vertex -2.872237 -2.180748 0.733784
    endloop
  endfacet
  facet normal -0.453713 -0.870534 -0.190564
    outer loop
      vertex -2.846189 -2.079390 -0.054580
      vertex -2.905959 -2.116086 0.255358
      vertex -2.923757 -2.058460 0.034488
    endloop
  endfacet
  facet normal -0.633682 -0.768541 -0.088278
    outer loop
      vertex -2.905959 -2.116086 0.255358
      vertex -2.871220 -2.169503 0.471036
      vertex -2.925812 -2.130884 0.526706
    endloop
  endfacet
  facet normal -0.488357 -0.842517 -0.227319
    outer loop
      vertex -2.851854 -2.014822 -0.281718
      vertex -2.846189 -2.079390 -0.054580
      vertex -2.923757 -2.058460 0.034488
    endloop
  endfacet
  facet normal -0.398428 -0.873460 -0.279863
    outer loop
      vertex -2.759777 -1.950963 -0.612111
      vertex -2.761921 -2.021659 -0.388415
      vertex -2.851854 -2.014822 -0.281718
    endloop
  endfacet
  facet normal 0.485472 -0.486979 -0.726064
    outer loop
      vertex -2.424817 -1.607075 -1.611511
      vertex -2.428632 -1.569733 -1.639108
      vertex -2.390494 -1.616525 -1.582224
    endloop
  endfacet
  facet normal 0.670268 -0.389214 -0.631865
    outer loop
      vertex -2.360018 -1.628527 -1.542503
      vertex -2.390494 -1.616525 -1.582224
      vertex -2.393937 -1.578078 -1.609559
    endloop
  endfacet
  facet normal 0.080623 -0.799033 -0.595858
    outer loop
      vertex -2.463641 -1.600669 -1.628354
      vertex -2.496900 -1.652320 -1.563590
      vertex -2.501361 -1.631580 -1.592007
    endloop
  endfacet
  facet normal 0.260707 -0.566725 -0.781572
    outer loop
      vertex -2.463641 -1.600669 -1.628354
      vertex -2.467903 -1.564520 -1.655987
      vertex -2.428632 -1.569733 -1.639108
    endloop
  endfacet
  facet normal -0.468837 -0.746890 -0.471537
    outer loop
      vertex -2.501361 -1.631580 -1.592007
      vertex -2.496900 -1.652320 -1.563590
      vertex -2.556022 -1.632987 -1.535430
    endloop
  endfacet
  facet normal -0.530800 -0.730443 -0.429772
    outer loop
      vertex -2.556022 -1.632987 -1.535430
      vertex -2.571010 -1.718199 -1.372092
      vertex -2.668030 -1.723406 -1.243415
    endloop
  endfacet
  facet normal -0.418030 -0.831558 -0.365735
    outer loop
      vertex -2.578966 -1.794368 -1.202614
      vertex -2.741440 -1.878637 -0.825309
      vertex -2.708781 -1.803878 -1.032614
    endloop
  endfacet
  facet normal -0.457061 -0.829589 -0.320745
    outer loop
      vertex -2.741440 -1.878637 -0.825309
      vertex -2.759777 -1.950963 -0.612111
      vertex -2.841645 -1.946489 -0.507020
    endloop
  endfacet
  facet normal -0.478248 -0.785692 -0.392385
    outer loop
      vertex -2.571010 -1.718199 -1.372092
      vertex -2.708781 -1.803878 -1.032614
      vertex -2.668030 -1.723406 -1.243415
    endloop
  endfacet
  facet normal 0.907701 -0.176633 -0.380631
    outer loop
      vertex -2.265778 -1.649078 -1.343402
      vertex -2.307981 -1.658221 -1.439801
      vertex -2.310647 -1.616846 -1.465361
    endloop
  endfacet
  facet normal 0.831999 -0.251768 -0.494358
    outer loop
      vertex -2.307981 -1.658221 -1.439801
      vertex -2.360018 -1.628527 -1.542503
      vertex -2.310647 -1.616846 -1.465361
    endloop
  endfacet
  facet normal 0.945602 0.002156 -0.325319
    outer loop
      vertex -2.223209 -1.681699 -1.219883
      vertex -2.265778 -1.649078 -1.343402
      vertex -2.249954 -1.614837 -1.297181
    endloop
  endfacet
  facet normal 0.906864 0.323765 -0.269767
    outer loop
      vertex -2.178215 -1.661118 -1.111561
      vertex -2.249954 -1.614837 -1.297181
      vertex -2.224451 -1.612973 -1.209208
    endloop
  endfacet
  facet normal 0.817844 0.290752 -0.496583
    outer loop
      vertex -2.124204 -1.664274 -1.024456
      vertex -2.178215 -1.661118 -1.111561
      vertex -2.178641 -1.642542 -1.101386
    endloop
  endfacet
  facet normal 0.632791 0.375751 -0.677043
    outer loop
      vertex -2.124204 -1.664274 -1.024456
      vertex -2.108612 -1.667999 -1.011950
      vertex -2.124036 -1.680614 -1.033367
    endloop
  endfacet
  facet normal -0.381182 0.875773 0.296181
    outer loop
      vertex -2.314787 -1.652117 0.072848
      vertex -2.344385 -1.665133 0.073241
      vertex -2.284228 -1.793250 0.529491
    endloop
  endfacet
  facet normal -0.558107 0.779713 0.283838
    outer loop
      vertex -2.399289 -1.705717 0.069648
      vertex -2.466504 -1.752701 0.066551
      vertex -2.345051 -1.829539 0.516440
    endloop
  endfacet
  facet normal -0.581053 0.760394 0.290135
    outer loop
      vertex -2.344385 -1.665133 0.073241
      vertex -2.399289 -1.705717 0.069648
      vertex -2.284228 -1.793250 0.529491
    endloop
  endfacet
  facet normal -0.306031 0.898380 0.315053
    outer loop
      vertex -2.386398 -1.936027 0.717521
      vertex -2.416962 -1.872203 0.505839
      vertex -2.520268 -1.906419 0.503057
    endloop
  endfacet
  facet normal -0.520105 0.807483 0.278322
    outer loop
      vertex -2.466504 -1.752701 0.066551
      vertex -2.416962 -1.872203 0.505839
      vertex -2.345051 -1.829539 0.516440
    endloop
  endfacet
  facet normal -0.296978 0.891774 0.341383
    outer loop
      vertex -2.349080 -2.003055 0.925079
      vertex -2.386398 -1.936027 0.717521
      vertex -2.486256 -1.968252 0.714832
    endloop
  endfacet
  facet normal -0.142070 0.936797 0.319731
    outer loop
      vertex -2.441647 -2.032950 0.924216
      vertex -2.486256 -1.968252 0.714832
      vertex -2.749260 -2.010864 0.722821
    endloop
  endfacet
  facet normal -0.143324 0.926648 0.347536
    outer loop
      vertex -2.382254 -2.100704 1.129365
      vertex -2.441647 -2.032950 0.924216
      vertex -2.682116 -2.073921 0.934289
    endloop
  endfacet
  facet normal -0.147173 0.914406 0.377096
    outer loop
      vertex -2.345206 -2.135767 1.228848
      vertex -2.382254 -2.100704 1.129365
      vertex -2.588272 -2.139595 1.143266
    endloop
  endfacet
  facet normal -0.148734 0.902147 0.404980
    outer loop
      vertex -2.301980 -2.171622 1.324594
      vertex -2.345206 -2.135767 1.228848
      vertex -2.528674 -2.173070 1.244564
    endloop
  endfacet
  facet normal -0.154388 0.893755 0.421148
    outer loop
      vertex -2.301980 -2.171622 1.324594
      vertex -2.528674 -2.173070 1.244564
      vertex -2.458732 -2.206599 1.341357
    endloop
  endfacet
  facet normal -0.274531 0.788973 0.549685
    outer loop
      vertex -2.376902 -2.239756 1.430686
      vertex -2.525415 -2.232479 1.346069
      vertex -2.430556 -2.262203 1.436107
    endloop
  endfacet
  facet normal -0.258786 0.725691 0.637497
    outer loop
      vertex -2.281790 -2.271915 1.507553
      vertex -2.430556 -2.262203 1.436107
      vertex -2.319992 -2.289675 1.512263
    endloop
  endfacet
  facet normal -0.374436 0.307792 0.874678
    outer loop
      vertex -2.258754 -2.302212 1.542890
      vertex -2.319992 -2.289675 1.512263
      vertex -2.262258 -2.324531 1.549243
    endloop
  endfacet
  facet normal -0.307464 -0.330997 0.892136
    outer loop
      vertex -2.262258 -2.324531 1.549243
      vertex -2.257811 -2.335758 1.546610
      vertex -2.206765 -2.328895 1.566749
    endloop
  endfacet
  facet normal -0.284479 0.822597 0.492347
    outer loop
      vertex -2.458732 -2.206599 1.341357
      vertex -2.606207 -2.201599 1.247794
      vertex -2.525415 -2.232479 1.346069
    endloop
  endfacet
  facet normal -0.547285 0.827267 0.126916
    outer loop
      vertex -0.647268 -1.622774 -0.510802
      vertex -0.685414 -1.652112 -0.484072
      vertex -0.701638 -1.712282 -0.161821
    endloop
  endfacet
  facet normal -0.378988 0.920086 0.099044
    outer loop
      vertex -0.724574 -1.638497 -0.760391
      vertex -0.734407 -1.674097 -0.467301
      vertex -0.685414 -1.652112 -0.484072
    endloop
  endfacet
  facet normal -0.140192 0.983457 0.114713
    outer loop
      vertex -0.794133 -1.659016 -0.669582
      vertex -0.798183 -1.678861 -0.504401
      vertex -0.734407 -1.674097 -0.467301
    endloop
  endfacet
  facet normal -0.140302 0.986984 0.078601
    outer loop
      vertex -0.756177 -1.647302 -0.748924
      vertex -0.792254 -1.652647 -0.746208
      vertex -0.794133 -1.659016 -0.669582
    endloop
  endfacet
  facet normal -0.143068 0.988680 0.045210
    outer loop
      vertex -0.790635 -1.649393 -0.812238
      vertex -0.792254 -1.652647 -0.746208
      vertex -0.756177 -1.647302 -0.748924
    endloop
  endfacet
  facet normal 0.050351 0.998434 -0.024361
    outer loop
      vertex -0.839520 -1.650102 -0.942318
      vertex -0.897862 -1.644980 -0.852971
      vertex -0.790635 -1.649393 -0.812238
    endloop
  endfacet
  facet normal 0.111489 0.993639 0.015836
    outer loop
      vertex -0.839520 -1.650102 -0.942318
      vertex -0.892491 -1.643981 -0.953455
      vertex -0.897862 -1.644980 -0.852971
    endloop
  endfacet
  facet normal 0.139072 0.982969 0.120125
    outer loop
      vertex -0.971191 -1.617985 -1.075060
      vertex -0.997384 -1.625551 -0.982824
      vertex -0.892491 -1.643981 -0.953455
    endloop
  endfacet
  facet normal 0.209801 0.959897 0.185961
    outer loop
      vertex -1.051203 -1.578678 -1.164056
      vertex -1.093700 -1.597906 -1.016861
      vertex -0.997384 -1.625551 -0.982824
    endloop
  endfacet
  facet normal 0.349740 0.912849 0.210688
    outer loop
      vertex -1.120577 -1.530971 -1.262254
      vertex -1.172837 -1.559974 -1.049841
      vertex -1.093700 -1.597906 -1.016861
    endloop
  endfacet
  facet normal 0.586821 0.784564 0.200252
    outer loop
      vertex -1.178786 -1.477188 -1.356757
      vertex -1.228342 -1.511632 -1.076590
      vertex -1.172837 -1.559974 -1.049841
    endloop
  endfacet
  facet normal 0.695722 0.687657 0.207600
    outer loop
      vertex -1.250605 -1.485849 -1.087383
      vertex -1.228342 -1.511632 -1.076590
      vertex -1.178786 -1.477188 -1.356757
    endloop
  endfacet
  facet normal -0.411002 0.857929 0.308277
    outer loop
      vertex -0.706637 -1.945392 1.004433
      vertex -0.730039 -2.017963 1.175195
      vertex -0.726161 -2.018313 1.181340
    endloop
  endfacet
  facet normal -0.645838 0.741371 0.182379
    outer loop
      vertex -0.672861 -1.822296 0.623651
      vertex -0.706637 -1.945392 1.004433
      vertex -0.659567 -1.815490 0.643060
    endloop
  endfacet
  facet normal 0.117639 0.881858 0.456605
    outer loop
      vertex -0.749832 -2.099121 1.343507
      vertex -0.719269 -2.010751 1.164960
      vertex -0.726161 -2.018313 1.181340
    endloop
  endfacet
  facet normal 0.145285 0.874054 0.463597
    outer loop
      vertex -0.751975 -2.121299 1.383634
      vertex -0.692818 -2.095774 1.316971
      vertex -0.719269 -2.010751 1.164960
    endloop
  endfacet
  facet normal 0.264803 0.798445 0.540707
    outer loop
      vertex -0.737958 -2.193936 1.484030
      vertex -0.692818 -2.095774 1.316971
      vertex -0.751975 -2.121299 1.383634
    endloop
  endfacet
  facet normal -0.566449 0.806322 0.170239
    outer loop
      vertex -0.612007 -1.700127 0.254908
      vertex -0.631525 -1.711142 0.242132
      vertex -0.659567 -1.815490 0.643060
    endloop
  endfacet
  facet normal -0.696668 0.710043 0.102432
    outer loop
      vertex -0.591421 -1.613173 -0.164217
      vertex -0.640558 -1.661689 -0.162102
      vertex -0.631525 -1.711142 0.242132
    endloop
  endfacet
  facet normal -0.659215 0.745812 0.095916
    outer loop
      vertex -0.615100 -1.590264 -0.542508
      vertex -0.647268 -1.622774 -0.510802
      vertex -0.640558 -1.661689 -0.162102
    endloop
  endfacet
  facet normal 0.401863 0.910686 0.095693
    outer loop
      vertex -2.309555 -1.497415 -0.832855
      vertex -2.354185 -1.474816 -0.860500
      vertex -2.289888 -1.530475 -0.600824
    endloop
  endfacet
  facet normal 0.151509 0.980422 0.125769
    outer loop
      vertex -2.420508 -1.454481 -0.939119
      vertex -2.328359 -1.509992 -0.617398
      vertex -2.354185 -1.474816 -0.860500
    endloop
  endfacet
  facet normal 0.576167 0.813853 0.075329
    outer loop
      vertex -2.272373 -1.527710 -0.789935
      vertex -2.309555 -1.497415 -0.832855
      vertex -2.257283 -1.558362 -0.574188
    endloop
  endfacet
  facet normal 0.659311 0.748804 0.067840
    outer loop
      vertex -2.272373 -1.527710 -0.789935
      vertex -2.226787 -1.590264 -0.542508
      vertex -2.238482 -1.562147 -0.739208
    endloop
  endfacet
  facet normal 0.662709 0.747937 0.037522
    outer loop
      vertex -2.249560 -1.542181 -0.941531
      vertex -2.238482 -1.562147 -0.739208
      vertex -2.212056 -1.579088 -0.868251
    endloop
  endfacet
  facet normal 0.263635 0.964520 0.014076
    outer loop
      vertex -2.121464 -1.635258 -0.904561
      vertex -2.117314 -1.638497 -0.760391
      vertex -2.085711 -1.647302 -0.748924
    endloop
  endfacet
  facet normal 0.611005 0.791619 -0.003503
    outer loop
      vertex -2.219619 -1.575158 -1.051910
      vertex -2.169712 -1.612584 -0.804472
      vertex -2.175232 -1.609035 -0.965530
    endloop
  endfacet
  facet normal 0.431126 0.902257 0.007856
    outer loop
      vertex -2.175232 -1.609035 -0.965530
      vertex -2.117314 -1.638497 -0.760391
      vertex -2.121464 -1.635258 -0.904561
    endloop
  endfacet
  facet normal 0.697209 0.716743 -0.013374
    outer loop
      vertex -2.259965 -1.537750 -1.150437
      vertex -2.212056 -1.579088 -0.868251
      vertex -2.219619 -1.575158 -1.051910
    endloop
  endfacet
  facet normal -0.120160 0.981780 -0.147208
    outer loop
      vertex -2.002367 -1.650102 -0.942318
      vertex -2.006658 -1.657443 -0.987776
      vertex -2.053626 -1.651391 -0.909076
    endloop
  endfacet
  facet normal 0.187951 0.982056 -0.015535
    outer loop
      vertex -2.053626 -1.651391 -0.909076
      vertex -2.089392 -1.644209 -0.887751
      vertex -2.050800 -1.650109 -0.793814
    endloop
  endfacet
  facet normal 0.104850 0.994299 0.019374
    outer loop
      vertex -2.089392 -1.644209 -0.887751
      vertex -2.085711 -1.647302 -0.748924
      vertex -2.050800 -1.650109 -0.793814
    endloop
  endfacet
  facet normal -0.336737 0.918285 0.208231
    outer loop
      vertex -1.721310 -1.530971 -1.262254
      vertex -1.790685 -1.578678 -1.164056
      vertex -1.669050 -1.559974 -1.049841
    endloop
  endfacet
  facet normal -0.248437 0.948683 0.195651
    outer loop
      vertex -1.790685 -1.578678 -1.164056
      vertex -1.870696 -1.617985 -1.075060
      vertex -1.748188 -1.597906 -1.016861
    endloop
  endfacet
  facet normal -0.212909 0.967021 0.139785
    outer loop
      vertex -1.870696 -1.617985 -1.075060
      vertex -1.959519 -1.647163 -1.008499
      vertex -1.844503 -1.625551 -0.982824
    endloop
  endfacet
  facet normal -0.265197 0.955489 -0.129272
    outer loop
      vertex -1.959519 -1.647163 -1.008499
      vertex -2.006658 -1.657443 -0.987776
      vertex -2.002367 -1.650102 -0.942318
    endloop
  endfacet
  facet normal -0.566151 0.786524 0.246683
    outer loop
      vertex -1.721310 -1.530971 -1.262254
      vertex -1.669050 -1.559974 -1.049841
      vertex -1.613546 -1.511632 -1.076590
    endloop
  endfacet
  facet normal -0.619542 0.770940 0.147711
    outer loop
      vertex -1.604898 -1.424814 -1.437670
      vertex -1.568813 -1.461115 -1.096851
      vertex -1.543248 -1.438957 -1.105275
    endloop
  endfacet
  facet normal -0.480463 0.868372 0.122819
    outer loop
      vertex -1.570345 -1.402303 -1.470429
      vertex -1.543248 -1.438957 -1.105275
      vertex -1.511913 -1.420552 -1.112815
    endloop
  endfacet
  facet normal 0.118538 0.981951 0.147378
    outer loop
      vertex -1.420944 -1.426084 -0.951741
      vertex -1.369765 -1.407064 -1.119632
      vertex -1.420944 -1.399932 -1.125989
    endloop
  endfacet
  facet normal -0.125486 0.987298 0.097446
    outer loop
      vertex -1.480446 -1.369125 -1.514744
      vertex -1.472123 -1.407064 -1.119632
      vertex -1.420944 -1.399932 -1.125989
    endloop
  endfacet
  facet normal -0.245700 0.964402 0.097780
    outer loop
      vertex -1.480446 -1.369125 -1.514744
      vertex -1.529507 -1.383472 -1.496516
      vertex -1.472123 -1.407064 -1.119632
    endloop
  endfacet
  facet normal -0.359700 0.927018 0.106080
    outer loop
      vertex -1.529507 -1.383472 -1.496516
      vertex -1.570345 -1.402303 -1.470429
      vertex -1.511913 -1.420552 -1.112815
    endloop
  endfacet
  facet normal -0.703017 0.695493 0.148513
    outer loop
      vertex -1.591283 -1.485849 -1.087383
      vertex -1.568813 -1.461115 -1.096851
      vertex -1.604898 -1.424814 -1.437670
    endloop
  endfacet
  facet normal -0.706879 0.684697 0.177515
    outer loop
      vertex -1.613546 -1.511632 -1.076590
      vertex -1.591283 -1.485849 -1.087383
      vertex -1.635095 -1.450179 -1.399428
    endloop
  endfacet
  facet normal 0.293666 0.943595 0.152937
    outer loop
      vertex -1.329975 -1.420552 -1.112815
      vertex -1.369765 -1.407064 -1.119632
      vertex -1.341469 -1.462730 -0.830516
    endloop
  endfacet
  facet normal 0.484465 0.868349 0.106131
    outer loop
      vertex -1.312381 -1.383472 -1.496516
      vertex -1.329975 -1.420552 -1.112815
      vertex -1.298639 -1.438957 -1.105275
    endloop
  endfacet
  facet normal 0.626339 0.769668 0.123736
    outer loop
      vertex -1.271543 -1.402303 -1.470429
      vertex -1.298639 -1.438957 -1.105275
      vertex -1.273074 -1.461115 -1.096851
    endloop
  endfacet
  facet normal 0.693760 0.698066 0.177202
    outer loop
      vertex -1.206793 -1.450179 -1.399428
      vertex -1.273074 -1.461115 -1.096851
      vertex -1.250605 -1.485849 -1.087383
    endloop
  endfacet
  facet normal 0.179992 0.976689 0.116967
    outer loop
      vertex -2.420508 -1.454481 -0.939119
      vertex -2.372882 -1.504701 -0.593070
      vertex -2.328359 -1.509992 -0.617398
    endloop
  endfacet
  facet normal -0.275486 0.943795 0.182641
    outer loop
      vertex -2.446383 -1.461267 -0.928378
      vertex -2.384617 -1.536047 -0.448787
      vertex -2.372882 -1.504701 -0.593070
    endloop
  endfacet
  facet normal -0.387050 0.887706 0.249339
    outer loop
      vertex -2.384617 -1.536047 -0.448787
      vertex -2.344385 -1.665133 0.073241
      vertex -2.314787 -1.652117 0.072848
    endloop
  endfacet
  facet normal 0.873026 -0.322052 -0.366209
    outer loop
      vertex -0.070760 -1.699220 -1.077437
      vertex -0.095010 -1.713494 -1.122695
      vertex -0.161608 -1.615261 -1.367849
    endloop
  endfacet
  facet normal 0.958902 -0.057894 -0.277768
    outer loop
      vertex 0.065996 -1.840905 -0.575802
      vertex -0.070760 -1.699220 -1.077437
      vertex -0.061085 -1.676788 -1.048710
    endloop
  endfacet
  facet normal 0.941518 -0.229865 -0.246385
    outer loop
      vertex 0.110189 -1.903811 -0.348236
      vertex 0.065996 -1.840905 -0.575802
      vertex 0.075930 -1.824249 -0.553379
    endloop
  endfacet
  facet normal 0.638303 -0.644186 -0.421418
    outer loop
      vertex -0.227135 -1.632782 -1.462642
      vertex -0.200559 -1.630048 -1.426566
      vertex -0.173858 -1.723406 -1.243415
    endloop
  endfacet
  facet normal 0.534242 -0.728378 -0.429011
    outer loop
      vertex -0.285865 -1.632987 -1.535430
      vertex -0.227135 -1.632782 -1.462642
      vertex -0.270878 -1.718199 -1.372092
    endloop
  endfacet
  facet normal 0.833219 -0.396621 -0.385275
    outer loop
      vertex -0.095010 -1.713494 -1.122695
      vertex -0.178141 -1.624478 -1.394116
      vertex -0.161608 -1.615261 -1.367849
    endloop
  endfacet
  facet normal 0.728741 -0.549092 -0.409187
    outer loop
      vertex -0.130491 -1.721070 -1.179637
      vertex -0.200559 -1.630048 -1.426566
      vertex -0.178141 -1.624478 -1.394116
    endloop
  endfacet
  facet normal 0.929301 -0.264488 -0.257772
    outer loop
      vertex 0.121855 -1.884025 -0.326480
      vertex 0.110189 -1.903811 -0.348236
      vertex 0.075930 -1.824249 -0.553379
    endloop
  endfacet
  facet normal 0.911910 -0.363989 -0.189558
    outer loop
      vertex 0.144800 -1.941537 -0.105662
      vertex 0.131731 -1.964197 -0.125021
      vertex 0.121855 -1.884025 -0.326480
    endloop
  endfacet
  facet normal 0.894436 -0.429480 -0.124625
    outer loop
      vertex 0.148314 -1.997475 0.112329
      vertex 0.134081 -2.022308 0.095760
      vertex 0.144800 -1.941537 -0.105662
    endloop
  endfacet
  facet normal 0.877856 -0.475293 -0.058870
    outer loop
      vertex 0.133272 -2.051992 0.328177
      vertex 0.118232 -2.077952 0.313485
      vertex 0.148314 -1.997475 0.112329
    endloop
  endfacet
  facet normal 0.862305 -0.506253 0.011755
    outer loop
      vertex 0.099395 -2.104769 0.540364
      vertex 0.118232 -2.077952 0.313485
      vertex 0.133272 -2.051992 0.328177
    endloop
  endfacet
  facet normal 0.837216 -0.540265 0.084752
    outer loop
      vertex 0.045824 -2.155366 0.747020
      vertex 0.083925 -2.130884 0.526706
      vertex 0.099395 -2.104769 0.540364
    endloop
  endfacet
  facet normal 0.802022 -0.574397 0.163796
    outer loop
      vertex -0.028857 -2.203081 0.945364
      vertex 0.030349 -2.180748 0.733784
      vertex 0.045824 -2.155366 0.747020
    endloop
  endfacet
  facet normal 0.752002 -0.610108 0.249521
    outer loop
      vertex -0.126593 -2.247100 1.132289
      vertex -0.043825 -2.226905 0.932222
      vertex -0.028857 -2.203081 0.945364
    endloop
  endfacet
  facet normal 0.677776 -0.647817 0.347782
    outer loop
      vertex -0.250318 -2.285738 1.301439
      vertex -0.140418 -2.268578 1.119225
      vertex -0.126593 -2.247100 1.132289
    endloop
  endfacet
  facet normal 0.697357 -0.423212 0.578433
    outer loop
      vertex -0.322833 -2.302329 1.376724
      vertex -0.250318 -2.285738 1.301439
      vertex -0.277130 -2.273109 1.343004
    endloop
  endfacet
  facet normal 0.687823 -0.329307 0.646882
    outer loop
      vertex -0.350852 -2.290452 1.412562
      vertex -0.322833 -2.302329 1.376724
      vertex -0.277130 -2.273109 1.343004
    endloop
  endfacet
  facet normal 0.586135 -0.210231 0.782463
    outer loop
      vertex -0.350852 -2.290452 1.412562
      vertex -0.484420 -2.313832 1.506335
      vertex -0.402748 -2.316687 1.444388
    endloop
  endfacet
  facet normal 0.416467 -0.508317 0.753770
    outer loop
      vertex -0.584077 -2.335758 1.546610
      vertex -0.484420 -2.313832 1.506335
      vertex -0.564261 -2.323248 1.544099
    endloop
  endfacet
  facet normal 0.324635 -0.336743 0.883864
    outer loop
      vertex -0.621983 -2.328075 1.563460
      vertex -0.584077 -2.335758 1.546610
      vertex -0.564261 -2.323248 1.544099
    endloop
  endfacet
  facet normal 0.204600 -0.086059 0.975055
    outer loop
      vertex -0.621983 -2.328075 1.563460
      vertex -0.709312 -2.332546 1.581390
      vertex -0.683788 -2.338507 1.575508
    endloop
  endfacet
  facet normal 0.108613 0.007233 0.994058
    outer loop
      vertex -0.716263 -2.324270 1.582089
      vertex -0.734040 -2.333221 1.584097
      vertex -0.709312 -2.332546 1.581390
    endloop
  endfacet
  facet normal 0.419340 0.725671 0.545487
    outer loop
      vertex -0.712646 -2.212352 1.487298
      vertex -0.649866 -2.121711 1.318457
      vertex -0.692818 -2.095774 1.316971
    endloop
  endfacet
  facet normal 0.221931 0.705719 0.672836
    outer loop
      vertex -0.715297 -2.286278 1.558617
      vertex -0.648892 -2.246087 1.494558
      vertex -0.684661 -2.230665 1.490181
    endloop
  endfacet
  facet normal 0.176975 0.740658 0.648155
    outer loop
      vertex -0.668310 -2.302816 1.564685
      vertex -0.648892 -2.246087 1.494558
      vertex -0.715297 -2.286278 1.558617
    endloop
  endfacet
  facet normal 0.136167 0.422542 0.896056
    outer loop
      vertex -0.716263 -2.324270 1.582089
      vertex -0.648019 -2.313747 1.566756
      vertex -0.668310 -2.302816 1.564685
    endloop
  endfacet
  facet normal 0.418879 0.725952 0.545467
    outer loop
      vertex -0.684661 -2.230665 1.490181
      vertex -0.649866 -2.121711 1.318457
      vertex -0.712646 -2.212352 1.487298
    endloop
  endfacet
  facet normal -0.498088 -0.481877 -0.720904
    outer loop
      vertex -0.447950 -1.578078 -1.609559
      vertex -0.413256 -1.569733 -1.639108
      vertex -0.417071 -1.607075 -1.611511
    endloop
  endfacet
  facet normal -0.602777 -0.222294 -0.766320
    outer loop
      vertex -0.446962 -1.557179 -1.616236
      vertex -0.412126 -1.549336 -1.645913
      vertex -0.413256 -1.569733 -1.639108
    endloop
  endfacet
  facet normal -0.784348 0.091419 -0.613548
    outer loop
      vertex -0.446962 -1.557179 -1.616236
      vertex -0.477728 -1.545527 -1.575170
      vertex -0.436175 -1.532757 -1.626387
    endloop
  endfacet
  facet normal -0.763651 0.373932 -0.526319
    outer loop
      vertex -0.436175 -1.532757 -1.626387
      vertex -0.477728 -1.545527 -1.575170
      vertex -0.477729 -1.518458 -1.555936
    endloop
  endfacet
  facet normal -0.840605 0.449211 -0.302643
    outer loop
      vertex -0.530059 -1.546826 -1.452694
      vertex -0.479216 -1.501548 -1.526707
      vertex -0.477729 -1.518458 -1.555936
    endloop
  endfacet
  facet normal -0.904004 0.355061 -0.238135
    outer loop
      vertex -0.574838 -1.579697 -1.331714
      vertex -0.530954 -1.531323 -1.426181
      vertex -0.530059 -1.546826 -1.452694
    endloop
  endfacet
  facet normal -0.913413 0.338803 -0.225589
    outer loop
      vertex -0.617437 -1.612973 -1.209208
      vertex -0.575350 -1.565564 -1.308417
      vertex -0.574838 -1.579697 -1.331714
    endloop
  endfacet
  facet normal -0.308748 0.590936 -0.745298
    outer loop
      vertex -0.767337 -1.679663 -1.002329
      vertex -0.749830 -1.670912 -1.002642
      vertex -0.749775 -1.677891 -1.008199
    endloop
  endfacet
  facet normal -0.482061 0.543383 -0.687279
    outer loop
      vertex -0.749775 -1.677891 -1.008199
      vertex -0.749830 -1.670912 -1.002642
      vertex -0.733275 -1.667999 -1.011950
    endloop
  endfacet
  facet normal -0.615351 0.482145 -0.623601
    outer loop
      vertex -0.733275 -1.667999 -1.011950
      vertex -0.717684 -1.664274 -1.024456
      vertex -0.733256 -1.675239 -1.017567
    endloop
  endfacet
  facet normal -0.746393 0.551871 -0.371935
    outer loop
      vertex -0.717896 -1.654416 -1.009403
      vertex -0.663436 -1.631210 -1.084258
      vertex -0.717684 -1.664274 -1.024456
    endloop
  endfacet
  facet normal -0.880566 0.390709 -0.268235
    outer loop
      vertex -0.663436 -1.631210 -1.084258
      vertex -0.617724 -1.600221 -1.189186
      vertex -0.663247 -1.642542 -1.101386
    endloop
  endfacet
  facet normal -0.914028 0.336092 -0.227145
    outer loop
      vertex -0.617724 -1.600221 -1.189186
      vertex -0.575350 -1.565564 -1.308417
      vertex -0.617437 -1.612973 -1.209208
    endloop
  endfacet
  facet normal -0.108757 0.351877 -0.929707
    outer loop
      vertex -0.785944 -1.688036 -1.003598
      vertex -0.785983 -1.683871 -1.002017
      vertex -0.767320 -1.687540 -1.005589
    endloop
  endfacet
  facet normal -0.130744 0.516792 -0.846069
    outer loop
      vertex -0.785983 -1.683871 -1.002017
      vertex -0.786027 -1.680933 -1.000216
      vertex -0.767337 -1.679663 -1.002329
    endloop
  endfacet
  facet normal 0.573225 0.211919 -0.791520
    outer loop
      vertex -0.849987 -1.677581 -1.028457
      vertex -0.830265 -1.678449 -1.014406
      vertex -0.829885 -1.681596 -1.014974
    endloop
  endfacet
  facet normal 0.228609 0.137720 -0.963728
    outer loop
      vertex -0.808746 -1.681787 -1.005697
      vertex -0.797526 -1.682991 -1.003207
      vertex -0.808418 -1.687334 -1.006412
    endloop
  endfacet
  facet normal 0.394571 0.208986 -0.894784
    outer loop
      vertex -0.830265 -1.678449 -1.014406
      vertex -0.808746 -1.681787 -1.005697
      vertex -0.829885 -1.681596 -1.014974
    endloop
  endfacet
  facet normal 0.064016 0.222392 -0.972853
    outer loop
      vertex -0.797362 -1.687859 -1.004309
      vertex -0.797526 -1.682991 -1.003207
      vertex -0.785944 -1.688036 -1.003598
    endloop
  endfacet
  facet normal 0.046748 -0.813894 -0.579130
    outer loop
      vertex -0.341632 -1.636996 -1.585034
      vertex -0.344983 -1.652405 -1.563650
      vertex -0.387879 -1.657680 -1.559699
    endloop
  endfacet
  facet normal 0.469066 -0.749751 -0.466744
    outer loop
      vertex -0.341632 -1.636996 -1.585034
      vertex -0.285865 -1.632987 -1.535430
      vertex -0.344983 -1.652405 -1.563650
    endloop
  endfacet
  facet normal -0.018738 -0.757469 -0.652602
    outer loop
      vertex -0.334263 -1.597798 -1.630743
      vertex -0.341632 -1.636996 -1.585034
      vertex -0.387879 -1.657680 -1.559699
    endloop
  endfacet
  facet normal 0.002302 -0.660203 -0.751084
    outer loop
      vertex -0.378246 -1.600669 -1.628354
      vertex -0.330948 -1.575669 -1.650184
      vertex -0.334263 -1.597798 -1.630743
    endloop
  endfacet
  facet normal -0.245956 -0.570190 -0.783830
    outer loop
      vertex -0.417071 -1.607075 -1.611511
      vertex -0.373984 -1.564520 -1.655987
      vertex -0.378246 -1.600669 -1.628354
    endloop
  endfacet
  facet normal -0.809467 0.516243 -0.279744
    outer loop
      vertex -1.937705 -1.659107 -1.094566
      vertex -1.902981 -1.636540 -1.153397
      vertex -1.905555 -1.642278 -1.156539
    endloop
  endfacet
  facet normal -0.848353 0.490119 -0.200204
    outer loop
      vertex -1.905555 -1.642278 -1.156539
      vertex -1.902981 -1.636540 -1.153397
      vertex -1.842659 -1.593601 -1.303889
    endloop
  endfacet
  facet normal -0.836644 0.531623 -0.131927
    outer loop
      vertex -1.784489 -1.544624 -1.475431
      vertex -1.870395 -1.625236 -1.255474
      vertex -1.842659 -1.593601 -1.303889
    endloop
  endfacet
  facet normal -0.831685 0.534913 -0.148892
    outer loop
      vertex -1.784489 -1.544624 -1.475431
      vertex -1.721830 -1.494808 -1.646459
      vertex -1.753334 -1.535330 -1.616066
    endloop
  endfacet
  facet normal 0.831684 0.534915 -0.148892
    outer loop
      vertex -1.057399 -1.544624 -1.475431
      vertex -1.088554 -1.535330 -1.616066
      vertex -1.120057 -1.494808 -1.646459
    endloop
  endfacet
  facet normal 0.836641 0.531627 -0.131925
    outer loop
      vertex -0.971492 -1.625236 -1.255474
      vertex -1.057399 -1.544624 -1.475431
      vertex -0.999228 -1.593601 -1.303889
    endloop
  endfacet
  facet normal 0.806330 0.537821 -0.246129
    outer loop
      vertex -1.120057 -1.494808 -1.646459
      vertex -1.171591 -1.488886 -1.802344
      vertex -1.195485 -1.450082 -1.795831
    endloop
  endfacet
  facet normal 0.690642 0.484248 -0.537138
    outer loop
      vertex -1.236027 -1.466088 -1.893782
      vertex -1.251506 -1.462036 -1.910033
      vertex -1.238452 -1.446123 -1.878902
    endloop
  endfacet
  facet normal 0.762472 0.531447 -0.369052
    outer loop
      vertex -1.195485 -1.450082 -1.795831
      vertex -1.171591 -1.488886 -1.802344
      vertex -1.238452 -1.446123 -1.878902
    endloop
  endfacet
  facet normal 0.620081 0.483537 -0.617812
    outer loop
      vertex -1.251506 -1.462036 -1.910033
      vertex -1.289746 -1.454030 -1.942146
      vertex -1.291284 -1.432415 -1.926774
    endloop
  endfacet
  facet normal 0.700546 0.690335 -0.180758
    outer loop
      vertex -0.905920 -1.654146 -1.092798
      vertex -0.938906 -1.636540 -1.153397
      vertex -0.943960 -1.628977 -1.144103
    endloop
  endfacet
  facet normal 0.753135 0.647346 -0.117176
    outer loop
      vertex -0.943960 -1.628977 -1.144103
      vertex -0.938906 -1.636540 -1.153397
      vertex -0.999228 -1.593601 -1.303889
    endloop
  endfacet
  facet normal 0.690688 0.305135 -0.655624
    outer loop
      vertex -0.850641 -1.673936 -1.027809
      vertex -0.868996 -1.672439 -1.046449
      vertex -0.869976 -1.668328 -1.045567
    endloop
  endfacet
  facet normal 0.774691 0.434977 -0.458964
    outer loop
      vertex -0.869976 -1.668328 -1.045567
      vertex -0.904182 -1.659107 -1.094566
      vertex -0.905920 -1.654146 -1.092798
    endloop
  endfacet
  facet normal 0.570047 0.241845 -0.785212
    outer loop
      vertex -0.850641 -1.673936 -1.027809
      vertex -0.830265 -1.678449 -1.014406
      vertex -0.849987 -1.677581 -1.028457
    endloop
  endfacet
  facet normal -0.472153 0.532988 -0.702137
    outer loop
      vertex -1.552142 -1.454030 -1.942146
      vertex -1.550603 -1.432415 -1.926774
      vertex -1.510202 -1.448117 -1.965861
    endloop
  endfacet
  facet normal -0.657129 0.467381 -0.591385
    outer loop
      vertex -1.552142 -1.454030 -1.942146
      vertex -1.603435 -1.446123 -1.878902
      vertex -1.550603 -1.432415 -1.926774
    endloop
  endfacet
  facet normal -0.696076 0.637821 -0.329641
    outer loop
      vertex -1.646403 -1.450082 -1.795831
      vertex -1.601035 -1.431594 -1.855858
      vertex -1.603435 -1.446123 -1.878902
    endloop
  endfacet
  facet normal -0.692398 0.708282 -0.137557
    outer loop
      vertex -1.646403 -1.450082 -1.795831
      vertex -1.721830 -1.494808 -1.646459
      vertex -1.639990 -1.434150 -1.746077
    endloop
  endfacet
  facet normal -0.077939 0.459482 -0.884761
    outer loop
      vertex -1.457017 -1.444225 -1.981472
      vertex -1.420944 -1.421962 -1.973088
      vertex -1.420944 -1.443523 -1.984285
    endloop
  endfacet
  facet normal -0.289530 0.529184 -0.797582
    outer loop
      vertex -1.490827 -1.446269 -1.973272
      vertex -1.490127 -1.422983 -1.958076
      vertex -1.456854 -1.431256 -1.975644
    endloop
  endfacet
  facet normal -0.041281 0.410018 -0.911143
    outer loop
      vertex -1.457017 -1.444225 -1.981472
      vertex -1.456854 -1.431256 -1.975644
      vertex -1.420944 -1.421962 -1.973088
    endloop
  endfacet
  facet normal -0.446058 0.569993 -0.690029
    outer loop
      vertex -1.550603 -1.432415 -1.926774
      vertex -1.490127 -1.422983 -1.958076
      vertex -1.510202 -1.448117 -1.965861
    endloop
  endfacet
  facet normal 0.348027 0.519652 -0.780281
    outer loop
      vertex -1.351060 -1.446269 -1.973272
      vertex -1.351760 -1.422983 -1.958076
      vertex -1.331686 -1.448117 -1.965861
    endloop
  endfacet
  facet normal 0.462007 0.577487 -0.673096
    outer loop
      vertex -1.331686 -1.448117 -1.965861
      vertex -1.351760 -1.422983 -1.958076
      vertex -1.289746 -1.454030 -1.942146
    endloop
  endfacet
  facet normal 0.289530 0.529184 -0.797582
    outer loop
      vertex -1.385034 -1.431256 -1.975644
      vertex -1.351760 -1.422983 -1.958076
      vertex -1.351060 -1.446269 -1.973272
    endloop
  endfacet
  facet normal 0.056043 0.460160 -0.886066
    outer loop
      vertex -1.420944 -1.443523 -1.984285
      vertex -1.420944 -1.421962 -1.973088
      vertex -1.385034 -1.431256 -1.975644
    endloop
  endfacet
  facet normal -0.559272 -0.002950 -0.828979
    outer loop
      vertex -2.012382 -1.685290 -1.014612
      vertex -1.991901 -1.677581 -1.028457
      vertex -1.991477 -1.681770 -1.028728
    endloop
  endfacet
  facet normal -0.684086 -0.022029 -0.729069
    outer loop
      vertex -1.991901 -1.677581 -1.028457
      vertex -1.972891 -1.672439 -1.046449
      vertex -1.991477 -1.681770 -1.028728
    endloop
  endfacet
  facet normal -0.780314 0.433878 -0.450399
    outer loop
      vertex -1.937705 -1.659107 -1.094566
      vertex -1.972891 -1.672439 -1.046449
      vertex -1.935967 -1.654146 -1.092798
    endloop
  endfacet
  facet normal -0.063747 0.149391 -0.986721
    outer loop
      vertex -2.033626 -1.719180 -1.009755
      vertex -2.055944 -1.688036 -1.003598
      vertex -2.044526 -1.687859 -1.004309
    endloop
  endfacet
  facet normal -0.184572 0.222912 -0.957206
    outer loop
      vertex -2.044526 -1.687859 -1.004309
      vertex -2.044362 -1.682991 -1.003207
      vertex -2.034806 -1.687417 -1.006080
    endloop
  endfacet
  facet normal -0.350426 -0.055634 -0.934937
    outer loop
      vertex -2.034806 -1.687417 -1.006080
      vertex -2.012002 -1.681596 -1.014974
      vertex -2.012382 -1.685290 -1.014612
    endloop
  endfacet
  facet normal 0.478181 0.544724 -0.688926
    outer loop
      vertex -2.108632 -1.675239 -1.017567
      vertex -2.092058 -1.670912 -1.002642
      vertex -2.092113 -1.677891 -1.008199
    endloop
  endfacet
  facet normal 0.513035 0.525286 -0.678873
    outer loop
      vertex -2.124036 -1.680614 -1.033367
      vertex -2.108612 -1.667999 -1.011950
      vertex -2.108632 -1.675239 -1.017567
    endloop
  endfacet
  facet normal 0.308748 0.590936 -0.745298
    outer loop
      vertex -2.092113 -1.677891 -1.008199
      vertex -2.092058 -1.670912 -1.002642
      vertex -2.074551 -1.679663 -1.002329
    endloop
  endfacet
  facet normal 0.126899 0.519269 -0.845137
    outer loop
      vertex -2.074551 -1.679663 -1.002329
      vertex -2.055828 -1.678595 -0.998861
      vertex -2.055907 -1.683834 -1.002092
    endloop
  endfacet
  facet normal -0.063706 0.337311 -0.939235
    outer loop
      vertex -2.055944 -1.688036 -1.003598
      vertex -2.055907 -1.683834 -1.002092
      vertex -2.044526 -1.687859 -1.004309
    endloop
  endfacet
  facet normal -0.466387 -0.680669 0.564953
    outer loop
      vertex -2.344980 -2.340372 1.493107
      vertex -2.351938 -2.328150 1.502089
      vertex -2.430286 -2.331200 1.433735
    endloop
  endfacet
  facet normal -0.422313 -0.362146 0.830965
    outer loop
      vertex -2.262258 -2.324531 1.549243
      vertex -2.351938 -2.328150 1.502089
      vertex -2.257811 -2.335758 1.546610
    endloop
  endfacet
  facet normal -0.316235 -0.928700 0.193680
    outer loop
      vertex -2.541557 -2.332297 1.246792
      vertex -2.430286 -2.331200 1.433735
      vertex -2.508569 -2.318884 1.364969
    endloop
  endfacet
  facet normal -0.414099 -0.884244 0.215952
    outer loop
      vertex -2.579722 -2.304123 1.288973
      vertex -2.541557 -2.332297 1.246792
      vertex -2.508569 -2.318884 1.364969
    endloop
  endfacet
  facet normal -0.464875 -0.872451 0.150730
    outer loop
      vertex -2.701470 -2.268578 1.119225
      vertex -2.655955 -2.301042 1.071693
      vertex -2.579722 -2.304123 1.288973
    endloop
  endfacet
  facet normal -0.520700 -0.850027 0.079535
    outer loop
      vertex -2.798063 -2.226905 0.932222
      vertex -2.747588 -2.262591 0.881277
      vertex -2.701470 -2.268578 1.119225
    endloop
  endfacet
  facet normal -0.564374 -0.825301 0.018988
    outer loop
      vertex -2.872237 -2.180748 0.733784
      vertex -2.818817 -2.218508 0.680323
      vertex -2.798063 -2.226905 0.932222
    endloop
  endfacet
  facet normal -0.601647 -0.797929 -0.036477
    outer loop
      vertex -2.925812 -2.130884 0.526706
      vertex -2.871220 -2.169503 0.471036
      vertex -2.872237 -2.180748 0.733784
    endloop
  endfacet
  facet normal -0.664908 -0.734077 -0.137944
    outer loop
      vertex -2.923757 -2.058460 0.034488
      vertex -2.905959 -2.116086 0.255358
      vertex -2.960119 -2.077952 0.313485
    endloop
  endfacet
  facet normal -0.635090 -0.767373 -0.088317
    outer loop
      vertex -2.960119 -2.077952 0.313485
      vertex -2.905959 -2.116086 0.255358
      vertex -2.925812 -2.130884 0.526706
    endloop
  endfacet
  facet normal -0.493991 -0.839009 -0.228116
    outer loop
      vertex -2.851854 -2.014822 -0.281718
      vertex -2.923757 -2.058460 0.034488
      vertex -2.924828 -1.996723 -0.190262
    endloop
  endfacet
  facet normal -0.409116 -0.867889 -0.281765
    outer loop
      vertex -2.759777 -1.950963 -0.612111
      vertex -2.851854 -2.014822 -0.281718
      vertex -2.841645 -1.946489 -0.507020
    endloop
  endfacet
  facet normal 0.504068 -0.470011 -0.724573
    outer loop
      vertex -2.428632 -1.569733 -1.639108
      vertex -2.393937 -1.578078 -1.609559
      vertex -2.390494 -1.616525 -1.582224
    endloop
  endfacet
  facet normal 0.684840 -0.372224 -0.626453
    outer loop
      vertex -2.360018 -1.628527 -1.542503
      vertex -2.393937 -1.578078 -1.609559
      vertex -2.363153 -1.589049 -1.569387
    endloop
  endfacet
  facet normal 0.009156 -0.766412 -0.642283
    outer loop
      vertex -2.463641 -1.600669 -1.628354
      vertex -2.501361 -1.631580 -1.592007
      vertex -2.505908 -1.607895 -1.620334
    endloop
  endfacet
  facet normal 0.029306 -0.604872 -0.795784
    outer loop
      vertex -2.510741 -1.576069 -1.648787
      vertex -2.467903 -1.564520 -1.655987
      vertex -2.463641 -1.600669 -1.628354
    endloop
  endfacet
  facet normal 0.347621 -0.279381 -0.895045
    outer loop
      vertex -2.467903 -1.564520 -1.655987
      vertex -2.429762 -1.549336 -1.645913
      vertex -2.428632 -1.569733 -1.639108
    endloop
  endfacet
  facet normal -0.504430 -0.700540 -0.504771
    outer loop
      vertex -2.505908 -1.607895 -1.620334
      vertex -2.501361 -1.631580 -1.592007
      vertex -2.556022 -1.632987 -1.535430
    endloop
  endfacet
  facet normal -0.536039 -0.726196 -0.430466
    outer loop
      vertex -2.556022 -1.632987 -1.535430
      vertex -2.668030 -1.723406 -1.243415
      vertex -2.614752 -1.632782 -1.462642
    endloop
  endfacet
  facet normal -0.527652 -0.769168 -0.360506
    outer loop
      vertex -2.708781 -1.803878 -1.032614
      vertex -2.741440 -1.878637 -0.825309
      vertex -2.812440 -1.875843 -0.727352
    endloop
  endfacet
  facet normal -0.480306 -0.814709 -0.324892
    outer loop
      vertex -2.741440 -1.878637 -0.825309
      vertex -2.841645 -1.946489 -0.507020
      vertex -2.812440 -1.875843 -0.727352
    endloop
  endfacet
  facet normal -0.602016 -0.700253 -0.383695
    outer loop
      vertex -2.668030 -1.723406 -1.243415
      vertex -2.708781 -1.803878 -1.032614
      vertex -2.711397 -1.721070 -1.179637
    endloop
  endfacet
  facet normal 0.936747 -0.018482 -0.349520
    outer loop
      vertex -2.265778 -1.649078 -1.343402
      vertex -2.310647 -1.616846 -1.465361
      vertex -2.272086 -1.598430 -1.362987
    endloop
  endfacet
  facet normal 0.829377 -0.267979 -0.490226
    outer loop
      vertex -2.310647 -1.616846 -1.465361
      vertex -2.360018 -1.628527 -1.542503
      vertex -2.363153 -1.589049 -1.569387
    endloop
  endfacet
  facet normal 0.947380 -0.005766 -0.320059
    outer loop
      vertex -2.249954 -1.614837 -1.297181
      vertex -2.265778 -1.649078 -1.343402
      vertex -2.272086 -1.598430 -1.362987
    endloop
  endfacet
  facet normal 0.942608 0.186127 -0.277212
    outer loop
      vertex -2.224451 -1.612973 -1.209208
      vertex -2.249954 -1.614837 -1.297181
      vertex -2.267049 -1.579697 -1.331714
    endloop
  endfacet
  facet normal 0.919861 0.204446 -0.334751
    outer loop
      vertex -2.178215 -1.661118 -1.111561
      vertex -2.224451 -1.612973 -1.209208
      vertex -2.178641 -1.642542 -1.101386
    endloop
  endfacet
  facet normal 0.746189 0.552063 -0.372058
    outer loop
      vertex -2.123992 -1.654416 -1.009403
      vertex -2.124204 -1.664274 -1.024456
      vertex -2.178641 -1.642542 -1.101386
    endloop
  endfacet
  facet normal 0.541042 0.700036 -0.466072
    outer loop
      vertex -2.108612 -1.667999 -1.011950
      vertex -2.124204 -1.664274 -1.024456
      vertex -2.123992 -1.654416 -1.009403
    endloop
  endfacet
  facet normal -0.563667 0.790608 0.239203
    outer loop
      vertex -2.452080 -1.596253 -0.416546
      vertex -2.466504 -1.752701 0.066551
      vertex -2.399289 -1.705717 0.069648
    endloop
  endfacet
  facet normal -0.586536 0.771741 0.245748
    outer loop
      vertex -2.408634 -1.551389 -0.437306
      vertex -2.399289 -1.705717 0.069648
      vertex -2.344385 -1.665133 0.073241
    endloop
  endfacet
  facet normal -0.308041 0.906621 0.288355
    outer loop
      vertex -2.546596 -1.847231 0.288839
      vertex -2.520268 -1.906419 0.503057
      vertex -2.416962 -1.872203 0.505839
    endloop
  endfacet
  facet normal -0.299428 0.901868 0.311413
    outer loop
      vertex -2.386398 -1.936027 0.717521
      vertex -2.520268 -1.906419 0.503057
      vertex -2.486256 -1.968252 0.714832
    endloop
  endfacet
  facet normal -0.325855 0.902316 0.282212
    outer loop
      vertex -2.466504 -1.752701 0.066551
      vertex -2.567445 -1.790490 0.070824
      vertex -2.416962 -1.872203 0.505839
    endloop
  endfacet
  facet normal -0.143670 0.943006 0.300165
    outer loop
      vertex -2.486256 -1.968252 0.714832
      vertex -2.795809 -1.950911 0.512190
      vertex -2.749260 -2.010864 0.722821
    endloop
  endfacet
  facet normal -0.145607 0.934479 0.324881
    outer loop
      vertex -2.441647 -2.032950 0.924216
      vertex -2.749260 -2.010864 0.722821
      vertex -2.682116 -2.073921 0.934289
    endloop
  endfacet
  facet normal -0.149950 0.921961 0.357076
    outer loop
      vertex -2.382254 -2.100704 1.129365
      vertex -2.682116 -2.073921 0.934289
      vertex -2.588272 -2.139595 1.143266
    endloop
  endfacet
  facet normal -0.151383 0.908579 0.389316
    outer loop
      vertex -2.345206 -2.135767 1.228848
      vertex -2.588272 -2.139595 1.143266
      vertex -2.528674 -2.173070 1.244564
    endloop
  endfacet
  facet normal -0.282964 0.824483 0.490061
    outer loop
      vertex -2.458732 -2.206599 1.341357
      vertex -2.528674 -2.173070 1.244564
      vertex -2.606207 -2.201599 1.247794
    endloop
  endfacet
  facet normal -0.450509 0.590521 0.669572
    outer loop
      vertex -2.549472 -2.250534 1.345805
      vertex -2.430556 -2.262203 1.436107
      vertex -2.525415 -2.232479 1.346069
    endloop
  endfacet
  facet normal -0.386095 0.533070 0.752839
    outer loop
      vertex -2.450212 -2.277431 1.436809
      vertex -2.319992 -2.289675 1.512263
      vertex -2.430556 -2.262203 1.436107
    endloop
  endfacet
  facet normal -0.291313 0.426151 0.856465
    outer loop
      vertex -2.334174 -2.301349 1.513248
      vertex -2.262258 -2.324531 1.549243
      vertex -2.319992 -2.289675 1.512263
    endloop
  endfacet
  facet normal -0.496567 0.623302 0.604083
    outer loop
      vertex -2.525415 -2.232479 1.346069
      vertex -2.606207 -2.201599 1.247794
      vertex -2.633723 -2.221991 1.246216
    endloop
  endfacet
  facet normal -0.573384 0.815666 0.076938
    outer loop
      vertex -0.672176 -1.612584 -0.804472
      vertex -0.685414 -1.652112 -0.484072
      vertex -0.647268 -1.622774 -0.510802
    endloop
  endfacet
  facet normal -0.229629 0.967069 0.109762
    outer loop
      vertex -0.724574 -1.638497 -0.760391
      vertex -0.756177 -1.647302 -0.748924
      vertex -0.734407 -1.674097 -0.467301
    endloop
  endfacet
  facet normal -0.373425 0.922430 0.098371
    outer loop
      vertex -0.672176 -1.612584 -0.804472
      vertex -0.724574 -1.638497 -0.760391
      vertex -0.685414 -1.652112 -0.484072
    endloop
  endfacet
  facet normal -0.093568 0.990429 0.101467
    outer loop
      vertex -0.734407 -1.674097 -0.467301
      vertex -0.756177 -1.647302 -0.748924
      vertex -0.794133 -1.659016 -0.669582
    endloop
  endfacet
  facet normal -0.096434 0.995146 0.019616
    outer loop
      vertex -0.752496 -1.644209 -0.887751
      vertex -0.790635 -1.649393 -0.812238
      vertex -0.756177 -1.647302 -0.748924
    endloop
  endfacet
  facet normal 0.124698 0.990817 -0.052260
    outer loop
      vertex -0.787277 -1.657041 -0.949213
      vertex -0.839520 -1.650102 -0.942318
      vertex -0.790635 -1.649393 -0.812238
    endloop
  endfacet
  facet normal 0.143525 0.979032 -0.144558
    outer loop
      vertex -0.839520 -1.650102 -0.942318
      vertex -0.835229 -1.657443 -0.987776
      vertex -0.892491 -1.643981 -0.953455
    endloop
  endfacet
  facet normal 0.310619 0.950532 0.002168
    outer loop
      vertex -0.882369 -1.647163 -1.008499
      vertex -0.971191 -1.617985 -1.075060
      vertex -0.892491 -1.643981 -0.953455
    endloop
  endfacet
  facet normal 0.287158 0.944590 0.159030
    outer loop
      vertex -1.051203 -1.578678 -1.164056
      vertex -0.997384 -1.625551 -0.982824
      vertex -0.971191 -1.617985 -1.075060
    endloop
  endfacet
  facet normal 0.328291 0.919798 0.214933
    outer loop
      vertex -1.120577 -1.530971 -1.262254
      vertex -1.093700 -1.597906 -1.016861
      vertex -1.051203 -1.578678 -1.164056
    endloop
  endfacet
  facet normal 0.436889 0.870569 0.226356
    outer loop
      vertex -1.178786 -1.477188 -1.356757
      vertex -1.172837 -1.559974 -1.049841
      vertex -1.120577 -1.530971 -1.262254
    endloop
  endfacet
  facet normal 0.537611 0.825901 0.169891
    outer loop
      vertex -1.206793 -1.450179 -1.399428
      vertex -1.250605 -1.485849 -1.087383
      vertex -1.178786 -1.477188 -1.356757
    endloop
  endfacet
  facet normal -0.422594 0.853409 0.305134
    outer loop
      vertex -0.706637 -1.945392 1.004433
      vertex -0.726161 -2.018313 1.181340
      vertex -0.702003 -1.945434 1.010966
    endloop
  endfacet
  facet normal -0.359175 0.892166 0.273923
    outer loop
      vertex -0.652438 -1.814491 0.649155
      vertex -0.659567 -1.815490 0.643060
      vertex -0.706637 -1.945392 1.004433
    endloop
  endfacet
  facet normal -0.060763 0.915729 0.397175
    outer loop
      vertex -0.714361 -1.995995 1.131688
      vertex -0.726161 -2.018313 1.181340
      vertex -0.719269 -2.010751 1.164960
    endloop
  endfacet
  facet normal 0.216273 0.867653 0.447665
    outer loop
      vertex -0.692818 -2.095774 1.316971
      vertex -0.654036 -2.011006 1.133938
      vertex -0.719269 -2.010751 1.164960
    endloop
  endfacet
  facet normal -0.553529 0.821401 0.137501
    outer loop
      vertex -0.563536 -1.597451 -0.163328
      vertex -0.631525 -1.711142 0.242132
      vertex -0.612007 -1.700127 0.254908
    endloop
  endfacet
  facet normal -0.306872 0.921924 0.236403
    outer loop
      vertex -0.601068 -1.697602 0.259260
      vertex -0.612007 -1.700127 0.254908
      vertex -0.659567 -1.815490 0.643060
    endloop
  endfacet
  facet normal -0.488725 0.857900 0.158602
    outer loop
      vertex -0.563536 -1.597451 -0.163328
      vertex -0.591421 -1.613173 -0.164217
      vertex -0.631525 -1.711142 0.242132
    endloop
  endfacet
  facet normal -0.698329 0.710898 0.083430
    outer loop
      vertex -0.584604 -1.558362 -0.574188
      vertex -0.640558 -1.661689 -0.162102
      vertex -0.591421 -1.613173 -0.164217
    endloop
  endfacet
  facet normal -0.671985 0.734705 0.092976
    outer loop
      vertex -0.584604 -1.558362 -0.574188
      vertex -0.615100 -1.590264 -0.542508
      vertex -0.640558 -1.661689 -0.162102
    endloop
  endfacet
  facet normal -0.681960 0.729253 0.055862
    outer loop
      vertex -0.629832 -1.579088 -0.868251
      vertex -0.647268 -1.622774 -0.510802
      vertex -0.615100 -1.590264 -0.542508
    endloop
  endfacet
  facet normal 0.429040 0.902171 0.044860
    outer loop
      vertex -2.380678 -1.449501 -1.116238
      vertex -2.354185 -1.474816 -0.860500
      vertex -2.309555 -1.497415 -0.832855
    endloop
  endfacet
  facet normal 0.211504 0.974598 0.073652
    outer loop
      vertex -2.432822 -1.444982 -1.029462
      vertex -2.420508 -1.454481 -0.939119
      vertex -2.354185 -1.474816 -0.860500
    endloop
  endfacet
  facet normal 0.612156 0.790259 0.027496
    outer loop
      vertex -2.329297 -1.473671 -1.075743
      vertex -2.309555 -1.497415 -0.832855
      vertex -2.272373 -1.527710 -0.789935
    endloop
  endfacet
  facet normal 0.694101 0.719455 0.024672
    outer loop
      vertex -2.287114 -1.505802 -1.014101
      vertex -2.272373 -1.527710 -0.789935
      vertex -2.238482 -1.562147 -0.739208
    endloop
  endfacet
  facet normal 0.655919 0.753850 0.038477
    outer loop
      vertex -2.287114 -1.505802 -1.014101
      vertex -2.238482 -1.562147 -0.739208
      vertex -2.249560 -1.542181 -0.941531
    endloop
  endfacet
  facet normal 0.722078 0.691483 -0.021296
    outer loop
      vertex -2.212056 -1.579088 -0.868251
      vertex -2.259965 -1.537750 -1.150437
      vertex -2.249560 -1.542181 -0.941531
    endloop
  endfacet
  facet normal 0.261690 0.965042 0.014563
    outer loop
      vertex -2.089392 -1.644209 -0.887751
      vertex -2.121464 -1.635258 -0.904561
      vertex -2.085711 -1.647302 -0.748924
    endloop
  endfacet
  facet normal 0.723521 0.682399 -0.104155
    outer loop
      vertex -2.175232 -1.609035 -0.965530
      vertex -2.222914 -1.585792 -1.144470
      vertex -2.219619 -1.575158 -1.051910
    endloop
  endfacet
  facet normal 0.536657 0.836111 -0.113659
    outer loop
      vertex -2.177578 -1.618436 -1.045763
      vertex -2.175232 -1.609035 -0.965530
      vertex -2.121464 -1.635258 -0.904561
    endloop
  endfacet
  facet normal 0.797956 0.594164 -0.101169
    outer loop
      vertex -2.219619 -1.575158 -1.051910
      vertex -2.264666 -1.549538 -1.256743
      vertex -2.259965 -1.537750 -1.150437
    endloop
  endfacet
  facet normal -0.185222 0.965172 -0.184760
    outer loop
      vertex -2.006658 -1.657443 -0.987776
      vertex -2.055306 -1.664828 -0.977584
      vertex -2.053626 -1.651391 -0.909076
    endloop
  endfacet
  facet normal 0.131646 0.985065 -0.110978
    outer loop
      vertex -2.091067 -1.651647 -0.955760
      vertex -2.089392 -1.644209 -0.887751
      vertex -2.053626 -1.651391 -0.909076
    endloop
  endfacet
  facet normal -0.405819 0.901359 0.151203
    outer loop
      vertex -1.721310 -1.530971 -1.262254
      vertex -1.818924 -1.577652 -1.245968
      vertex -1.790685 -1.578678 -1.164056
    endloop
  endfacet
  facet normal -0.374296 0.924523 0.071827
    outer loop
      vertex -1.790685 -1.578678 -1.164056
      vertex -1.888223 -1.621418 -1.122212
      vertex -1.870696 -1.617985 -1.075060
    endloop
  endfacet
  facet normal -0.366195 0.926886 -0.082361
    outer loop
      vertex -1.870696 -1.617985 -1.075060
      vertex -1.925981 -1.639536 -1.071776
      vertex -1.959519 -1.647163 -1.008499
    endloop
  endfacet
  facet normal -0.351891 0.857629 -0.375026
    outer loop
      vertex -1.959519 -1.647163 -1.008499
      vertex -2.009379 -1.666064 -1.004937
      vertex -2.006658 -1.657443 -0.987776
    endloop
  endfacet
  facet normal -0.481472 0.855543 0.190344
    outer loop
      vertex -1.663102 -1.477188 -1.356757
      vertex -1.721310 -1.530971 -1.262254
      vertex -1.613546 -1.511632 -1.076590
    endloop
  endfacet
  facet normal -0.457703 0.880645 0.122362
    outer loop
      vertex -1.570345 -1.402303 -1.470429
      vertex -1.604898 -1.424814 -1.437670
      vertex -1.543248 -1.438957 -1.105275
    endloop
  endfacet
  facet normal 0.122686 0.985420 0.117880
    outer loop
      vertex -1.420944 -1.374907 -1.335186
      vertex -1.420944 -1.399932 -1.125989
      vertex -1.369765 -1.407064 -1.119632
    endloop
  endfacet
  facet normal -0.253395 0.960515 0.114901
    outer loop
      vertex -1.480446 -1.369125 -1.514744
      vertex -1.420944 -1.399932 -1.125989
      vertex -1.420944 -1.374907 -1.335186
    endloop
  endfacet
  facet normal -0.274998 0.961303 0.016483
    outer loop
      vertex -1.540270 -1.382573 -1.728486
      vertex -1.529507 -1.383472 -1.496516
      vertex -1.480446 -1.369125 -1.514744
    endloop
  endfacet
  facet normal -0.398374 0.916440 0.037903
    outer loop
      vertex -1.587180 -1.400518 -1.690533
      vertex -1.570345 -1.402303 -1.470429
      vertex -1.529507 -1.383472 -1.496516
    endloop
  endfacet
  facet normal -0.501168 0.849001 0.167415
    outer loop
      vertex -1.604898 -1.424814 -1.437670
      vertex -1.635095 -1.450179 -1.399428
      vertex -1.591283 -1.485849 -1.087383
    endloop
  endfacet
  facet normal -0.512191 0.836797 0.193473
    outer loop
      vertex -1.635095 -1.450179 -1.399428
      vertex -1.663102 -1.477188 -1.356757
      vertex -1.613546 -1.511632 -1.076590
    endloop
  endfacet
  facet normal 0.304510 0.947517 0.097397
    outer loop
      vertex -1.361442 -1.369125 -1.514744
      vertex -1.369765 -1.407064 -1.119632
      vertex -1.329975 -1.420552 -1.112815
    endloop
  endfacet
  facet normal 0.243242 0.964337 0.104346
    outer loop
      vertex -1.312381 -1.383472 -1.496516
      vertex -1.361442 -1.369125 -1.514744
      vertex -1.329975 -1.420552 -1.112815
    endloop
  endfacet
  facet normal 0.351892 0.928406 0.119304
    outer loop
      vertex -1.271543 -1.402303 -1.470429
      vertex -1.312381 -1.383472 -1.496516
      vertex -1.298639 -1.438957 -1.105275
    endloop
  endfacet
  facet normal 0.442923 0.885371 0.141199
    outer loop
      vertex -1.236989 -1.424814 -1.437670
      vertex -1.271543 -1.402303 -1.470429
      vertex -1.273074 -1.461115 -1.096851
    endloop
  endfacet
  facet normal 0.522459 0.840276 0.144817
    outer loop
      vertex -1.206793 -1.450179 -1.399428
      vertex -1.236989 -1.424814 -1.437670
      vertex -1.273074 -1.461115 -1.096851
    endloop
  endfacet
  facet normal -0.185084 0.968595 0.166037
    outer loop
      vertex -2.420508 -1.454481 -0.939119
      vertex -2.446383 -1.461267 -0.928378
      vertex -2.372882 -1.504701 -0.593070
    endloop
  endfacet
  facet normal -0.460371 0.866190 0.194352
    outer loop
      vertex -2.446383 -1.461267 -0.928378
      vertex -2.408634 -1.551389 -0.437306
      vertex -2.384617 -1.536047 -0.448787
    endloop
  endfacet
  facet normal -0.434705 0.865864 0.247610
    outer loop
      vertex -2.384617 -1.536047 -0.448787
      vertex -2.408634 -1.551389 -0.437306
      vertex -2.344385 -1.665133 0.073241
    endloop
  endfacet
  facet normal 0.927643 -0.161323 -0.336827
    outer loop
      vertex -0.070760 -1.699220 -1.077437
      vertex -0.161608 -1.615261 -1.367849
      vertex -0.110476 -1.634643 -1.217746
    endloop
  endfacet
  facet normal 0.956213 -0.041418 -0.289727
    outer loop
      vertex -0.061085 -1.676788 -1.048710
      vertex -0.070760 -1.699220 -1.077437
      vertex -0.110476 -1.634643 -1.217746
    endloop
  endfacet
  facet normal 0.958179 -0.062655 -0.279226
    outer loop
      vertex 0.065996 -1.840905 -0.575802
      vertex -0.061085 -1.676788 -1.048710
      vertex 0.037646 -1.766266 -0.689833
    endloop
  endfacet
  facet normal 0.938166 -0.124906 -0.322867
    outer loop
      vertex 0.075930 -1.824249 -0.553379
      vertex 0.065996 -1.840905 -0.575802
      vertex 0.044563 -1.772580 -0.664511
    endloop
  endfacet
  facet normal 0.694257 -0.544937 -0.470160
    outer loop
      vertex -0.200559 -1.630048 -1.426566
      vertex -0.227135 -1.632782 -1.462642
      vertex -0.247251 -1.578552 -1.555201
    endloop
  endfacet
  facet normal 0.607797 -0.625944 -0.488647
    outer loop
      vertex -0.285865 -1.632987 -1.535430
      vertex -0.263434 -1.580992 -1.574133
      vertex -0.227135 -1.632782 -1.462642
    endloop
  endfacet
  facet normal 0.848646 -0.318319 -0.422462
    outer loop
      vertex -0.161608 -1.615261 -1.367849
      vertex -0.178141 -1.624478 -1.394116
      vertex -0.222031 -1.568775 -1.524254
    endloop
  endfacet
  facet normal 0.766549 -0.457066 -0.451102
    outer loop
      vertex -0.178141 -1.624478 -1.394116
      vertex -0.200559 -1.630048 -1.426566
      vertex -0.233169 -1.574626 -1.538135
    endloop
  endfacet
  facet normal 0.981036 0.074506 -0.178935
    outer loop
      vertex 0.121855 -1.884025 -0.326480
      vertex 0.075930 -1.824249 -0.553379
      vertex 0.071359 -1.796880 -0.567046
    endloop
  endfacet
  facet normal 0.982291 -0.129177 -0.135715
    outer loop
      vertex 0.144800 -1.941537 -0.105662
      vertex 0.121855 -1.884025 -0.326480
      vertex 0.129623 -1.866788 -0.286662
    endloop
  endfacet
  facet normal 0.973848 -0.215800 -0.071073
    outer loop
      vertex 0.148314 -1.997475 0.112329
      vertex 0.144800 -1.941537 -0.105662
      vertex 0.153018 -1.935169 -0.012403
    endloop
  endfacet
  facet normal 0.984937 -0.171035 0.025439
    outer loop
      vertex 0.133272 -2.051992 0.328177
      vertex 0.148314 -1.997475 0.112329
      vertex 0.153371 -1.967576 0.117577
    endloop
  endfacet
  facet normal 0.984124 -0.124950 0.126047
    outer loop
      vertex 0.099395 -2.104769 0.540364
      vertex 0.133272 -2.051992 0.328177
      vertex 0.143009 -2.011211 0.292586
    endloop
  endfacet
  facet normal 0.954376 -0.229325 0.191251
    outer loop
      vertex 0.052619 -2.125106 0.749395
      vertex 0.045824 -2.155366 0.747020
      vertex 0.099395 -2.104769 0.540364
    endloop
  endfacet
  facet normal 0.904610 -0.338368 0.259205
    outer loop
      vertex -0.028857 -2.203081 0.945364
      vertex 0.045824 -2.155366 0.747020
      vertex 0.011505 -2.154619 0.867766
    endloop
  endfacet
  facet normal 0.878932 -0.263598 0.397486
    outer loop
      vertex -0.126593 -2.247100 1.132289
      vertex -0.028857 -2.203081 0.945364
      vertex -0.021820 -2.174769 0.948581
    endloop
  endfacet
  facet normal 0.758894 -0.473669 0.446897
    outer loop
      vertex -0.206217 -2.252783 1.261479
      vertex -0.250318 -2.285738 1.301439
      vertex -0.126593 -2.247100 1.132289
    endloop
  endfacet
  facet normal 0.754693 -0.306651 0.580003
    outer loop
      vertex -0.277130 -2.273109 1.343004
      vertex -0.250318 -2.285738 1.301439
      vertex -0.206217 -2.252783 1.261479
    endloop
  endfacet
  facet normal 0.608540 0.322014 0.725249
    outer loop
      vertex -0.292415 -2.250534 1.345805
      vertex -0.350852 -2.290452 1.412562
      vertex -0.277130 -2.273109 1.343004
    endloop
  endfacet
  facet normal 0.544046 0.179387 0.819655
    outer loop
      vertex -0.350852 -2.290452 1.412562
      vertex -0.391676 -2.277431 1.436809
      vertex -0.484420 -2.313832 1.506335
    endloop
  endfacet
  facet normal 0.391920 0.239410 0.888303
    outer loop
      vertex -0.484420 -2.313832 1.506335
      vertex -0.507714 -2.301349 1.513248
      vertex -0.564261 -2.323248 1.544099
    endloop
  endfacet
  facet normal 0.280083 0.303617 0.910698
    outer loop
      vertex -0.621983 -2.328075 1.563460
      vertex -0.564261 -2.323248 1.544099
      vertex -0.583133 -2.302212 1.542890
    endloop
  endfacet
  facet normal 0.193228 0.127295 0.972861
    outer loop
      vertex -0.621983 -2.328075 1.563460
      vertex -0.648019 -2.313747 1.566756
      vertex -0.709312 -2.332546 1.581390
    endloop
  endfacet
  facet normal 0.205104 0.089925 0.974600
    outer loop
      vertex -0.648019 -2.313747 1.566756
      vertex -0.716263 -2.324270 1.582089
      vertex -0.709312 -2.332546 1.581390
    endloop
  endfacet
  facet normal 0.449582 0.770401 0.452060
    outer loop
      vertex -0.649866 -2.121711 1.318457
      vertex -0.654036 -2.011006 1.133938
      vertex -0.692818 -2.095774 1.316971
    endloop
  endfacet
  facet normal 0.270995 0.786189 0.555399
    outer loop
      vertex -0.648892 -2.246087 1.494558
      vertex -0.640477 -2.188766 1.409312
      vertex -0.684661 -2.230665 1.490181
    endloop
  endfacet
  facet normal 0.125017 0.754155 0.644687
    outer loop
      vertex -0.560097 -2.271915 1.507553
      vertex -0.648892 -2.246087 1.494558
      vertex -0.668310 -2.302816 1.564685
    endloop
  endfacet
  facet normal 0.238925 0.589686 0.771483
    outer loop
      vertex -0.668310 -2.302816 1.564685
      vertex -0.648019 -2.313747 1.566756
      vertex -0.560097 -2.271915 1.507553
    endloop
  endfacet
  facet normal 0.266859 0.788391 0.554280
    outer loop
      vertex -0.684661 -2.230665 1.490181
      vertex -0.640477 -2.188766 1.409312
      vertex -0.649866 -2.121711 1.318457
    endloop
  endfacet
  facet normal -0.265056 -0.555418 -0.788198
    outer loop
      vertex -0.417071 -1.607075 -1.611511
      vertex -0.413256 -1.569733 -1.639108
      vertex -0.373984 -1.564520 -1.655987
    endloop
  endfacet
  facet normal -0.349942 -0.278991 -0.894262
    outer loop
      vertex -0.412126 -1.549336 -1.645913
      vertex -0.372676 -1.544668 -1.662807
      vertex -0.413256 -1.569733 -1.639108
    endloop
  endfacet
  facet normal -0.643752 -0.033421 -0.764504
    outer loop
      vertex -0.436175 -1.532757 -1.626387
      vertex -0.412126 -1.549336 -1.645913
      vertex -0.446962 -1.557179 -1.616236
    endloop
  endfacet
  facet normal -0.795905 0.294164 -0.529153
    outer loop
      vertex -0.436175 -1.532757 -1.626387
      vertex -0.477729 -1.518458 -1.555936
      vertex -0.447054 -1.507242 -1.595840
    endloop
  endfacet
  facet normal -0.710206 0.593105 -0.379255
    outer loop
      vertex -0.479216 -1.501548 -1.526707
      vertex -0.447054 -1.507242 -1.595840
      vertex -0.477729 -1.518458 -1.555936
    endloop
  endfacet
  facet normal -0.838408 0.457703 -0.295939
    outer loop
      vertex -0.530954 -1.531323 -1.426181
      vertex -0.479216 -1.501548 -1.526707
      vertex -0.530059 -1.546826 -1.452694
    endloop
  endfacet
  facet normal -0.903456 0.357429 -0.236669
    outer loop
      vertex -0.575350 -1.565564 -1.308417
      vertex -0.530954 -1.531323 -1.426181
      vertex -0.574838 -1.579697 -1.331714
    endloop
  endfacet
  facet normal -0.245219 0.459983 -0.853395
    outer loop
      vertex -0.786175 -1.674559 -0.994164
      vertex -0.749830 -1.670912 -1.002642
      vertex -0.767337 -1.679663 -1.002329
    endloop
  endfacet
  facet normal -0.411131 0.768168 -0.490805
    outer loop
      vertex -0.750097 -1.661814 -0.988180
      vertex -0.733275 -1.667999 -1.011950
      vertex -0.749830 -1.670912 -1.002642
    endloop
  endfacet
  facet normal -0.541048 0.700033 -0.466070
    outer loop
      vertex -0.717684 -1.664274 -1.024456
      vertex -0.733275 -1.667999 -1.011950
      vertex -0.717896 -1.654416 -1.009403
    endloop
  endfacet
  facet normal -0.651523 0.715485 -0.252191
    outer loop
      vertex -0.663436 -1.631210 -1.084258
      vertex -0.717896 -1.654416 -1.009403
      vertex -0.664309 -1.618436 -1.045763
    endloop
  endfacet
  facet normal -0.818352 0.539870 -0.197078
    outer loop
      vertex -0.663436 -1.631210 -1.084258
      vertex -0.618973 -1.585792 -1.144470
      vertex -0.617724 -1.600221 -1.189186
    endloop
  endfacet
  facet normal -0.869534 0.461920 -0.174758
    outer loop
      vertex -0.617724 -1.600221 -1.189186
      vertex -0.577222 -1.549538 -1.256743
      vertex -0.575350 -1.565564 -1.308417
    endloop
  endfacet
  facet normal 0.122523 0.353194 -0.927492
    outer loop
      vertex -0.797526 -1.682991 -1.003207
      vertex -0.785983 -1.683871 -1.002017
      vertex -0.785944 -1.688036 -1.003598
    endloop
  endfacet
  facet normal 0.197476 0.514565 -0.834402
    outer loop
      vertex -0.809085 -1.677326 -1.003449
      vertex -0.786027 -1.680933 -1.000216
      vertex -0.785983 -1.683871 -1.002017
    endloop
  endfacet
  facet normal -0.127748 0.681338 -0.720735
    outer loop
      vertex -0.786027 -1.680933 -1.000216
      vertex -0.786175 -1.674559 -0.994164
      vertex -0.767337 -1.679663 -1.002329
    endloop
  endfacet
  facet normal 0.239176 0.451373 -0.859684
    outer loop
      vertex -0.808746 -1.681787 -1.005697
      vertex -0.809085 -1.677326 -1.003449
      vertex -0.797526 -1.682991 -1.003207
    endloop
  endfacet
  facet normal 0.394868 0.437187 -0.808051
    outer loop
      vertex -0.830265 -1.678449 -1.014406
      vertex -0.809085 -1.677326 -1.003449
      vertex -0.808746 -1.681787 -1.005697
    endloop
  endfacet
  facet normal 0.506128 -0.693322 -0.512971
    outer loop
      vertex -0.334263 -1.597798 -1.630743
      vertex -0.285865 -1.632987 -1.535430
      vertex -0.341632 -1.636996 -1.585034
    endloop
  endfacet
  facet normal 0.548874 -0.596604 -0.585492
    outer loop
      vertex -0.298728 -1.583174 -1.612332
      vertex -0.334263 -1.597798 -1.630743
      vertex -0.330948 -1.575669 -1.650184
    endloop
  endfacet
  facet normal -0.048820 -0.602952 -0.796282
    outer loop
      vertex -0.378246 -1.600669 -1.628354
      vertex -0.373984 -1.564520 -1.655987
      vertex -0.330948 -1.575669 -1.650184
    endloop
  endfacet
  facet normal -0.843913 0.416268 -0.338425
    outer loop
      vertex -1.937705 -1.659107 -1.094566
      vertex -1.935967 -1.654146 -1.092798
      vertex -1.902981 -1.636540 -1.153397
    endloop
  endfacet
  facet normal -0.672047 0.738174 -0.058759
    outer loop
      vertex -1.842659 -1.593601 -1.303889
      vertex -1.902981 -1.636540 -1.153397
      vertex -1.834528 -1.584758 -1.285801
    endloop
  endfacet
  facet normal -0.689313 0.723958 -0.027054
    outer loop
      vertex -1.784489 -1.544624 -1.475431
      vertex -1.842659 -1.593601 -1.303889
      vertex -1.774625 -1.534159 -1.446703
    endloop
  endfacet
  facet normal -0.717130 0.694309 -0.060495
    outer loop
      vertex -1.784489 -1.544624 -1.475431
      vertex -1.712698 -1.481902 -1.606590
      vertex -1.721830 -1.494808 -1.646459
    endloop
  endfacet
  facet normal 0.678118 0.734138 -0.034603
    outer loop
      vertex -1.120057 -1.494808 -1.646459
      vertex -1.067262 -1.534159 -1.446703
      vertex -1.057399 -1.544624 -1.475431
    endloop
  endfacet
  facet normal 0.700222 0.713122 -0.033847
    outer loop
      vertex -1.057399 -1.544624 -1.475431
      vertex -1.007359 -1.584758 -1.285801
      vertex -0.999228 -1.593601 -1.303889
    endloop
  endfacet
  facet normal 0.644064 0.758660 -0.098065
    outer loop
      vertex -1.195485 -1.450082 -1.795831
      vertex -1.129189 -1.481902 -1.606590
      vertex -1.120057 -1.494808 -1.646459
    endloop
  endfacet
  facet normal 0.635997 0.545701 -0.545636
    outer loop
      vertex -1.238452 -1.446123 -1.878902
      vertex -1.251506 -1.462036 -1.910033
      vertex -1.291284 -1.432415 -1.926774
    endloop
  endfacet
  facet normal 0.696076 0.637821 -0.329641
    outer loop
      vertex -1.195485 -1.450082 -1.795831
      vertex -1.238452 -1.446123 -1.878902
      vertex -1.240853 -1.431594 -1.855858
    endloop
  endfacet
  facet normal 0.452121 0.538113 -0.711351
    outer loop
      vertex -1.351760 -1.422983 -1.958076
      vertex -1.291284 -1.432415 -1.926774
      vertex -1.289746 -1.454030 -1.942146
    endloop
  endfacet
  facet normal 0.753197 0.603110 -0.262587
    outer loop
      vertex -0.909338 -1.647269 -1.086804
      vertex -0.905920 -1.654146 -1.092798
      vertex -0.943960 -1.628977 -1.144103
    endloop
  endfacet
  facet normal 0.664638 0.744324 -0.065095
    outer loop
      vertex -0.999228 -1.593601 -1.303889
      vertex -1.007359 -1.584758 -1.285801
      vertex -0.943960 -1.628977 -1.144103
    endloop
  endfacet
  facet normal 0.651274 0.532079 -0.541049
    outer loop
      vertex -0.850641 -1.673936 -1.027809
      vertex -0.869976 -1.668328 -1.045567
      vertex -0.871906 -1.662260 -1.041924
    endloop
  endfacet
  facet normal 0.693256 0.637477 -0.336184
    outer loop
      vertex -0.869976 -1.668328 -1.045567
      vertex -0.905920 -1.654146 -1.092798
      vertex -0.909338 -1.647269 -1.086804
    endloop
  endfacet
  facet normal 0.561614 0.421844 -0.711784
    outer loop
      vertex -0.850641 -1.673936 -1.027809
      vertex -0.831022 -1.673388 -1.012004
      vertex -0.830265 -1.678449 -1.014406
    endloop
  endfacet
  facet normal -0.567461 0.705738 -0.424172
    outer loop
      vertex -1.550603 -1.432415 -1.926774
      vertex -1.603435 -1.446123 -1.878902
      vertex -1.549080 -1.416662 -1.902601
    endloop
  endfacet
  facet normal -0.588115 0.782783 -0.203399
    outer loop
      vertex -1.601035 -1.431594 -1.855858
      vertex -1.646403 -1.450082 -1.795831
      vertex -1.596309 -1.414114 -1.802248
    endloop
  endfacet
  facet normal -0.565104 0.723167 -0.397099
    outer loop
      vertex -1.549080 -1.416662 -1.902601
      vertex -1.603435 -1.446123 -1.878902
      vertex -1.601035 -1.431594 -1.855858
    endloop
  endfacet
  facet normal -0.588908 0.788662 -0.176635
    outer loop
      vertex -1.596309 -1.414114 -1.802248
      vertex -1.646403 -1.450082 -1.795831
      vertex -1.639990 -1.434150 -1.746077
    endloop
  endfacet
  facet normal -0.661195 0.744837 -0.089664
    outer loop
      vertex -1.639990 -1.434150 -1.746077
      vertex -1.721830 -1.494808 -1.646459
      vertex -1.712698 -1.481902 -1.606590
    endloop
  endfacet
  facet normal -0.245846 0.610307 -0.753050
    outer loop
      vertex -1.490127 -1.422983 -1.958076
      vertex -1.456691 -1.420100 -1.966656
      vertex -1.456854 -1.431256 -1.975644
    endloop
  endfacet
  facet normal -0.106656 0.624753 -0.773504
    outer loop
      vertex -1.456854 -1.431256 -1.975644
      vertex -1.456691 -1.420100 -1.966656
      vertex -1.420944 -1.421962 -1.973088
    endloop
  endfacet
  facet normal -0.386293 0.764591 -0.515925
    outer loop
      vertex -1.489434 -1.405995 -1.933419
      vertex -1.490127 -1.422983 -1.958076
      vertex -1.550603 -1.432415 -1.926774
    endloop
  endfacet
  facet normal 0.245847 0.610307 -0.753050
    outer loop
      vertex -1.385034 -1.431256 -1.975644
      vertex -1.385197 -1.420100 -1.966656
      vertex -1.351760 -1.422983 -1.958076
    endloop
  endfacet
  facet normal 0.106656 0.624753 -0.773504
    outer loop
      vertex -1.420944 -1.421962 -1.973088
      vertex -1.385197 -1.420100 -1.966656
      vertex -1.385034 -1.431256 -1.975644
    endloop
  endfacet
  facet normal -0.553461 -0.024727 -0.832508
    outer loop
      vertex -2.012002 -1.681596 -1.014974
      vertex -1.991901 -1.677581 -1.028457
      vertex -2.012382 -1.685290 -1.014612
    endloop
  endfacet
  facet normal -0.696861 0.305175 -0.649040
    outer loop
      vertex -1.972891 -1.672439 -1.046449
      vertex -1.991901 -1.677581 -1.028457
      vertex -1.971912 -1.668328 -1.045567
    endloop
  endfacet
  facet normal -0.800159 0.301767 -0.518347
    outer loop
      vertex -1.935967 -1.654146 -1.092798
      vertex -1.972891 -1.672439 -1.046449
      vertex -1.971912 -1.668328 -1.045567
    endloop
  endfacet
  facet normal -0.109860 0.222977 -0.968614
    outer loop
      vertex -2.055907 -1.683834 -1.002092
      vertex -2.044362 -1.682991 -1.003207
      vertex -2.044526 -1.687859 -1.004309
    endloop
  endfacet
  facet normal -0.228284 0.133229 -0.964436
    outer loop
      vertex -2.044362 -1.682991 -1.003207
      vertex -2.033142 -1.681787 -1.005697
      vertex -2.034806 -1.687417 -1.006080
    endloop
  endfacet
  facet normal -0.396747 0.178652 -0.900375
    outer loop
      vertex -2.033142 -1.681787 -1.005697
      vertex -2.012002 -1.681596 -1.014974
      vertex -2.034806 -1.687417 -1.006080
    endloop
  endfacet
  facet normal 0.483513 0.535739 -0.692242
    outer loop
      vertex -2.108632 -1.675239 -1.017567
      vertex -2.108612 -1.667999 -1.011950
      vertex -2.092058 -1.670912 -1.002642
    endloop
  endfacet
  facet normal 0.158915 0.284043 -0.945551
    outer loop
      vertex -2.092058 -1.670912 -1.002642
      vertex -2.055828 -1.678595 -0.998861
      vertex -2.074551 -1.679663 -1.002329
    endloop
  endfacet
  facet normal -0.119717 0.522437 -0.844232
    outer loop
      vertex -2.055907 -1.683834 -1.002092
      vertex -2.055828 -1.678595 -0.998861
      vertex -2.044362 -1.682991 -1.003207
    endloop
  endfacet
  facet normal -0.460116 -0.690439 0.558201
    outer loop
      vertex -2.351938 -2.328150 1.502089
      vertex -2.439139 -2.316687 1.444388
      vertex -2.430286 -2.331200 1.433735
    endloop
  endfacet
  facet normal -0.406311 -0.430806 0.805802
    outer loop
      vertex -2.343794 -2.315486 1.512966
      vertex -2.351938 -2.328150 1.502089
      vertex -2.262258 -2.324531 1.549243
    endloop
  endfacet
  facet normal -0.537615 -0.686916 0.488996
    outer loop
      vertex -2.508569 -2.318884 1.364969
      vertex -2.430286 -2.331200 1.433735
      vertex -2.439139 -2.316687 1.444388
    endloop
  endfacet
  facet normal -0.596320 -0.680275 0.426178
    outer loop
      vertex -2.579722 -2.304123 1.288973
      vertex -2.508569 -2.318884 1.364969
      vertex -2.519055 -2.302329 1.376724
    endloop
  endfacet
  facet normal -0.676582 -0.648115 0.349548
    outer loop
      vertex -2.579722 -2.304123 1.288973
      vertex -2.715295 -2.247100 1.132289
      vertex -2.701470 -2.268578 1.119225
    endloop
  endfacet
  facet normal -0.750843 -0.610616 0.251762
    outer loop
      vertex -2.701470 -2.268578 1.119225
      vertex -2.813031 -2.203081 0.945364
      vertex -2.798063 -2.226905 0.932222
    endloop
  endfacet
  facet normal -0.801231 -0.574938 0.165758
    outer loop
      vertex -2.798063 -2.226905 0.932222
      vertex -2.887712 -2.155366 0.747020
      vertex -2.872237 -2.180748 0.733784
    endloop
  endfacet
  facet normal -0.836737 -0.540767 0.086269
    outer loop
      vertex -2.872237 -2.180748 0.733784
      vertex -2.941282 -2.104769 0.540364
      vertex -2.925812 -2.130884 0.526706
    endloop
  endfacet
  facet normal -0.668270 -0.730975 -0.138165
    outer loop
      vertex -2.975969 -2.022308 0.095760
      vertex -2.923757 -2.058460 0.034488
      vertex -2.960119 -2.077952 0.313485
    endloop
  endfacet
  facet normal -0.862009 -0.506729 0.012899
    outer loop
      vertex -2.925812 -2.130884 0.526706
      vertex -2.975160 -2.051992 0.328177
      vertex -2.960119 -2.077952 0.313485
    endloop
  endfacet
  facet normal -0.534103 -0.802002 -0.267445
    outer loop
      vertex -2.841645 -1.946489 -0.507020
      vertex -2.851854 -2.014822 -0.281718
      vertex -2.924828 -1.996723 -0.190262
    endloop
  endfacet
  facet normal -0.697829 -0.691523 -0.186630
    outer loop
      vertex -2.923757 -2.058460 0.034488
      vertex -2.975969 -2.022308 0.095760
      vertex -2.924828 -1.996723 -0.190262
    endloop
  endfacet
  facet normal 0.600437 -0.222970 -0.767959
    outer loop
      vertex -2.429762 -1.549336 -1.645913
      vertex -2.393937 -1.578078 -1.609559
      vertex -2.428632 -1.569733 -1.639108
    endloop
  endfacet
  facet normal 0.760685 -0.164661 -0.627889
    outer loop
      vertex -2.363153 -1.589049 -1.569387
      vertex -2.393937 -1.578078 -1.609559
      vertex -2.394926 -1.557179 -1.616236
    endloop
  endfacet
  facet normal -0.026736 -0.668511 -0.743222
    outer loop
      vertex -2.505908 -1.607895 -1.620334
      vertex -2.510741 -1.576069 -1.648787
      vertex -2.463641 -1.600669 -1.628354
    endloop
  endfacet
  facet normal 0.000326 -0.529948 -0.848030
    outer loop
      vertex -2.510741 -1.576069 -1.648787
      vertex -2.512316 -1.562509 -1.657261
      vertex -2.467903 -1.564520 -1.655987
    endloop
  endfacet
  facet normal 0.348892 -0.283833 -0.893148
    outer loop
      vertex -2.469212 -1.544668 -1.662807
      vertex -2.429762 -1.549336 -1.645913
      vertex -2.467903 -1.564520 -1.655987
    endloop
  endfacet
  facet normal -0.547538 -0.657557 -0.517513
    outer loop
      vertex -2.543159 -1.583174 -1.612332
      vertex -2.505908 -1.607895 -1.620334
      vertex -2.556022 -1.632987 -1.535430
    endloop
  endfacet
  facet normal -0.651225 -0.632301 -0.419645
    outer loop
      vertex -2.711397 -1.721070 -1.179637
      vertex -2.614752 -1.632782 -1.462642
      vertex -2.668030 -1.723406 -1.243415
    endloop
  endfacet
  facet normal -0.618611 -0.608187 -0.497422
    outer loop
      vertex -2.614752 -1.632782 -1.462642
      vertex -2.543159 -1.583174 -1.612332
      vertex -2.556022 -1.632987 -1.535430
    endloop
  endfacet
  facet normal -0.626591 -0.683762 -0.373969
    outer loop
      vertex -2.812440 -1.875843 -0.727352
      vertex -2.711397 -1.721070 -1.179637
      vertex -2.708781 -1.803878 -1.032614
    endloop
  endfacet
  facet normal -0.598202 -0.736630 -0.315484
    outer loop
      vertex -2.812440 -1.875843 -0.727352
      vertex -2.841645 -1.946489 -0.507020
      vertex -2.907956 -1.931727 -0.415756
    endloop
  endfacet
  facet normal 0.930350 0.061442 -0.361488
    outer loop
      vertex -2.272086 -1.598430 -1.362987
      vertex -2.310647 -1.616846 -1.465361
      vertex -2.344007 -1.554156 -1.540561
    endloop
  endfacet
  facet normal 0.878290 -0.094794 -0.468637
    outer loop
      vertex -2.310647 -1.616846 -1.465361
      vertex -2.363153 -1.589049 -1.569387
      vertex -2.344007 -1.554156 -1.540561
    endloop
  endfacet
  facet normal 0.943316 0.194865 -0.268669
    outer loop
      vertex -2.249954 -1.614837 -1.297181
      vertex -2.272086 -1.598430 -1.362987
      vertex -2.267049 -1.579697 -1.331714
    endloop
  endfacet
  facet normal 0.914321 0.335532 -0.226793
    outer loop
      vertex -2.224164 -1.600221 -1.189186
      vertex -2.224451 -1.612973 -1.209208
      vertex -2.267049 -1.579697 -1.331714
    endloop
  endfacet
  facet normal 0.881239 0.389661 -0.267549
    outer loop
      vertex -2.178451 -1.631210 -1.084258
      vertex -2.178641 -1.642542 -1.101386
      vertex -2.224451 -1.612973 -1.209208
    endloop
  endfacet
  facet normal 0.746877 0.550741 -0.372638
    outer loop
      vertex -2.123992 -1.654416 -1.009403
      vertex -2.178641 -1.642542 -1.101386
      vertex -2.178451 -1.631210 -1.084258
    endloop
  endfacet
  facet normal 0.459970 0.636866 -0.618732
    outer loop
      vertex -2.092058 -1.670912 -1.002642
      vertex -2.108612 -1.667999 -1.011950
      vertex -2.123992 -1.654416 -1.009403
    endloop
  endfacet
  facet normal -0.603422 0.763739 0.229315
    outer loop
      vertex -2.452080 -1.596253 -0.416546
      vertex -2.508492 -1.645832 -0.399866
      vertex -2.466504 -1.752701 0.066551
    endloop
  endfacet
  facet normal -0.642049 0.730055 0.234081
    outer loop
      vertex -2.408634 -1.551389 -0.437306
      vertex -2.452080 -1.596253 -0.416546
      vertex -2.399289 -1.705717 0.069648
    endloop
  endfacet
  facet normal -0.144982 0.948983 0.280019
    outer loop
      vertex -2.520268 -1.906419 0.503057
      vertex -2.546596 -1.847231 0.288839
      vertex -2.825915 -1.894207 0.303421
    endloop
  endfacet
  facet normal -0.267885 0.925837 0.266577
    outer loop
      vertex -2.416962 -1.872203 0.505839
      vertex -2.567445 -1.790490 0.070824
      vertex -2.546596 -1.847231 0.288839
    endloop
  endfacet
  facet normal -0.142494 0.943734 0.298432
    outer loop
      vertex -2.486256 -1.968252 0.714832
      vertex -2.520268 -1.906419 0.503057
      vertex -2.795809 -1.950911 0.512190
    endloop
  endfacet
  facet normal -0.330704 0.911154 0.245833
    outer loop
      vertex -2.584396 -1.736294 -0.152853
      vertex -2.567445 -1.790490 0.070824
      vertex -2.466504 -1.752701 0.066551
    endloop
  endfacet
  facet normal -0.315899 0.891876 0.323674
    outer loop
      vertex -2.749260 -2.010864 0.722821
      vertex -2.795809 -1.950911 0.512190
      vertex -2.856788 -2.047386 0.718511
    endloop
  endfacet
  facet normal -0.312835 0.878421 0.361262
    outer loop
      vertex -2.682116 -2.073921 0.934289
      vertex -2.749260 -2.010864 0.722821
      vertex -2.856788 -2.047386 0.718511
    endloop
  endfacet
  facet normal -0.302411 0.862051 0.406713
    outer loop
      vertex -2.588272 -2.139595 1.143266
      vertex -2.682116 -2.073921 0.934289
      vertex -2.781692 -2.107867 0.932199
    endloop
  endfacet
  facet normal -0.291767 0.843760 0.450489
    outer loop
      vertex -2.528674 -2.173070 1.244564
      vertex -2.588272 -2.139595 1.143266
      vertex -2.674743 -2.170249 1.144676
    endloop
  endfacet
  facet normal -0.291725 0.843807 0.450430
    outer loop
      vertex -2.528674 -2.173070 1.244564
      vertex -2.674743 -2.170249 1.144676
      vertex -2.606207 -2.201599 1.247794
    endloop
  endfacet
  facet normal -0.486596 0.639696 0.594990
    outer loop
      vertex -2.525415 -2.232479 1.346069
      vertex -2.633723 -2.221991 1.246216
      vertex -2.549472 -2.250534 1.345805
    endloop
  endfacet
  facet normal -0.443844 0.603443 0.662465
    outer loop
      vertex -2.549472 -2.250534 1.345805
      vertex -2.450212 -2.277431 1.436809
      vertex -2.430556 -2.262203 1.436107
    endloop
  endfacet
  facet normal -0.386225 0.532737 0.753008
    outer loop
      vertex -2.450212 -2.277431 1.436809
      vertex -2.334174 -2.301349 1.513248
      vertex -2.319992 -2.289675 1.512263
    endloop
  endfacet
  facet normal -0.373052 0.235982 0.897299
    outer loop
      vertex -2.262258 -2.324531 1.549243
      vertex -2.334174 -2.301349 1.513248
      vertex -2.343794 -2.315486 1.512966
    endloop
  endfacet
  facet normal -0.520818 0.660965 0.540253
    outer loop
      vertex -2.606207 -2.201599 1.247794
      vertex -2.704913 -2.192624 1.141658
      vertex -2.633723 -2.221991 1.246216
    endloop
  endfacet
  facet normal -0.546413 0.834125 0.075291
    outer loop
      vertex -0.629832 -1.579088 -0.868251
      vertex -0.672176 -1.612584 -0.804472
      vertex -0.647268 -1.622774 -0.510802
    endloop
  endfacet
  facet normal -0.263489 0.964553 0.014505
    outer loop
      vertex -0.752496 -1.644209 -0.887751
      vertex -0.756177 -1.647302 -0.748924
      vertex -0.724574 -1.638497 -0.760391
    endloop
  endfacet
  facet normal -0.438156 0.898867 0.007577
    outer loop
      vertex -0.720423 -1.635258 -0.904561
      vertex -0.724574 -1.638497 -0.760391
      vertex -0.672176 -1.612584 -0.804472
    endloop
  endfacet
  facet normal -0.250313 0.966299 -0.060085
    outer loop
      vertex -0.787277 -1.657041 -0.949213
      vertex -0.790635 -1.649393 -0.812238
      vertex -0.752496 -1.644209 -0.887751
    endloop
  endfacet
  facet normal 0.083387 0.944272 -0.318430
    outer loop
      vertex -0.787277 -1.657041 -0.949213
      vertex -0.786316 -1.670348 -0.988424
      vertex -0.839520 -1.650102 -0.942318
    endloop
  endfacet
  facet normal 0.219743 0.975427 -0.015982
    outer loop
      vertex -0.835229 -1.657443 -0.987776
      vertex -0.882369 -1.647163 -1.008499
      vertex -0.892491 -1.643981 -0.953455
    endloop
  endfacet
  facet normal 0.251281 0.958988 -0.131150
    outer loop
      vertex -0.786316 -1.670348 -0.988424
      vertex -0.835229 -1.657443 -0.987776
      vertex -0.839520 -1.650102 -0.942318
    endloop
  endfacet
  facet normal 0.415933 0.894696 -0.162845
    outer loop
      vertex -0.875632 -1.654562 -1.031941
      vertex -0.971191 -1.617985 -1.075060
      vertex -0.882369 -1.647163 -1.008499
    endloop
  endfacet
  facet normal 0.323666 0.938098 0.123341
    outer loop
      vertex -1.022964 -1.577652 -1.245968
      vertex -1.051203 -1.578678 -1.164056
      vertex -0.971191 -1.617985 -1.075060
    endloop
  endfacet
  facet normal 0.412368 0.899310 0.145581
    outer loop
      vertex -1.086204 -1.526799 -1.385391
      vertex -1.120577 -1.530971 -1.262254
      vertex -1.051203 -1.578678 -1.164056
    endloop
  endfacet
  facet normal 0.552208 0.823718 0.128663
    outer loop
      vertex -1.146755 -1.472719 -1.522841
      vertex -1.178786 -1.477188 -1.356757
      vertex -1.120577 -1.530971 -1.262254
    endloop
  endfacet
  facet normal 0.575756 0.806773 0.132748
    outer loop
      vertex -1.146755 -1.472719 -1.522841
      vertex -1.206793 -1.450179 -1.399428
      vertex -1.178786 -1.477188 -1.356757
    endloop
  endfacet
  facet normal -0.206274 0.909878 0.359963
    outer loop
      vertex -0.702003 -1.945434 1.010966
      vertex -0.726161 -2.018313 1.181340
      vertex -0.714361 -1.995995 1.131688
    endloop
  endfacet
  facet normal -0.372970 0.887643 0.270153
    outer loop
      vertex -0.652438 -1.814491 0.649155
      vertex -0.706637 -1.945392 1.004433
      vertex -0.702003 -1.945434 1.010966
    endloop
  endfacet
  facet normal -0.326473 0.916366 0.231709
    outer loop
      vertex -0.601068 -1.697602 0.259260
      vertex -0.659567 -1.815490 0.643060
      vertex -0.652438 -1.814491 0.649155
    endloop
  endfacet
  facet normal 0.204079 0.883379 0.421894
    outer loop
      vertex -0.654036 -2.011006 1.133938
      vertex -0.714361 -1.995995 1.131688
      vertex -0.719269 -2.010751 1.164960
    endloop
  endfacet
  facet normal -0.265696 0.942935 0.200696
    outer loop
      vertex -0.563536 -1.597451 -0.163328
      vertex -0.612007 -1.700127 0.254908
      vertex -0.561702 -1.646486 0.069480
    endloop
  endfacet
  facet normal -0.292521 0.936855 0.191659
    outer loop
      vertex -0.561702 -1.646486 0.069480
      vertex -0.612007 -1.700127 0.254908
      vertex -0.601068 -1.697602 0.259260
    endloop
  endfacet
  facet normal -0.490715 0.864042 0.112381
    outer loop
      vertex -0.513528 -1.509992 -0.617398
      vertex -0.591421 -1.613173 -0.164217
      vertex -0.563536 -1.597451 -0.163328
    endloop
  endfacet
  facet normal -0.600460 0.793854 0.096148
    outer loop
      vertex -0.552000 -1.530475 -0.600824
      vertex -0.584604 -1.558362 -0.574188
      vertex -0.591421 -1.613173 -0.164217
    endloop
  endfacet
  facet normal -0.689952 0.721189 0.062070
    outer loop
      vertex -0.603405 -1.562147 -0.739208
      vertex -0.615100 -1.590264 -0.542508
      vertex -0.584604 -1.558362 -0.574188
    endloop
  endfacet
  facet normal -0.718959 0.692770 0.056283
    outer loop
      vertex -0.629832 -1.579088 -0.868251
      vertex -0.615100 -1.590264 -0.542508
      vertex -0.603405 -1.562147 -0.739208
    endloop
  endfacet
  facet normal 0.386806 0.920302 0.058525
    outer loop
      vertex -2.329297 -1.473671 -1.075743
      vertex -2.380678 -1.449501 -1.116238
      vertex -2.309555 -1.497415 -0.832855
    endloop
  endfacet
  facet normal 0.209074 0.975030 0.074859
    outer loop
      vertex -2.380678 -1.449501 -1.116238
      vertex -2.432822 -1.444982 -1.029462
      vertex -2.354185 -1.474816 -0.860500
    endloop
  endfacet
  facet normal -0.200891 0.971018 0.129487
    outer loop
      vertex -2.432822 -1.444982 -1.029462
      vertex -2.446383 -1.461267 -0.928378
      vertex -2.420508 -1.454481 -0.939119
    endloop
  endfacet
  facet normal 0.564408 0.824352 0.043452
    outer loop
      vertex -2.329297 -1.473671 -1.075743
      vertex -2.272373 -1.527710 -0.789935
      vertex -2.287114 -1.505802 -1.014101
    endloop
  endfacet
  facet normal 0.724476 0.688661 -0.029679
    outer loop
      vertex -2.249560 -1.542181 -0.941531
      vertex -2.301435 -1.500810 -1.247841
      vertex -2.287114 -1.505802 -1.014101
    endloop
  endfacet
  facet normal 0.689525 0.724013 -0.018985
    outer loop
      vertex -2.301435 -1.500810 -1.247841
      vertex -2.249560 -1.542181 -0.941531
      vertex -2.259965 -1.537750 -1.150437
    endloop
  endfacet
  facet normal 0.322703 0.939428 -0.115485
    outer loop
      vertex -2.123270 -1.643363 -0.975535
      vertex -2.121464 -1.635258 -0.904561
      vertex -2.089392 -1.644209 -0.887751
    endloop
  endfacet
  facet normal 0.789253 0.606239 -0.097745
    outer loop
      vertex -2.219619 -1.575158 -1.051910
      vertex -2.222914 -1.585792 -1.144470
      vertex -2.264666 -1.549538 -1.256743
    endloop
  endfacet
  facet normal 0.717582 0.689007 -0.101714
    outer loop
      vertex -2.175232 -1.609035 -0.965530
      vertex -2.177578 -1.618436 -1.045763
      vertex -2.222914 -1.585792 -1.144470
    endloop
  endfacet
  facet normal 0.528192 0.842023 -0.109591
    outer loop
      vertex -2.177578 -1.618436 -1.045763
      vertex -2.121464 -1.635258 -0.904561
      vertex -2.123270 -1.643363 -0.975535
    endloop
  endfacet
  facet normal 0.776180 0.621993 -0.103292
    outer loop
      vertex -2.259965 -1.537750 -1.150437
      vertex -2.264666 -1.549538 -1.256743
      vertex -2.308132 -1.513717 -1.367666
    endloop
  endfacet
  facet normal -0.203251 0.934173 -0.293274
    outer loop
      vertex -2.006658 -1.657443 -0.987776
      vertex -2.055375 -1.665723 -0.980389
      vertex -2.055306 -1.664828 -0.977584
    endloop
  endfacet
  facet normal 0.136546 0.971475 -0.193885
    outer loop
      vertex -2.053626 -1.651391 -0.909076
      vertex -2.055306 -1.664828 -0.977584
      vertex -2.091791 -1.661814 -0.988180
    endloop
  endfacet
  facet normal 0.352065 0.890812 -0.287236
    outer loop
      vertex -2.091791 -1.661814 -0.988180
      vertex -2.091067 -1.651647 -0.955760
      vertex -2.053626 -1.651391 -0.909076
    endloop
  endfacet
  facet normal 0.310922 0.943944 -0.110895
    outer loop
      vertex -2.091067 -1.651647 -0.955760
      vertex -2.123270 -1.643363 -0.975535
      vertex -2.089392 -1.644209 -0.887751
    endloop
  endfacet
  facet normal -0.407225 0.901867 0.144232
    outer loop
      vertex -1.755684 -1.526799 -1.385391
      vertex -1.818924 -1.577652 -1.245968
      vertex -1.721310 -1.530971 -1.262254
    endloop
  endfacet
  facet normal -0.349702 0.927489 0.132184
    outer loop
      vertex -1.818924 -1.577652 -1.245968
      vertex -1.888223 -1.621418 -1.122212
      vertex -1.790685 -1.578678 -1.164056
    endloop
  endfacet
  facet normal -0.359013 0.931019 0.065674
    outer loop
      vertex -1.888223 -1.621418 -1.122212
      vertex -1.925981 -1.639536 -1.071776
      vertex -1.870696 -1.617985 -1.075060
    endloop
  endfacet
  facet normal -0.466011 0.873355 -0.141719
    outer loop
      vertex -1.925981 -1.639536 -1.071776
      vertex -1.966256 -1.654562 -1.031941
      vertex -1.959519 -1.647163 -1.008499
    endloop
  endfacet
  facet normal -0.359867 0.914440 -0.185189
    outer loop
      vertex -1.966256 -1.654562 -1.031941
      vertex -2.009379 -1.666064 -1.004937
      vertex -1.959519 -1.647163 -1.008499
    endloop
  endfacet
  facet normal -0.301341 0.870363 -0.389438
    outer loop
      vertex -2.006658 -1.657443 -0.987776
      vertex -2.009379 -1.666064 -1.004937
      vertex -2.032113 -1.670358 -0.996944
    endloop
  endfacet
  facet normal -0.505757 0.845793 0.169837
    outer loop
      vertex -1.663102 -1.477188 -1.356757
      vertex -1.755684 -1.526799 -1.385391
      vertex -1.721310 -1.530971 -1.262254
    endloop
  endfacet
  facet normal -0.499202 0.863886 0.067073
    outer loop
      vertex -1.627620 -1.422056 -1.642297
      vertex -1.604898 -1.424814 -1.437670
      vertex -1.570345 -1.402303 -1.470429
    endloop
  endfacet
  facet normal 0.200479 0.974802 0.097826
    outer loop
      vertex -1.369765 -1.407064 -1.119632
      vertex -1.361442 -1.369125 -1.514744
      vertex -1.420944 -1.374907 -1.335186
    endloop
  endfacet
  facet normal -0.133408 0.988141 0.076029
    outer loop
      vertex -1.420944 -1.360376 -1.524040
      vertex -1.480446 -1.369125 -1.514744
      vertex -1.420944 -1.374907 -1.335186
    endloop
  endfacet
  facet normal -0.238532 0.971118 0.005659
    outer loop
      vertex -1.485408 -1.368948 -1.754169
      vertex -1.540270 -1.382573 -1.728486
      vertex -1.480446 -1.369125 -1.514744
    endloop
  endfacet
  facet normal -0.343364 0.938998 0.019569
    outer loop
      vertex -1.540270 -1.382573 -1.728486
      vertex -1.587180 -1.400518 -1.690533
      vertex -1.529507 -1.383472 -1.496516
    endloop
  endfacet
  facet normal -0.431793 0.901070 0.040335
    outer loop
      vertex -1.587180 -1.400518 -1.690533
      vertex -1.627620 -1.422056 -1.642297
      vertex -1.570345 -1.402303 -1.470429
    endloop
  endfacet
  facet normal -0.583430 0.808629 0.075681
    outer loop
      vertex -1.627620 -1.422056 -1.642297
      vertex -1.635095 -1.450179 -1.399428
      vertex -1.604898 -1.424814 -1.437670
    endloop
  endfacet
  facet normal -0.575757 0.806773 0.132748
    outer loop
      vertex -1.695132 -1.472719 -1.522841
      vertex -1.663102 -1.477188 -1.356757
      vertex -1.635095 -1.450179 -1.399428
    endloop
  endfacet
  facet normal 0.278459 0.960426 0.006479
    outer loop
      vertex -1.356480 -1.368948 -1.754169
      vertex -1.361442 -1.369125 -1.514744
      vertex -1.312381 -1.383472 -1.496516
    endloop
  endfacet
  facet normal 0.406796 0.913244 0.022412
    outer loop
      vertex -1.301618 -1.382573 -1.728486
      vertex -1.312381 -1.383472 -1.496516
      vertex -1.271543 -1.402303 -1.470429
    endloop
  endfacet
  facet normal 0.514101 0.856481 0.046269
    outer loop
      vertex -1.254707 -1.400518 -1.690533
      vertex -1.271543 -1.402303 -1.470429
      vertex -1.236989 -1.424814 -1.437670
    endloop
  endfacet
  facet normal 0.548816 0.827885 0.115787
    outer loop
      vertex -1.146755 -1.472719 -1.522841
      vertex -1.236989 -1.424814 -1.437670
      vertex -1.206793 -1.450179 -1.399428
    endloop
  endfacet
  facet normal -0.543471 0.817233 0.191755
    outer loop
      vertex -2.446383 -1.461267 -0.928378
      vertex -2.463270 -1.476914 -0.909552
      vertex -2.408634 -1.551389 -0.437306
    endloop
  endfacet
  facet normal 0.937258 -0.104137 -0.332719
    outer loop
      vertex -0.110476 -1.634643 -1.217746
      vertex -0.161608 -1.615261 -1.367849
      vertex -0.173131 -1.586913 -1.409180
    endloop
  endfacet
  facet normal 0.959610 -0.003669 -0.281308
    outer loop
      vertex -0.061085 -1.676788 -1.048710
      vertex -0.110476 -1.634643 -1.217746
      vertex -0.084294 -1.634214 -1.128437
    endloop
  endfacet
  facet normal 0.965700 0.032123 -0.257664
    outer loop
      vertex 0.037646 -1.766266 -0.689833
      vertex -0.061085 -1.676788 -1.048710
      vertex 0.040500 -1.734468 -0.675172
    endloop
  endfacet
  facet normal 0.959244 -0.058138 -0.276535
    outer loop
      vertex 0.065996 -1.840905 -0.575802
      vertex 0.037646 -1.766266 -0.689833
      vertex 0.044563 -1.772580 -0.664511
    endloop
  endfacet
  facet normal 0.965766 0.032808 -0.257331
    outer loop
      vertex 0.075930 -1.824249 -0.553379
      vertex 0.044563 -1.772580 -0.664511
      vertex 0.071359 -1.796880 -0.567046
    endloop
  endfacet
  facet normal 0.712725 -0.522574 -0.467911
    outer loop
      vertex -0.200559 -1.630048 -1.426566
      vertex -0.247251 -1.578552 -1.555201
      vertex -0.233169 -1.574626 -1.538135
    endloop
  endfacet
  facet normal 0.653352 -0.582654 -0.483369
    outer loop
      vertex -0.227135 -1.632782 -1.462642
      vertex -0.263434 -1.580992 -1.574133
      vertex -0.247251 -1.578552 -1.555201
    endloop
  endfacet
  facet normal 0.587562 -0.630768 -0.506855
    outer loop
      vertex -0.298728 -1.583174 -1.612332
      vertex -0.263434 -1.580992 -1.574133
      vertex -0.285865 -1.632987 -1.535430
    endloop
  endfacet
  facet normal 0.878375 -0.243034 -0.411571
    outer loop
      vertex -0.161608 -1.615261 -1.367849
      vertex -0.222031 -1.568775 -1.524254
      vertex -0.173131 -1.586913 -1.409180
    endloop
  endfacet
  facet normal 0.784103 -0.429303 -0.448199
    outer loop
      vertex -0.178141 -1.624478 -1.394116
      vertex -0.233169 -1.574626 -1.538135
      vertex -0.222031 -1.568775 -1.524254
    endloop
  endfacet
  facet normal 0.979818 0.018254 -0.199057
    outer loop
      vertex 0.129623 -1.866788 -0.286662
      vertex 0.121855 -1.884025 -0.326480
      vertex 0.071359 -1.796880 -0.567046
    endloop
  endfacet
  facet normal 0.996154 -0.008817 -0.087172
    outer loop
      vertex 0.153018 -1.935169 -0.012403
      vertex 0.144800 -1.941537 -0.105662
      vertex 0.129623 -1.866788 -0.286662
    endloop
  endfacet
  facet normal 0.986309 -0.159358 -0.042410
    outer loop
      vertex 0.153371 -1.967576 0.117577
      vertex 0.148314 -1.997475 0.112329
      vertex 0.153018 -1.935169 -0.012403
    endloop
  endfacet
  facet normal 0.972585 -0.232548 -0.000396
    outer loop
      vertex 0.143009 -2.011211 0.292586
      vertex 0.133272 -2.051992 0.328177
      vertex 0.153371 -1.967576 0.117577
    endloop
  endfacet
  facet normal 0.954333 -0.293202 0.057273
    outer loop
      vertex 0.099395 -2.104769 0.540364
      vertex 0.143009 -2.011211 0.292586
      vertex 0.116532 -2.059532 0.486390
    endloop
  endfacet
  facet normal 0.937035 -0.298914 0.180600
    outer loop
      vertex 0.052619 -2.125106 0.749395
      vertex 0.099395 -2.104769 0.540364
      vertex 0.092355 -2.088718 0.603451
    endloop
  endfacet
  facet normal 0.935496 -0.231055 0.267320
    outer loop
      vertex 0.011505 -2.154619 0.867766
      vertex 0.045824 -2.155366 0.747020
      vertex 0.052619 -2.125106 0.749395
    endloop
  endfacet
  facet normal 0.911228 -0.289056 0.293444
    outer loop
      vertex -0.028857 -2.203081 0.945364
      vertex 0.011505 -2.154619 0.867766
      vertex -0.008097 -2.166804 0.916635
    endloop
  endfacet
  facet normal 0.908567 -0.262704 0.324796
    outer loop
      vertex -0.028857 -2.203081 0.945364
      vertex -0.008097 -2.166804 0.916635
      vertex -0.021820 -2.174769 0.948581
    endloop
  endfacet
  facet normal 0.845992 -0.432135 0.312342
    outer loop
      vertex -0.126593 -2.247100 1.132289
      vertex -0.021820 -2.174769 0.948581
      vertex -0.090117 -2.209061 1.086119
    endloop
  endfacet
  facet normal 0.815887 -0.308066 0.489309
    outer loop
      vertex -0.206217 -2.252783 1.261479
      vertex -0.126593 -2.247100 1.132289
      vertex -0.119666 -2.221683 1.136742
    endloop
  endfacet
  facet normal 0.653813 0.368837 0.660672
    outer loop
      vertex -0.208165 -2.221991 1.246216
      vertex -0.277130 -2.273109 1.343004
      vertex -0.206217 -2.252783 1.261479
    endloop
  endfacet
  facet normal 0.657411 0.363169 0.660242
    outer loop
      vertex -0.208165 -2.221991 1.246216
      vertex -0.292415 -2.250534 1.345805
      vertex -0.277130 -2.273109 1.343004
    endloop
  endfacet
  facet normal 0.558989 0.398087 0.727363
    outer loop
      vertex -0.292415 -2.250534 1.345805
      vertex -0.391676 -2.277431 1.436809
      vertex -0.350852 -2.290452 1.412562
    endloop
  endfacet
  facet normal 0.448416 0.391875 0.803341
    outer loop
      vertex -0.391676 -2.277431 1.436809
      vertex -0.507714 -2.301349 1.513248
      vertex -0.484420 -2.313832 1.506335
    endloop
  endfacet
  facet normal 0.338606 0.353887 0.871843
    outer loop
      vertex -0.583133 -2.302212 1.542890
      vertex -0.564261 -2.323248 1.544099
      vertex -0.507714 -2.301349 1.513248
    endloop
  endfacet
  facet normal 0.281409 0.301784 0.910898
    outer loop
      vertex -0.648019 -2.313747 1.566756
      vertex -0.621983 -2.328075 1.563460
      vertex -0.583133 -2.302212 1.542890
    endloop
  endfacet
  facet normal 0.459002 0.766374 0.449431
    outer loop
      vertex -0.600449 -2.040885 1.130160
      vertex -0.654036 -2.011006 1.133938
      vertex -0.649866 -2.121711 1.318457
    endloop
  endfacet
  facet normal 0.251804 0.791410 0.557015
    outer loop
      vertex -0.648892 -2.246087 1.494558
      vertex -0.590343 -2.208321 1.414433
      vertex -0.640477 -2.188766 1.409312
    endloop
  endfacet
  facet normal 0.168111 0.838628 0.518114
    outer loop
      vertex -0.560097 -2.271915 1.507553
      vertex -0.590343 -2.208321 1.414433
      vertex -0.648892 -2.246087 1.494558
    endloop
  endfacet
  facet normal 0.128504 0.709923 0.692457
    outer loop
      vertex -0.583133 -2.302212 1.542890
      vertex -0.560097 -2.271915 1.507553
      vertex -0.648019 -2.313747 1.566756
    endloop
  endfacet
  facet normal 0.413948 0.752342 0.512473
    outer loop
      vertex -0.640477 -2.188766 1.409312
      vertex -0.602115 -2.149009 1.319961
      vertex -0.649866 -2.121711 1.318457
    endloop
  endfacet
  facet normal -0.346498 -0.284264 -0.893942
    outer loop
      vertex -0.413256 -1.569733 -1.639108
      vertex -0.372676 -1.544668 -1.662807
      vertex -0.373984 -1.564520 -1.655987
    endloop
  endfacet
  facet normal -0.388662 -0.045784 -0.920242
    outer loop
      vertex -0.412126 -1.549336 -1.645913
      vertex -0.385344 -1.524764 -1.658447
      vertex -0.372676 -1.544668 -1.662807
    endloop
  endfacet
  facet normal -0.619255 0.025971 -0.784760
    outer loop
      vertex -0.436175 -1.532757 -1.626387
      vertex -0.411845 -1.528009 -1.645429
      vertex -0.412126 -1.549336 -1.645913
    endloop
  endfacet
  facet normal -0.657841 0.446059 -0.606858
    outer loop
      vertex -0.411846 -1.511983 -1.637490
      vertex -0.436175 -1.532757 -1.626387
      vertex -0.447054 -1.507242 -1.595840
    endloop
  endfacet
  facet normal -0.594032 0.730662 -0.336539
    outer loop
      vertex -0.414819 -1.480291 -1.594224
      vertex -0.447054 -1.507242 -1.595840
      vertex -0.479216 -1.501548 -1.526707
    endloop
  endfacet
  facet normal -0.776809 0.587913 -0.225669
    outer loop
      vertex -0.530954 -1.531323 -1.426181
      vertex -0.483363 -1.482313 -1.462323
      vertex -0.479216 -1.501548 -1.526707
    endloop
  endfacet
  facet normal -0.858829 0.477744 -0.184861
    outer loop
      vertex -0.575350 -1.565564 -1.308417
      vertex -0.533756 -1.513717 -1.367666
      vertex -0.530954 -1.531323 -1.426181
    endloop
  endfacet
  facet normal -0.205158 0.826737 -0.523848
    outer loop
      vertex -0.750097 -1.661814 -0.988180
      vertex -0.749830 -1.670912 -1.002642
      vertex -0.786175 -1.674559 -0.994164
    endloop
  endfacet
  facet normal -0.507747 0.675253 -0.535001
    outer loop
      vertex -0.717896 -1.654416 -1.009403
      vertex -0.733275 -1.667999 -1.011950
      vertex -0.750097 -1.661814 -0.988180
    endloop
  endfacet
  facet normal -0.650410 0.717904 -0.248156
    outer loop
      vertex -0.664309 -1.618436 -1.045763
      vertex -0.717896 -1.654416 -1.009403
      vertex -0.718617 -1.643363 -0.975535
    endloop
  endfacet
  facet normal -0.818536 0.539418 -0.197555
    outer loop
      vertex -0.664309 -1.618436 -1.045763
      vertex -0.618973 -1.585792 -1.144470
      vertex -0.663436 -1.631210 -1.084258
    endloop
  endfacet
  facet normal -0.869157 0.463026 -0.173702
    outer loop
      vertex -0.618973 -1.585792 -1.144470
      vertex -0.577222 -1.549538 -1.256743
      vertex -0.617724 -1.600221 -1.189186
    endloop
  endfacet
  facet normal -0.857537 0.481728 -0.180468
    outer loop
      vertex -0.577222 -1.549538 -1.256743
      vertex -0.533756 -1.513717 -1.367666
      vertex -0.575350 -1.565564 -1.308417
    endloop
  endfacet
  facet normal 0.115165 0.193447 -0.974328
    outer loop
      vertex -0.809085 -1.677326 -1.003449
      vertex -0.785983 -1.683871 -1.002017
      vertex -0.797526 -1.682991 -1.003207
    endloop
  endfacet
  facet normal 0.204988 0.676427 -0.707409
    outer loop
      vertex -0.809085 -1.677326 -1.003449
      vertex -0.786175 -1.674559 -0.994164
      vertex -0.786027 -1.680933 -1.000216
    endloop
  endfacet
  facet normal 0.393702 0.441554 -0.806244
    outer loop
      vertex -0.830265 -1.678449 -1.014406
      vertex -0.831022 -1.673388 -1.012004
      vertex -0.809085 -1.677326 -1.003449
    endloop
  endfacet
  facet normal 0.541195 -0.661579 -0.519058
    outer loop
      vertex -0.334263 -1.597798 -1.630743
      vertex -0.298728 -1.583174 -1.612332
      vertex -0.285865 -1.632987 -1.535430
    endloop
  endfacet
  facet normal 0.607049 -0.501774 -0.616210
    outer loop
      vertex -0.308691 -1.553678 -1.646165
      vertex -0.298728 -1.583174 -1.612332
      vertex -0.330948 -1.575669 -1.650184
    endloop
  endfacet
  facet normal -0.022534 -0.528678 -0.848523
    outer loop
      vertex -0.373984 -1.564520 -1.655987
      vertex -0.329468 -1.562945 -1.658151
      vertex -0.330948 -1.575669 -1.650184
    endloop
  endfacet
  facet normal -0.766393 0.593983 -0.244593
    outer loop
      vertex -1.935967 -1.654146 -1.092798
      vertex -1.932550 -1.647269 -1.086804
      vertex -1.902981 -1.636540 -1.153397
    endloop
  endfacet
  facet normal -0.744296 0.655372 -0.128495
    outer loop
      vertex -1.897927 -1.628977 -1.144103
      vertex -1.834528 -1.584758 -1.285801
      vertex -1.902981 -1.636540 -1.153397
    endloop
  endfacet
  facet normal -0.698579 0.714660 -0.035338
    outer loop
      vertex -1.774625 -1.534159 -1.446703
      vertex -1.842659 -1.593601 -1.303889
      vertex -1.834528 -1.584758 -1.285801
    endloop
  endfacet
  facet normal -0.686893 0.726192 -0.028699
    outer loop
      vertex -1.712698 -1.481902 -1.606590
      vertex -1.784489 -1.544624 -1.475431
      vertex -1.774625 -1.534159 -1.446703
    endloop
  endfacet
  facet normal 0.687888 0.725275 -0.028020
    outer loop
      vertex -1.057399 -1.544624 -1.475431
      vertex -1.067262 -1.534159 -1.446703
      vertex -1.007359 -1.584758 -1.285801
    endloop
  endfacet
  facet normal 0.724771 0.686688 -0.056280
    outer loop
      vertex -1.067262 -1.534159 -1.446703
      vertex -1.120057 -1.494808 -1.646459
      vertex -1.129189 -1.481902 -1.606590
    endloop
  endfacet
  facet normal 0.707594 0.694344 -0.131136
    outer loop
      vertex -1.129189 -1.481902 -1.606590
      vertex -1.195485 -1.450082 -1.795831
      vertex -1.201898 -1.434150 -1.746077
    endloop
  endfacet
  facet normal 0.553598 0.729257 -0.402137
    outer loop
      vertex -1.291284 -1.432415 -1.926774
      vertex -1.240853 -1.431594 -1.855858
      vertex -1.238452 -1.446123 -1.878902
    endloop
  endfacet
  facet normal 0.569163 0.801532 -0.183301
    outer loop
      vertex -1.240853 -1.431594 -1.855858
      vertex -1.201898 -1.434150 -1.746077
      vertex -1.195485 -1.450082 -1.795831
    endloop
  endfacet
  facet normal 0.375950 0.786989 -0.489194
    outer loop
      vertex -1.292808 -1.416662 -1.902601
      vertex -1.291284 -1.432415 -1.926774
      vertex -1.351760 -1.422983 -1.958076
    endloop
  endfacet
  facet normal 0.534902 0.843184 -0.054045
    outer loop
      vertex -0.943960 -1.628977 -1.144103
      vertex -0.953665 -1.621418 -1.122212
      vertex -0.909338 -1.647269 -1.086804
    endloop
  endfacet
  facet normal 0.593759 0.804510 -0.014600
    outer loop
      vertex -1.007359 -1.584758 -1.285801
      vertex -0.953665 -1.621418 -1.122212
      vertex -0.943960 -1.628977 -1.144103
    endloop
  endfacet
  facet normal 0.612884 0.188604 -0.767334
    outer loop
      vertex -0.871906 -1.662260 -1.041924
      vertex -0.831022 -1.673388 -1.012004
      vertex -0.850641 -1.673936 -1.027809
    endloop
  endfacet
  facet normal 0.738664 0.503867 -0.447764
    outer loop
      vertex -0.871906 -1.662260 -1.041924
      vertex -0.869976 -1.668328 -1.045567
      vertex -0.909338 -1.647269 -1.086804
    endloop
  endfacet
  facet normal -0.390605 0.782300 -0.485215
    outer loop
      vertex -1.489434 -1.405995 -1.933419
      vertex -1.550603 -1.432415 -1.926774
      vertex -1.549080 -1.416662 -1.902601
    endloop
  endfacet
  facet normal -0.481082 0.845103 -0.233154
    outer loop
      vertex -1.546079 -1.397635 -1.846163
      vertex -1.601035 -1.431594 -1.855858
      vertex -1.596309 -1.414114 -1.802248
    endloop
  endfacet
  facet normal -0.474395 0.841511 -0.258472
    outer loop
      vertex -1.549080 -1.416662 -1.902601
      vertex -1.601035 -1.431594 -1.855858
      vertex -1.546079 -1.397635 -1.846163
    endloop
  endfacet
  facet normal -0.485333 0.871802 -0.066435
    outer loop
      vertex -1.596309 -1.414114 -1.802248
      vertex -1.639990 -1.434150 -1.746077
      vertex -1.587180 -1.400518 -1.690533
    endloop
  endfacet
  facet normal -0.582238 0.812625 -0.025300
    outer loop
      vertex -1.639990 -1.434150 -1.746077
      vertex -1.712698 -1.481902 -1.606590
      vertex -1.627620 -1.422056 -1.642297
    endloop
  endfacet
  facet normal -0.210907 0.807709 -0.550568
    outer loop
      vertex -1.489434 -1.405995 -1.933419
      vertex -1.456691 -1.420100 -1.966656
      vertex -1.490127 -1.422983 -1.958076
    endloop
  endfacet
  facet normal -0.064258 0.804843 -0.589999
    outer loop
      vertex -1.420944 -1.396528 -1.938393
      vertex -1.420944 -1.421962 -1.973088
      vertex -1.456691 -1.420100 -1.966656
    endloop
  endfacet
  facet normal 0.195008 0.860351 -0.470923
    outer loop
      vertex -1.351760 -1.422983 -1.958076
      vertex -1.385197 -1.420100 -1.966656
      vertex -1.420944 -1.396528 -1.938393
    endloop
  endfacet
  facet normal 0.064258 0.804843 -0.589999
    outer loop
      vertex -1.420944 -1.396528 -1.938393
      vertex -1.385197 -1.420100 -1.966656
      vertex -1.420944 -1.421962 -1.973088
    endloop
  endfacet
  facet normal -0.573360 0.242002 -0.782747
    outer loop
      vertex -2.012002 -1.681596 -1.014974
      vertex -1.991246 -1.673936 -1.027809
      vertex -1.991901 -1.677581 -1.028457
    endloop
  endfacet
  facet normal -0.693429 0.244883 -0.677635
    outer loop
      vertex -1.971912 -1.668328 -1.045567
      vertex -1.991901 -1.677581 -1.028457
      vertex -1.991246 -1.673936 -1.027809
    endloop
  endfacet
  facet normal -0.756093 0.496564 -0.426319
    outer loop
      vertex -1.971912 -1.668328 -1.045567
      vertex -1.969981 -1.662260 -1.041924
      vertex -1.935967 -1.654146 -1.092798
    endloop
  endfacet
  facet normal -0.237077 0.296340 -0.925190
    outer loop
      vertex -2.055828 -1.678595 -0.998861
      vertex -2.033142 -1.681787 -1.005697
      vertex -2.044362 -1.682991 -1.003207
    endloop
  endfacet
  facet normal -0.394569 0.208957 -0.894791
    outer loop
      vertex -2.033142 -1.681787 -1.005697
      vertex -2.011622 -1.678449 -1.014406
      vertex -2.012002 -1.681596 -1.014974
    endloop
  endfacet
  facet normal 0.215324 0.662065 -0.717848
    outer loop
      vertex -2.092058 -1.670912 -1.002642
      vertex -2.055724 -1.674041 -0.994629
      vertex -2.055828 -1.678595 -0.998861
    endloop
  endfacet
  facet normal -0.525753 -0.486248 0.697959
    outer loop
      vertex -2.351938 -2.328150 1.502089
      vertex -2.397778 -2.307714 1.481796
      vertex -2.439139 -2.316687 1.444388
    endloop
  endfacet
  facet normal -0.505548 -0.351608 0.787904
    outer loop
      vertex -2.343794 -2.315486 1.512966
      vertex -2.397778 -2.307714 1.481796
      vertex -2.351938 -2.328150 1.502089
    endloop
  endfacet
  facet normal -0.537315 -0.687329 0.488745
    outer loop
      vertex -2.519055 -2.302329 1.376724
      vertex -2.508569 -2.318884 1.364969
      vertex -2.439139 -2.316687 1.444388
    endloop
  endfacet
  facet normal -0.599248 -0.676470 0.428124
    outer loop
      vertex -2.591570 -2.285738 1.301439
      vertex -2.579722 -2.304123 1.288973
      vertex -2.519055 -2.302329 1.376724
    endloop
  endfacet
  facet normal -0.669499 -0.661103 0.338693
    outer loop
      vertex -2.579722 -2.304123 1.288973
      vertex -2.591570 -2.285738 1.301439
      vertex -2.715295 -2.247100 1.132289
    endloop
  endfacet
  facet normal -0.742656 -0.624731 0.241191
    outer loop
      vertex -2.701470 -2.268578 1.119225
      vertex -2.715295 -2.247100 1.132289
      vertex -2.813031 -2.203081 0.945364
    endloop
  endfacet
  facet normal -0.794480 -0.586355 0.158080
    outer loop
      vertex -2.798063 -2.226905 0.932222
      vertex -2.813031 -2.203081 0.945364
      vertex -2.887712 -2.155366 0.747020
    endloop
  endfacet
  facet normal -0.831659 -0.549334 0.081090
    outer loop
      vertex -2.872237 -2.180748 0.733784
      vertex -2.887712 -2.155366 0.747020
      vertex -2.941282 -2.104769 0.540364
    endloop
  endfacet
  facet normal -0.858187 -0.513251 0.009357
    outer loop
      vertex -2.925812 -2.130884 0.526706
      vertex -2.941282 -2.104769 0.540364
      vertex -2.975160 -2.051992 0.328177
    endloop
  endfacet
  facet normal -0.877645 -0.475824 -0.057716
    outer loop
      vertex -2.960119 -2.077952 0.313485
      vertex -2.975160 -2.051992 0.328177
      vertex -2.975969 -2.022308 0.095760
    endloop
  endfacet
  facet normal -0.547169 -0.792494 -0.269369
    outer loop
      vertex -2.841645 -1.946489 -0.507020
      vertex -2.924828 -1.996723 -0.190262
      vertex -2.907956 -1.931727 -0.415756
    endloop
  endfacet
  facet normal -0.705868 -0.683127 -0.187317
    outer loop
      vertex -2.975969 -2.022308 0.095760
      vertex -2.973619 -1.964197 -0.125021
      vertex -2.924828 -1.996723 -0.190262
    endloop
  endfacet
  facet normal 0.604429 -0.216405 -0.766703
    outer loop
      vertex -2.429762 -1.549336 -1.645913
      vertex -2.394926 -1.557179 -1.616236
      vertex -2.393937 -1.578078 -1.609559
    endloop
  endfacet
  facet normal 0.764188 -0.157580 -0.625448
    outer loop
      vertex -2.363153 -1.589049 -1.569387
      vertex -2.394926 -1.557179 -1.616236
      vertex -2.364031 -1.567684 -1.575842
    endloop
  endfacet
  facet normal -0.530510 -0.608329 -0.590335
    outer loop
      vertex -2.510741 -1.576069 -1.648787
      vertex -2.505908 -1.607895 -1.620334
      vertex -2.543159 -1.583174 -1.612332
    endloop
  endfacet
  facet normal -0.612720 -0.468788 -0.636248
    outer loop
      vertex -2.543159 -1.583174 -1.612332
      vertex -2.512316 -1.562509 -1.657261
      vertex -2.510741 -1.576069 -1.648787
    endloop
  endfacet
  facet normal 0.012456 -0.324136 -0.945929
    outer loop
      vertex -2.512316 -1.562509 -1.657261
      vertex -2.469212 -1.544668 -1.662807
      vertex -2.467903 -1.564520 -1.655987
    endloop
  endfacet
  facet normal 0.388662 -0.045788 -0.920242
    outer loop
      vertex -2.456543 -1.524764 -1.658447
      vertex -2.429762 -1.549336 -1.645913
      vertex -2.469212 -1.544668 -1.662807
    endloop
  endfacet
  facet normal -0.635807 -0.648033 -0.419288
    outer loop
      vertex -2.614752 -1.632782 -1.462642
      vertex -2.711397 -1.721070 -1.179637
      vertex -2.641329 -1.630048 -1.426566
    endloop
  endfacet
  facet normal -0.572334 -0.656539 -0.491314
    outer loop
      vertex -2.543159 -1.583174 -1.612332
      vertex -2.614752 -1.632782 -1.462642
      vertex -2.578454 -1.580992 -1.574133
    endloop
  endfacet
  facet normal -0.681577 -0.632136 -0.368587
    outer loop
      vertex -2.869853 -1.864092 -0.641338
      vertex -2.711397 -1.721070 -1.179637
      vertex -2.812440 -1.875843 -0.727352
    endloop
  endfacet
  facet normal -0.624196 -0.713073 -0.319227
    outer loop
      vertex -2.812440 -1.875843 -0.727352
      vertex -2.907956 -1.931727 -0.415756
      vertex -2.869853 -1.864092 -0.641338
    endloop
  endfacet
  facet normal 0.915242 0.263180 -0.305070
    outer loop
      vertex -2.267049 -1.579697 -1.331714
      vertex -2.272086 -1.598430 -1.362987
      vertex -2.344007 -1.554156 -1.540561
    endloop
  endfacet
  facet normal 0.881498 -0.103018 -0.460812
    outer loop
      vertex -2.363153 -1.589049 -1.569387
      vertex -2.364031 -1.567684 -1.575842
      vertex -2.344007 -1.554156 -1.540561
    endloop
  endfacet
  facet normal 0.913146 0.339316 -0.225894
    outer loop
      vertex -2.224164 -1.600221 -1.189186
      vertex -2.267049 -1.579697 -1.331714
      vertex -2.266537 -1.565564 -1.308417
    endloop
  endfacet
  facet normal 0.878551 0.397076 -0.265477
    outer loop
      vertex -2.178451 -1.631210 -1.084258
      vertex -2.224451 -1.612973 -1.209208
      vertex -2.224164 -1.600221 -1.189186
    endloop
  endfacet
  facet normal 0.648393 0.719554 -0.248652
    outer loop
      vertex -2.178451 -1.631210 -1.084258
      vertex -2.123270 -1.643363 -0.975535
      vertex -2.123992 -1.654416 -1.009403
    endloop
  endfacet
  facet normal 0.481328 0.737920 -0.473072
    outer loop
      vertex -2.092058 -1.670912 -1.002642
      vertex -2.123992 -1.654416 -1.009403
      vertex -2.091791 -1.661814 -0.988180
    endloop
  endfacet
  facet normal -0.353670 0.904310 0.239041
    outer loop
      vertex -2.508492 -1.645832 -0.399866
      vertex -2.597177 -1.686200 -0.378363
      vertex -2.466504 -1.752701 0.066551
    endloop
  endfacet
  facet normal -0.618209 0.764650 0.182011
    outer loop
      vertex -2.492021 -1.520098 -0.872141
      vertex -2.508492 -1.645832 -0.399866
      vertex -2.452080 -1.596253 -0.416546
    endloop
  endfacet
  facet normal -0.659525 0.727023 0.190956
    outer loop
      vertex -2.463270 -1.476914 -0.909552
      vertex -2.452080 -1.596253 -0.416546
      vertex -2.408634 -1.551389 -0.437306
    endloop
  endfacet
  facet normal -0.147106 0.954833 0.258173
    outer loop
      vertex -2.546596 -1.847231 0.288839
      vertex -2.842596 -1.840764 0.096260
      vertex -2.825915 -1.894207 0.303421
    endloop
  endfacet
  facet normal -0.144083 0.949516 0.278675
    outer loop
      vertex -2.520268 -1.906419 0.503057
      vertex -2.825915 -1.894207 0.303421
      vertex -2.795809 -1.950911 0.512190
    endloop
  endfacet
  facet normal -0.149909 0.953237 0.262426
    outer loop
      vertex -2.546596 -1.847231 0.288839
      vertex -2.567445 -1.790490 0.070824
      vertex -2.842596 -1.840764 0.096260
    endloop
  endfacet
  facet normal -0.157895 0.956882 0.243817
    outer loop
      vertex -2.567445 -1.790490 0.070824
      vertex -2.584396 -1.736294 -0.152853
      vertex -2.847957 -1.790594 -0.110429
    endloop
  endfacet
  facet normal -0.285713 0.931957 0.223214
    outer loop
      vertex -2.466504 -1.752701 0.066551
      vertex -2.597177 -1.686200 -0.378363
      vertex -2.584396 -1.736294 -0.152853
    endloop
  endfacet
  facet normal -0.246223 0.903861 0.349871
    outer loop
      vertex -2.856788 -2.047386 0.718511
      vertex -2.795809 -1.950911 0.512190
      vertex -2.856996 -1.967341 0.511576
    endloop
  endfacet
  facet normal -0.308030 0.881548 0.357757
    outer loop
      vertex -2.682116 -2.073921 0.934289
      vertex -2.856788 -2.047386 0.718511
      vertex -2.781692 -2.107867 0.932199
    endloop
  endfacet
  facet normal -0.299700 0.864025 0.404526
    outer loop
      vertex -2.588272 -2.139595 1.143266
      vertex -2.781692 -2.107867 0.932199
      vertex -2.674743 -2.170249 1.144676
    endloop
  endfacet
  facet normal -0.532430 0.643785 0.549599
    outer loop
      vertex -2.606207 -2.201599 1.247794
      vertex -2.674743 -2.170249 1.144676
      vertex -2.704913 -2.192624 1.141658
    endloop
  endfacet
  facet normal -0.693174 0.276455 0.665644
    outer loop
      vertex -2.665551 -2.242877 1.221746
      vertex -2.549472 -2.250534 1.345805
      vertex -2.633723 -2.221991 1.246216
    endloop
  endfacet
  facet normal -0.568257 0.377206 0.731300
    outer loop
      vertex -2.450212 -2.277431 1.436809
      vertex -2.549472 -2.250534 1.345805
      vertex -2.543708 -2.278524 1.364722
    endloop
  endfacet
  facet normal -0.434975 0.425626 0.793498
    outer loop
      vertex -2.334174 -2.301349 1.513248
      vertex -2.450212 -2.277431 1.436809
      vertex -2.397778 -2.307714 1.481796
    endloop
  endfacet
  facet normal -0.447503 0.287651 0.846757
    outer loop
      vertex -2.334174 -2.301349 1.513248
      vertex -2.397778 -2.307714 1.481796
      vertex -2.343794 -2.315486 1.512966
    endloop
  endfacet
  facet normal -0.733454 0.332607 0.592805
    outer loop
      vertex -2.722108 -2.221667 1.136679
      vertex -2.633723 -2.221991 1.246216
      vertex -2.704913 -2.192624 1.141658
    endloop
  endfacet
  facet normal -0.624262 0.781204 -0.004187
    outer loop
      vertex -0.666656 -1.609035 -0.965530
      vertex -0.672176 -1.612584 -0.804472
      vertex -0.629832 -1.579088 -0.868251
    endloop
  endfacet
  facet normal -0.261898 0.964992 0.014136
    outer loop
      vertex -0.720423 -1.635258 -0.904561
      vertex -0.752496 -1.644209 -0.887751
      vertex -0.724574 -1.638497 -0.760391
    endloop
  endfacet
  facet normal -0.433778 0.901006 0.004981
    outer loop
      vertex -0.666656 -1.609035 -0.965530
      vertex -0.720423 -1.635258 -0.904561
      vertex -0.672176 -1.612584 -0.804472
    endloop
  endfacet
  facet normal -0.164966 0.980006 -0.111245
    outer loop
      vertex -0.750821 -1.651647 -0.955760
      vertex -0.787277 -1.657041 -0.949213
      vertex -0.752496 -1.644209 -0.887751
    endloop
  endfacet
  facet normal -0.194585 0.927388 -0.319514
    outer loop
      vertex -0.750821 -1.651647 -0.955760
      vertex -0.786316 -1.670348 -0.988424
      vertex -0.787277 -1.657041 -0.949213
    endloop
  endfacet
  facet normal 0.295313 0.932184 -0.209340
    outer loop
      vertex -0.875632 -1.654562 -1.031941
      vertex -0.882369 -1.647163 -1.008499
      vertex -0.835229 -1.657443 -0.987776
    endloop
  endfacet
  facet normal 0.203949 0.801256 -0.562489
    outer loop
      vertex -0.786316 -1.670348 -0.988424
      vertex -0.809774 -1.670358 -0.996944
      vertex -0.835229 -1.657443 -0.987776
    endloop
  endfacet
  facet normal 0.363998 0.931249 -0.016741
    outer loop
      vertex -0.875632 -1.654562 -1.031941
      vertex -0.915906 -1.639536 -1.071776
      vertex -0.971191 -1.617985 -1.075060
    endloop
  endfacet
  facet normal 0.414574 0.905735 0.088165
    outer loop
      vertex -1.022964 -1.577652 -1.245968
      vertex -0.971191 -1.617985 -1.075060
      vertex -0.953665 -1.621418 -1.122212
    endloop
  endfacet
  facet normal 0.399135 0.904715 0.148940
    outer loop
      vertex -1.086204 -1.526799 -1.385391
      vertex -1.051203 -1.578678 -1.164056
      vertex -1.022964 -1.577652 -1.245968
    endloop
  endfacet
  facet normal 0.441670 0.883994 0.153241
    outer loop
      vertex -1.146755 -1.472719 -1.522841
      vertex -1.120577 -1.530971 -1.262254
      vertex -1.086204 -1.526799 -1.385391
    endloop
  endfacet
  facet normal 0.481352 0.789836 0.380078
    outer loop
      vertex -0.714361 -1.995995 1.131688
      vertex -0.666439 -1.867051 0.803040
      vertex -0.702003 -1.945434 1.010966
    endloop
  endfacet
  facet normal -0.390085 0.881631 0.265632
    outer loop
      vertex -0.652438 -1.814491 0.649155
      vertex -0.702003 -1.945434 1.010966
      vertex -0.666439 -1.867051 0.803040
    endloop
  endfacet
  facet normal -0.247944 0.936472 0.248083
    outer loop
      vertex -0.601068 -1.697602 0.259260
      vertex -0.652438 -1.814491 0.649155
      vertex -0.627437 -1.776809 0.531897
    endloop
  endfacet
  facet normal 0.207846 0.894583 0.395627
    outer loop
      vertex -0.654036 -2.011006 1.133938
      vertex -0.619615 -1.933728 0.941117
      vertex -0.714361 -1.995995 1.131688
    endloop
  endfacet
  facet normal -0.156751 0.966185 0.204734
    outer loop
      vertex -0.561702 -1.646486 0.069480
      vertex -0.516510 -1.571042 -0.251955
      vertex -0.563536 -1.597451 -0.163328
    endloop
  endfacet
  facet normal -0.020041 0.966430 0.256146
    outer loop
      vertex -0.595968 -1.711291 0.311305
      vertex -0.561702 -1.646486 0.069480
      vertex -0.601068 -1.697602 0.259260
    endloop
  endfacet
  facet normal -0.253881 0.954588 0.155904
    outer loop
      vertex -0.513528 -1.509992 -0.617398
      vertex -0.563536 -1.597451 -0.163328
      vertex -0.487941 -1.529436 -0.456677
    endloop
  endfacet
  facet normal -0.420950 0.897432 0.131975
    outer loop
      vertex -0.513528 -1.509992 -0.617398
      vertex -0.552000 -1.530475 -0.600824
      vertex -0.591421 -1.613173 -0.164217
    endloop
  endfacet
  facet normal -0.615570 0.785101 0.068488
    outer loop
      vertex -0.569514 -1.527710 -0.789935
      vertex -0.584604 -1.558362 -0.574188
      vertex -0.552000 -1.530475 -0.600824
    endloop
  endfacet
  facet normal -0.666726 0.742970 0.058925
    outer loop
      vertex -0.569514 -1.527710 -0.789935
      vertex -0.603405 -1.562147 -0.739208
      vertex -0.584604 -1.558362 -0.574188
    endloop
  endfacet
  facet normal -0.662709 0.747937 0.037522
    outer loop
      vertex -0.592327 -1.542181 -0.941531
      vertex -0.629832 -1.579088 -0.868251
      vertex -0.603405 -1.562147 -0.739208
    endloop
  endfacet
  facet normal 0.441957 0.896672 -0.025557
    outer loop
      vertex -2.407736 -1.443858 -1.386173
      vertex -2.380678 -1.449501 -1.116238
      vertex -2.329297 -1.473671 -1.075743
    endloop
  endfacet
  facet normal 0.226494 0.970246 0.085576
    outer loop
      vertex -2.380678 -1.449501 -1.116238
      vertex -2.411245 -1.441560 -1.125361
      vertex -2.432822 -1.444982 -1.029462
    endloop
  endfacet
  facet normal -0.257824 0.958727 0.119869
    outer loop
      vertex -2.470967 -1.441968 -1.135609
      vertex -2.446383 -1.461267 -0.928378
      vertex -2.432822 -1.444982 -1.029462
    endloop
  endfacet
  facet normal 0.635376 0.771512 -0.032655
    outer loop
      vertex -2.349027 -1.468220 -1.330845
      vertex -2.329297 -1.473671 -1.075743
      vertex -2.287114 -1.505802 -1.014101
    endloop
  endfacet
  facet normal 0.586859 0.809474 -0.018667
    outer loop
      vertex -2.349027 -1.468220 -1.330845
      vertex -2.287114 -1.505802 -1.014101
      vertex -2.301435 -1.500810 -1.247841
    endloop
  endfacet
  facet normal 0.791603 0.601234 -0.109008
    outer loop
      vertex -2.259965 -1.537750 -1.150437
      vertex -2.308132 -1.513717 -1.367666
      vertex -2.301435 -1.500810 -1.247841
    endloop
  endfacet
  facet normal 0.869929 0.461249 -0.174565
    outer loop
      vertex -2.222914 -1.585792 -1.144470
      vertex -2.266537 -1.565564 -1.308417
      vertex -2.264666 -1.549538 -1.256743
    endloop
  endfacet
  facet normal 0.818172 0.540114 -0.197156
    outer loop
      vertex -2.177578 -1.618436 -1.045763
      vertex -2.224164 -1.600221 -1.189186
      vertex -2.222914 -1.585792 -1.144470
    endloop
  endfacet
  facet normal 0.653281 0.714035 -0.251749
    outer loop
      vertex -2.178451 -1.631210 -1.084258
      vertex -2.177578 -1.618436 -1.045763
      vertex -2.123270 -1.643363 -0.975535
    endloop
  endfacet
  facet normal 0.860739 0.474622 -0.184017
    outer loop
      vertex -2.264666 -1.549538 -1.256743
      vertex -2.310934 -1.531323 -1.426181
      vertex -2.308132 -1.513717 -1.367666
    endloop
  endfacet
  facet normal 0.165673 0.938280 -0.303616
    outer loop
      vertex -2.055306 -1.664828 -0.977584
      vertex -2.055375 -1.665723 -0.980389
      vertex -2.091791 -1.661814 -0.988180
    endloop
  endfacet
  facet normal -0.210507 0.901809 -0.377395
    outer loop
      vertex -2.006658 -1.657443 -0.987776
      vertex -2.055519 -1.668220 -0.986274
      vertex -2.055375 -1.665723 -0.980389
    endloop
  endfacet
  facet normal 0.388377 0.876761 -0.283641
    outer loop
      vertex -2.091791 -1.661814 -0.988180
      vertex -2.123992 -1.654416 -1.009403
      vertex -2.091067 -1.651647 -0.955760
    endloop
  endfacet
  facet normal 0.402384 0.867731 -0.291772
    outer loop
      vertex -2.123992 -1.654416 -1.009403
      vertex -2.123270 -1.643363 -0.975535
      vertex -2.091067 -1.651647 -0.955760
    endloop
  endfacet
  facet normal -0.539531 0.839713 0.061549
    outer loop
      vertex -1.755684 -1.526799 -1.385391
      vertex -1.834528 -1.584758 -1.285801
      vertex -1.818924 -1.577652 -1.245968
    endloop
  endfacet
  facet normal -0.571389 0.820134 -0.029918
    outer loop
      vertex -1.818924 -1.577652 -1.245968
      vertex -1.897927 -1.628977 -1.144103
      vertex -1.888223 -1.621418 -1.122212
    endloop
  endfacet
  facet normal -0.507545 0.858652 -0.071519
    outer loop
      vertex -1.897927 -1.628977 -1.144103
      vertex -1.925981 -1.639536 -1.071776
      vertex -1.888223 -1.621418 -1.122212
    endloop
  endfacet
  facet normal -0.513278 0.833492 -0.204543
    outer loop
      vertex -1.932550 -1.647269 -1.086804
      vertex -1.966256 -1.654562 -1.031941
      vertex -1.925981 -1.639536 -1.071776
    endloop
  endfacet
  facet normal -0.521752 0.644820 -0.558553
    outer loop
      vertex -1.966256 -1.654562 -1.031941
      vertex -2.010865 -1.673388 -1.012004
      vertex -2.009379 -1.666064 -1.004937
    endloop
  endfacet
  facet normal -0.357621 0.655933 -0.664725
    outer loop
      vertex -2.032803 -1.677326 -1.003449
      vertex -2.032113 -1.670358 -0.996944
      vertex -2.009379 -1.666064 -1.004937
    endloop
  endfacet
  facet normal -0.180416 0.780488 -0.598573
    outer loop
      vertex -2.055724 -1.674041 -0.994629
      vertex -2.006658 -1.657443 -0.987776
      vertex -2.032113 -1.670358 -0.996944
    endloop
  endfacet
  facet normal -0.497317 0.859364 0.119036
    outer loop
      vertex -1.695132 -1.472719 -1.522841
      vertex -1.755684 -1.526799 -1.385391
      vertex -1.663102 -1.477188 -1.356757
    endloop
  endfacet
  facet normal 0.133408 0.988141 0.076029
    outer loop
      vertex -1.361442 -1.369125 -1.514744
      vertex -1.420944 -1.360376 -1.524040
      vertex -1.420944 -1.374907 -1.335186
    endloop
  endfacet
  facet normal -0.144894 0.989440 0.003732
    outer loop
      vertex -1.485408 -1.368948 -1.754169
      vertex -1.480446 -1.369125 -1.514744
      vertex -1.420944 -1.360376 -1.524040
    endloop
  endfacet
  facet normal -0.286819 0.951914 -0.107678
    outer loop
      vertex -1.546079 -1.397635 -1.846163
      vertex -1.540270 -1.382573 -1.728486
      vertex -1.485408 -1.368948 -1.754169
    endloop
  endfacet
  facet normal -0.410022 0.908811 -0.077093
    outer loop
      vertex -1.596309 -1.414114 -1.802248
      vertex -1.587180 -1.400518 -1.690533
      vertex -1.540270 -1.382573 -1.728486
    endloop
  endfacet
  facet normal -0.506461 0.861334 -0.040008
    outer loop
      vertex -1.587180 -1.400518 -1.690533
      vertex -1.639990 -1.434150 -1.746077
      vertex -1.627620 -1.422056 -1.642297
    endloop
  endfacet
  facet normal -0.497950 0.863068 0.084615
    outer loop
      vertex -1.627620 -1.422056 -1.642297
      vertex -1.695132 -1.472719 -1.522841
      vertex -1.635095 -1.450179 -1.399428
    endloop
  endfacet
  facet normal 0.193717 0.981046 0.004738
    outer loop
      vertex -1.356480 -1.368948 -1.754169
      vertex -1.420944 -1.356739 -1.646464
      vertex -1.361442 -1.369125 -1.514744
    endloop
  endfacet
  facet normal 0.234543 0.971996 0.014648
    outer loop
      vertex -1.301618 -1.382573 -1.728486
      vertex -1.356480 -1.368948 -1.754169
      vertex -1.312381 -1.383472 -1.496516
    endloop
  endfacet
  facet normal 0.333574 0.942141 0.033155
    outer loop
      vertex -1.254707 -1.400518 -1.690533
      vertex -1.301618 -1.382573 -1.728486
      vertex -1.271543 -1.402303 -1.470429
    endloop
  endfacet
  facet normal 0.414277 0.908285 0.058241
    outer loop
      vertex -1.254707 -1.400518 -1.690533
      vertex -1.236989 -1.424814 -1.437670
      vertex -1.214267 -1.422056 -1.642297
    endloop
  endfacet
  facet normal 0.517820 0.852703 0.068989
    outer loop
      vertex -1.214267 -1.422056 -1.642297
      vertex -1.236989 -1.424814 -1.437670
      vertex -1.146755 -1.472719 -1.522841
    endloop
  endfacet
  facet normal -0.581765 0.800585 0.143571
    outer loop
      vertex -2.470967 -1.441968 -1.135609
      vertex -2.463270 -1.476914 -0.909552
      vertex -2.446383 -1.461267 -0.928378
    endloop
  endfacet
  facet normal 0.952923 0.054784 -0.298222
    outer loop
      vertex -0.110476 -1.634643 -1.217746
      vertex -0.173131 -1.586913 -1.409180
      vertex -0.169000 -1.576980 -1.394158
    endloop
  endfacet
  facet normal 0.953547 0.110919 -0.280081
    outer loop
      vertex -0.084294 -1.634214 -1.128437
      vertex -0.110476 -1.634643 -1.217746
      vertex -0.169000 -1.576980 -1.394158
    endloop
  endfacet
  facet normal 0.965687 0.048730 -0.255097
    outer loop
      vertex 0.040500 -1.734468 -0.675172
      vertex -0.061085 -1.676788 -1.048710
      vertex -0.084294 -1.634214 -1.128437
    endloop
  endfacet
  facet normal 0.966140 0.031364 -0.256103
    outer loop
      vertex 0.044563 -1.772580 -0.664511
      vertex 0.037646 -1.766266 -0.689833
      vertex 0.040500 -1.734468 -0.675172
    endloop
  endfacet
  facet normal 0.965705 0.030842 -0.257804
    outer loop
      vertex 0.071359 -1.796880 -0.567046
      vertex 0.044563 -1.772580 -0.664511
      vertex 0.040500 -1.734468 -0.675172
    endloop
  endfacet
  facet normal 0.751632 -0.392789 -0.529873
    outer loop
      vertex -0.233169 -1.574626 -1.538135
      vertex -0.247251 -1.578552 -1.555201
      vertex -0.269574 -1.547710 -1.609729
    endloop
  endfacet
  facet normal 0.709047 -0.442496 -0.549044
    outer loop
      vertex -0.247251 -1.578552 -1.555201
      vertex -0.263434 -1.580992 -1.574133
      vertex -0.278195 -1.550115 -1.618081
    endloop
  endfacet
  facet normal 0.650370 -0.499390 -0.572389
    outer loop
      vertex -0.263434 -1.580992 -1.574133
      vertex -0.298728 -1.583174 -1.612332
      vertex -0.287855 -1.551757 -1.627387
    endloop
  endfacet
  facet normal 0.907843 -0.113454 -0.403669
    outer loop
      vertex -0.173131 -1.586913 -1.409180
      vertex -0.222031 -1.568775 -1.524254
      vertex -0.234450 -1.549938 -1.557479
    endloop
  endfacet
  facet normal 0.800484 -0.316931 -0.508704
    outer loop
      vertex -0.222031 -1.568775 -1.524254
      vertex -0.233169 -1.574626 -1.538135
      vertex -0.262392 -1.544311 -1.603006
    endloop
  endfacet
  facet normal 0.948675 -0.198093 -0.246527
    outer loop
      vertex 0.129623 -1.866788 -0.286662
      vertex 0.071359 -1.796880 -0.567046
      vertex 0.095448 -1.799103 -0.472559
    endloop
  endfacet
  facet normal 0.994474 -0.043318 -0.095631
    outer loop
      vertex 0.153018 -1.935169 -0.012403
      vertex 0.129623 -1.866788 -0.286662
      vertex 0.146797 -1.889802 -0.097643
    endloop
  endfacet
  facet normal 0.994332 0.103767 0.023173
    outer loop
      vertex 0.150752 -1.936774 0.092005
      vertex 0.153371 -1.967576 0.117577
      vertex 0.153018 -1.935169 -0.012403
    endloop
  endfacet
  facet normal 0.981098 0.165987 0.099474
    outer loop
      vertex 0.143009 -2.011211 0.292586
      vertex 0.153371 -1.967576 0.117577
      vertex 0.150752 -1.936774 0.092005
    endloop
  endfacet
  facet normal 0.970837 -0.182998 0.154880
    outer loop
      vertex 0.092355 -2.088718 0.603451
      vertex 0.099395 -2.104769 0.540364
      vertex 0.116532 -2.059532 0.486390
    endloop
  endfacet
  facet normal 0.966298 0.185676 0.178305
    outer loop
      vertex 0.111096 -2.038324 0.493768
      vertex 0.116532 -2.059532 0.486390
      vertex 0.143009 -2.011211 0.292586
    endloop
  endfacet
  facet normal 0.944263 0.148066 0.294013
    outer loop
      vertex 0.052619 -2.125106 0.749395
      vertex 0.092355 -2.088718 0.603451
      vertex 0.061212 -2.092762 0.705510
    endloop
  endfacet
  facet normal 0.857678 0.342691 0.383342
    outer loop
      vertex 0.011505 -2.154619 0.867766
      vertex 0.052619 -2.125106 0.749395
      vertex 0.049953 -2.075493 0.711007
    endloop
  endfacet
  facet normal 0.839773 0.341587 0.422019
    outer loop
      vertex -0.008097 -2.166804 0.916635
      vertex 0.011505 -2.154619 0.867766
      vertex -0.026624 -2.133461 0.926513
    endloop
  endfacet
  facet normal 0.833621 0.332541 0.441014
    outer loop
      vertex -0.021820 -2.174769 0.948581
      vertex -0.008097 -2.166804 0.916635
      vertex -0.026624 -2.133461 0.926513
    endloop
  endfacet
  facet normal 0.853369 -0.306441 0.421729
    outer loop
      vertex -0.126593 -2.247100 1.132289
      vertex -0.090117 -2.209061 1.086119
      vertex -0.119666 -2.221683 1.136742
    endloop
  endfacet
  facet normal 0.800285 0.352282 0.485223
    outer loop
      vertex -0.090117 -2.209061 1.086119
      vertex -0.021820 -2.174769 0.948581
      vertex -0.026624 -2.133461 0.926513
    endloop
  endfacet
  facet normal 0.732467 0.336125 0.592041
    outer loop
      vertex -0.206217 -2.252783 1.261479
      vertex -0.119666 -2.221683 1.136742
      vertex -0.136974 -2.192624 1.141658
    endloop
  endfacet
  facet normal 0.730202 0.339953 0.592653
    outer loop
      vertex -0.206217 -2.252783 1.261479
      vertex -0.136974 -2.192624 1.141658
      vertex -0.208165 -2.221991 1.246216
    endloop
  endfacet
  facet normal 0.498013 0.625523 0.600586
    outer loop
      vertex -0.208165 -2.221991 1.246216
      vertex -0.235681 -2.201599 1.247794
      vertex -0.292415 -2.250534 1.345805
    endloop
  endfacet
  facet normal 0.451594 0.591996 0.667535
    outer loop
      vertex -0.316472 -2.232479 1.346069
      vertex -0.391676 -2.277431 1.436809
      vertex -0.292415 -2.250534 1.345805
    endloop
  endfacet
  facet normal 0.386072 0.533041 0.752871
    outer loop
      vertex -0.507714 -2.301349 1.513248
      vertex -0.391676 -2.277431 1.436809
      vertex -0.411331 -2.262203 1.436107
    endloop
  endfacet
  facet normal 0.320396 0.459134 0.828578
    outer loop
      vertex -0.583133 -2.302212 1.542890
      vertex -0.507714 -2.301349 1.513248
      vertex -0.521896 -2.289675 1.512263
    endloop
  endfacet
  facet normal 0.432724 0.781696 0.449111
    outer loop
      vertex -0.602115 -2.149009 1.319961
      vertex -0.600449 -2.040885 1.130160
      vertex -0.649866 -2.121711 1.318457
    endloop
  endfacet
  facet normal 0.467772 0.788419 0.399480
    outer loop
      vertex -0.619615 -1.933728 0.941117
      vertex -0.654036 -2.011006 1.133938
      vertex -0.600449 -2.040885 1.130160
    endloop
  endfacet
  facet normal 0.273863 0.829543 0.486680
    outer loop
      vertex -0.590343 -2.208321 1.414433
      vertex -0.602115 -2.149009 1.319961
      vertex -0.640477 -2.188766 1.409312
    endloop
  endfacet
  facet normal 0.141970 0.838309 0.526387
    outer loop
      vertex -0.464986 -2.239756 1.430686
      vertex -0.590343 -2.208321 1.414433
      vertex -0.560097 -2.271915 1.507553
    endloop
  endfacet
  facet normal 0.220951 0.664555 0.713826
    outer loop
      vertex -0.560097 -2.271915 1.507553
      vertex -0.583133 -2.302212 1.542890
      vertex -0.521896 -2.289675 1.512263
    endloop
  endfacet
  facet normal -0.044479 -0.321951 -0.945711
    outer loop
      vertex -0.373984 -1.564520 -1.655987
      vertex -0.372676 -1.544668 -1.662807
      vertex -0.328094 -1.546297 -1.664349
    endloop
  endfacet
  facet normal -0.281326 0.031042 -0.959110
    outer loop
      vertex -0.385344 -1.524764 -1.658447
      vertex -0.372270 -1.523815 -1.662251
      vertex -0.372676 -1.544668 -1.662807
    endloop
  endfacet
  facet normal -0.443334 0.026182 -0.895974
    outer loop
      vertex -0.411845 -1.528009 -1.645429
      vertex -0.385344 -1.524764 -1.658447
      vertex -0.412126 -1.549336 -1.645913
    endloop
  endfacet
  facet normal -0.618905 0.348610 -0.703866
    outer loop
      vertex -0.436175 -1.532757 -1.626387
      vertex -0.411846 -1.511983 -1.637490
      vertex -0.411845 -1.528009 -1.645429
    endloop
  endfacet
  facet normal -0.626292 0.512199 -0.587717
    outer loop
      vertex -0.411846 -1.511983 -1.637490
      vertex -0.447054 -1.507242 -1.595840
      vertex -0.412478 -1.498689 -1.625231
    endloop
  endfacet
  facet normal -0.558446 0.778063 -0.287673
    outer loop
      vertex -0.414819 -1.480291 -1.594224
      vertex -0.479216 -1.501548 -1.526707
      vertex -0.420833 -1.459306 -1.525794
    endloop
  endfacet
  facet normal -0.557932 0.694542 -0.454228
    outer loop
      vertex -0.412478 -1.498689 -1.625231
      vertex -0.447054 -1.507242 -1.595840
      vertex -0.414819 -1.480291 -1.594224
    endloop
  endfacet
  facet normal -0.561665 0.782127 -0.269833
    outer loop
      vertex -0.420833 -1.459306 -1.525794
      vertex -0.479216 -1.501548 -1.526707
      vertex -0.483363 -1.482313 -1.462323
    endloop
  endfacet
  facet normal -0.775228 0.593696 -0.215746
    outer loop
      vertex -0.533756 -1.513717 -1.367666
      vertex -0.483363 -1.482313 -1.462323
      vertex -0.530954 -1.531323 -1.426181
    endloop
  endfacet
  facet normal -0.182356 0.790653 -0.584478
    outer loop
      vertex -0.750097 -1.661814 -0.988180
      vertex -0.786175 -1.674559 -0.994164
      vertex -0.786316 -1.670348 -0.988424
    endloop
  endfacet
  facet normal -0.393236 0.871560 -0.292827
    outer loop
      vertex -0.717896 -1.654416 -1.009403
      vertex -0.750097 -1.661814 -0.988180
      vertex -0.718617 -1.643363 -0.975535
    endloop
  endfacet
  facet normal -0.532267 0.838885 -0.113856
    outer loop
      vertex -0.664309 -1.618436 -1.045763
      vertex -0.718617 -1.643363 -0.975535
      vertex -0.666656 -1.609035 -0.965530
    endloop
  endfacet
  facet normal -0.720739 0.685301 -0.104391
    outer loop
      vertex -0.664309 -1.618436 -1.045763
      vertex -0.622268 -1.575158 -1.051910
      vertex -0.618973 -1.585792 -1.144470
    endloop
  endfacet
  facet normal -0.793828 0.599598 -0.101589
    outer loop
      vertex -0.618973 -1.585792 -1.144470
      vertex -0.581922 -1.537750 -1.150437
      vertex -0.577222 -1.549538 -1.256743
    endloop
  endfacet
  facet normal -0.783694 0.611390 -0.109660
    outer loop
      vertex -0.577222 -1.549538 -1.256743
      vertex -0.540453 -1.500810 -1.247841
      vertex -0.533756 -1.513717 -1.367666
    endloop
  endfacet
  facet normal 0.203927 0.678754 -0.705484
    outer loop
      vertex -0.809085 -1.677326 -1.003449
      vertex -0.809774 -1.670358 -0.996944
      vertex -0.786175 -1.674559 -0.994164
    endloop
  endfacet
  facet normal 0.374170 0.652337 -0.659131
    outer loop
      vertex -0.831022 -1.673388 -1.012004
      vertex -0.809774 -1.670358 -0.996944
      vertex -0.809085 -1.677326 -1.003449
    endloop
  endfacet
  facet normal 0.603142 -0.504726 -0.617634
    outer loop
      vertex -0.308691 -1.553678 -1.646165
      vertex -0.287855 -1.551757 -1.627387
      vertex -0.298728 -1.583174 -1.612332
    endloop
  endfacet
  facet normal 0.589048 -0.476954 -0.652332
    outer loop
      vertex -0.329468 -1.562945 -1.658151
      vertex -0.308691 -1.553678 -1.646165
      vertex -0.330948 -1.575669 -1.650184
    endloop
  endfacet
  facet normal -0.033312 -0.346316 -0.937526
    outer loop
      vertex -0.373984 -1.564520 -1.655987
      vertex -0.328094 -1.546297 -1.664349
      vertex -0.329468 -1.562945 -1.658151
    endloop
  endfacet
  facet normal -0.689121 0.698342 -0.193470
    outer loop
      vertex -1.902981 -1.636540 -1.153397
      vertex -1.932550 -1.647269 -1.086804
      vertex -1.897927 -1.628977 -1.144103
    endloop
  endfacet
  facet normal -0.679448 0.644016 -0.351559
    outer loop
      vertex -1.969981 -1.662260 -1.041924
      vertex -1.932550 -1.647269 -1.086804
      vertex -1.935967 -1.654146 -1.092798
    endloop
  endfacet
  facet normal -0.504127 0.862528 0.043609
    outer loop
      vertex -1.834528 -1.584758 -1.285801
      vertex -1.897927 -1.628977 -1.144103
      vertex -1.818924 -1.577652 -1.245968
    endloop
  endfacet
  facet normal -0.536625 0.841330 0.064791
    outer loop
      vertex -1.774625 -1.534159 -1.446703
      vertex -1.834528 -1.584758 -1.285801
      vertex -1.755684 -1.526799 -1.385391
    endloop
  endfacet
  facet normal -0.589803 0.806778 0.035245
    outer loop
      vertex -1.712698 -1.481902 -1.606590
      vertex -1.774625 -1.534159 -1.446703
      vertex -1.695132 -1.472719 -1.522841
    endloop
  endfacet
  facet normal 0.541030 0.838691 0.062321
    outer loop
      vertex -1.067262 -1.534159 -1.446703
      vertex -1.022964 -1.577652 -1.245968
      vertex -1.007359 -1.584758 -1.285801
    endloop
  endfacet
  facet normal 0.538980 0.839752 0.065707
    outer loop
      vertex -1.129189 -1.481902 -1.606590
      vertex -1.086204 -1.526799 -1.385391
      vertex -1.067262 -1.534159 -1.446703
    endloop
  endfacet
  facet normal 0.525830 0.850419 0.017041
    outer loop
      vertex -1.201898 -1.434150 -1.746077
      vertex -1.146755 -1.472719 -1.522841
      vertex -1.129189 -1.481902 -1.606590
    endloop
  endfacet
  facet normal 0.578458 0.699592 -0.419473
    outer loop
      vertex -1.291284 -1.432415 -1.926774
      vertex -1.292808 -1.416662 -1.902601
      vertex -1.240853 -1.431594 -1.855858
    endloop
  endfacet
  facet normal 0.607036 0.769747 -0.197479
    outer loop
      vertex -1.240853 -1.431594 -1.855858
      vertex -1.245578 -1.414114 -1.802248
      vertex -1.201898 -1.434150 -1.746077
    endloop
  endfacet
  facet normal 0.400517 0.759762 -0.512199
    outer loop
      vertex -1.292808 -1.416662 -1.902601
      vertex -1.351760 -1.422983 -1.958076
      vertex -1.352454 -1.405995 -1.933419
    endloop
  endfacet
  facet normal 0.586247 0.795532 -0.153113
    outer loop
      vertex -0.909338 -1.647269 -1.086804
      vertex -0.953665 -1.621418 -1.122212
      vertex -0.915906 -1.639536 -1.071776
    endloop
  endfacet
  facet normal 0.487666 0.872312 0.035416
    outer loop
      vertex -1.007359 -1.584758 -1.285801
      vertex -1.022964 -1.577652 -1.245968
      vertex -0.953665 -1.621418 -1.122212
    endloop
  endfacet
  facet normal 0.562884 0.630221 -0.534773
    outer loop
      vertex -0.831022 -1.673388 -1.012004
      vertex -0.871906 -1.662260 -1.041924
      vertex -0.832508 -1.666064 -1.004937
    endloop
  endfacet
  facet normal 0.545947 0.817774 -0.182174
    outer loop
      vertex -0.909338 -1.647269 -1.086804
      vertex -0.915906 -1.639536 -1.071776
      vertex -0.871906 -1.662260 -1.041924
    endloop
  endfacet
  facet normal -0.320206 0.895237 -0.309870
    outer loop
      vertex -1.489434 -1.405995 -1.933419
      vertex -1.549080 -1.416662 -1.902601
      vertex -1.488065 -1.385425 -1.875405
    endloop
  endfacet
  facet normal -0.386725 0.916944 -0.098271
    outer loop
      vertex -1.546079 -1.397635 -1.846163
      vertex -1.596309 -1.414114 -1.802248
      vertex -1.540270 -1.382573 -1.728486
    endloop
  endfacet
  facet normal -0.332960 0.898748 -0.285289
    outer loop
      vertex -1.488065 -1.385425 -1.875405
      vertex -1.549080 -1.416662 -1.902601
      vertex -1.546079 -1.397635 -1.846163
    endloop
  endfacet
  facet normal -0.567027 0.823200 0.028667
    outer loop
      vertex -1.627620 -1.422056 -1.642297
      vertex -1.712698 -1.481902 -1.606590
      vertex -1.695132 -1.472719 -1.522841
    endloop
  endfacet
  facet normal -0.154002 0.845856 -0.510697
    outer loop
      vertex -1.420944 -1.396528 -1.938393
      vertex -1.456691 -1.420100 -1.966656
      vertex -1.489434 -1.405995 -1.933419
    endloop
  endfacet
  facet normal 0.153256 0.815751 -0.557730
    outer loop
      vertex -1.352454 -1.405995 -1.933419
      vertex -1.351760 -1.422983 -1.958076
      vertex -1.420944 -1.396528 -1.938393
    endloop
  endfacet
  facet normal -0.569390 0.211912 -0.794285
    outer loop
      vertex -2.011622 -1.678449 -1.014406
      vertex -1.991246 -1.673936 -1.027809
      vertex -2.012002 -1.681596 -1.014974
    endloop
  endfacet
  facet normal -0.651269 0.532097 -0.541038
    outer loop
      vertex -1.971912 -1.668328 -1.045567
      vertex -1.991246 -1.673936 -1.027809
      vertex -1.969981 -1.662260 -1.041924
    endloop
  endfacet
  facet normal -0.198158 0.453035 -0.869191
    outer loop
      vertex -2.055828 -1.678595 -0.998861
      vertex -2.032803 -1.677326 -1.003449
      vertex -2.033142 -1.681787 -1.005697
    endloop
  endfacet
  facet normal -0.394634 0.441493 -0.805822
    outer loop
      vertex -2.033142 -1.681787 -1.005697
      vertex -2.010865 -1.673388 -1.012004
      vertex -2.011622 -1.678449 -1.014406
    endloop
  endfacet
  facet normal -0.175368 0.672259 -0.719245
    outer loop
      vertex -2.055828 -1.678595 -0.998861
      vertex -2.055724 -1.674041 -0.994629
      vertex -2.032113 -1.670358 -0.996944
    endloop
  endfacet
  facet normal 0.193519 0.802765 -0.564020
    outer loop
      vertex -2.055519 -1.668220 -0.986274
      vertex -2.055724 -1.674041 -0.994629
      vertex -2.092058 -1.670912 -1.002642
    endloop
  endfacet
  facet normal -0.577931 -0.369493 0.727647
    outer loop
      vertex -2.397778 -2.307714 1.481796
      vertex -2.463214 -2.296212 1.435664
      vertex -2.439139 -2.316687 1.444388
    endloop
  endfacet
  facet normal -0.620696 -0.458959 0.635683
    outer loop
      vertex -2.439139 -2.316687 1.444388
      vertex -2.463214 -2.296212 1.435664
      vertex -2.519055 -2.302329 1.376724
    endloop
  endfacet
  facet normal -0.695626 -0.430442 0.575173
    outer loop
      vertex -2.591570 -2.285738 1.301439
      vertex -2.519055 -2.302329 1.376724
      vertex -2.543708 -2.278524 1.364722
    endloop
  endfacet
  facet normal -0.756276 -0.481216 0.443258
    outer loop
      vertex -2.715295 -2.247100 1.132289
      vertex -2.591570 -2.285738 1.301439
      vertex -2.665551 -2.242877 1.221746
    endloop
  endfacet
  facet normal -0.872492 -0.300264 0.385485
    outer loop
      vertex -2.813031 -2.203081 0.945364
      vertex -2.715295 -2.247100 1.132289
      vertex -2.722108 -2.221667 1.136679
    endloop
  endfacet
  facet normal -0.912040 -0.309622 0.268918
    outer loop
      vertex -2.813031 -2.203081 0.945364
      vertex -2.833813 -2.166806 0.916645
      vertex -2.887712 -2.155366 0.747020
    endloop
  endfacet
  facet normal -0.942919 -0.283293 0.175068
    outer loop
      vertex -2.887712 -2.155366 0.747020
      vertex -2.909574 -2.112464 0.698692
      vertex -2.941282 -2.104769 0.540364
    endloop
  endfacet
  facet normal -0.985638 -0.106807 0.130802
    outer loop
      vertex -2.985739 -2.008969 0.283592
      vertex -2.975160 -2.051992 0.328177
      vertex -2.941282 -2.104769 0.540364
    endloop
  endfacet
  facet normal -0.882055 -0.467727 -0.056666
    outer loop
      vertex -2.975160 -2.051992 0.328177
      vertex -2.990202 -1.997475 0.112329
      vertex -2.975969 -2.022308 0.095760
    endloop
  endfacet
  facet normal -0.738206 -0.631477 -0.237251
    outer loop
      vertex -2.973619 -1.964197 -0.125021
      vertex -2.907956 -1.931727 -0.415756
      vertex -2.924828 -1.996723 -0.190262
    endloop
  endfacet
  facet normal -0.894180 -0.430527 -0.122835
    outer loop
      vertex -2.975969 -2.022308 0.095760
      vertex -2.990202 -1.997475 0.112329
      vertex -2.973619 -1.964197 -0.125021
    endloop
  endfacet
  facet normal 0.651627 0.025791 -0.758101
    outer loop
      vertex -2.430043 -1.528009 -1.645429
      vertex -2.394926 -1.557179 -1.616236
      vertex -2.429762 -1.549336 -1.645913
    endloop
  endfacet
  facet normal 0.803141 0.111474 -0.585268
    outer loop
      vertex -2.364031 -1.567684 -1.575842
      vertex -2.394926 -1.557179 -1.616236
      vertex -2.405712 -1.532757 -1.626387
    endloop
  endfacet
  facet normal -0.561655 -0.534602 -0.631462
    outer loop
      vertex -2.533196 -1.553678 -1.646165
      vertex -2.512316 -1.562509 -1.657261
      vertex -2.543159 -1.583174 -1.612332
    endloop
  endfacet
  facet normal 0.023953 -0.349073 -0.936790
    outer loop
      vertex -2.512316 -1.562509 -1.657261
      vertex -2.513873 -1.543725 -1.664300
      vertex -2.469212 -1.544668 -1.662807
    endloop
  endfacet
  facet normal 0.281321 0.031042 -0.959112
    outer loop
      vertex -2.469618 -1.523815 -1.662251
      vertex -2.456543 -1.524764 -1.658447
      vertex -2.469212 -1.544668 -1.662807
    endloop
  endfacet
  facet normal 0.443338 0.026182 -0.895972
    outer loop
      vertex -2.456543 -1.524764 -1.658447
      vertex -2.430043 -1.528009 -1.645429
      vertex -2.429762 -1.549336 -1.645913
    endloop
  endfacet
  facet normal -0.757707 -0.512555 -0.403939
    outer loop
      vertex -2.746877 -1.713494 -1.122695
      vertex -2.641329 -1.630048 -1.426566
      vertex -2.711397 -1.721070 -1.179637
    endloop
  endfacet
  facet normal -0.700127 -0.532736 -0.475410
    outer loop
      vertex -2.641329 -1.630048 -1.426566
      vertex -2.578454 -1.580992 -1.574133
      vertex -2.614752 -1.632782 -1.462642
    endloop
  endfacet
  facet normal -0.667726 -0.452480 -0.591104
    outer loop
      vertex -2.543159 -1.583174 -1.612332
      vertex -2.578454 -1.580992 -1.574133
      vertex -2.533196 -1.553678 -1.646165
    endloop
  endfacet
  facet normal -0.717344 -0.591418 -0.368297
    outer loop
      vertex -2.711397 -1.721070 -1.179637
      vertex -2.869853 -1.864092 -0.641338
      vertex -2.746877 -1.713494 -1.122695
    endloop
  endfacet
  facet normal -0.790497 -0.537000 -0.294526
    outer loop
      vertex -2.952076 -1.903811 -0.348236
      vertex -2.869853 -1.864092 -0.641338
      vertex -2.907956 -1.931727 -0.415756
    endloop
  endfacet
  facet normal 0.938684 0.010379 -0.344623
    outer loop
      vertex -2.267049 -1.579697 -1.331714
      vertex -2.344007 -1.554156 -1.540561
      vertex -2.311828 -1.546826 -1.452694
    endloop
  endfacet
  facet normal 0.866165 0.020181 -0.499350
    outer loop
      vertex -2.344007 -1.554156 -1.540561
      vertex -2.364031 -1.567684 -1.575842
      vertex -2.364160 -1.545527 -1.575170
    endloop
  endfacet
  facet normal 0.903136 0.358009 -0.237013
    outer loop
      vertex -2.266537 -1.565564 -1.308417
      vertex -2.267049 -1.579697 -1.331714
      vertex -2.311828 -1.546826 -1.452694
    endloop
  endfacet
  facet normal 0.868718 0.463764 -0.173932
    outer loop
      vertex -2.222914 -1.585792 -1.144470
      vertex -2.224164 -1.600221 -1.189186
      vertex -2.266537 -1.565564 -1.308417
    endloop
  endfacet
  facet normal 0.818744 0.539134 -0.197466
    outer loop
      vertex -2.177578 -1.618436 -1.045763
      vertex -2.178451 -1.631210 -1.084258
      vertex -2.224164 -1.600221 -1.189186
    endloop
  endfacet
  facet normal 0.174600 0.831995 -0.526592
    outer loop
      vertex -2.055519 -1.668220 -0.986274
      vertex -2.092058 -1.670912 -1.002642
      vertex -2.091791 -1.661814 -0.988180
    endloop
  endfacet
  facet normal -0.367037 0.909732 0.194091
    outer loop
      vertex -2.603554 -1.641930 -0.597921
      vertex -2.597177 -1.686200 -0.378363
      vertex -2.508492 -1.645832 -0.399866
    endloop
  endfacet
  facet normal -0.671633 0.721435 0.168643
    outer loop
      vertex -2.492021 -1.520098 -0.872141
      vertex -2.533396 -1.565720 -0.841758
      vertex -2.508492 -1.645832 -0.399866
    endloop
  endfacet
  facet normal -0.744044 0.645319 0.173096
    outer loop
      vertex -2.452080 -1.596253 -0.416546
      vertex -2.463270 -1.476914 -0.909552
      vertex -2.492021 -1.520098 -0.872141
    endloop
  endfacet
  facet normal -0.258337 0.930193 0.260773
    outer loop
      vertex -2.825915 -1.894207 0.303421
      vertex -2.842596 -1.840764 0.096260
      vertex -2.887568 -1.911535 0.304152
    endloop
  endfacet
  facet normal -0.251098 0.924351 0.287272
    outer loop
      vertex -2.795809 -1.950911 0.512190
      vertex -2.825915 -1.894207 0.303421
      vertex -2.856996 -1.967341 0.511576
    endloop
  endfacet
  facet normal -0.153392 0.959361 0.236847
    outer loop
      vertex -2.567445 -1.790490 0.070824
      vertex -2.847957 -1.790594 -0.110429
      vertex -2.842596 -1.840764 0.096260
    endloop
  endfacet
  facet normal -0.164116 0.963133 0.213170
    outer loop
      vertex -2.584396 -1.736294 -0.152853
      vertex -2.842423 -1.743948 -0.316920
      vertex -2.847957 -1.790594 -0.110429
    endloop
  endfacet
  facet normal -0.170187 0.959878 0.222869
    outer loop
      vertex -2.584396 -1.736294 -0.152853
      vertex -2.597177 -1.686200 -0.378363
      vertex -2.842423 -1.743948 -0.316920
    endloop
  endfacet
  facet normal -0.404732 0.852718 0.330248
    outer loop
      vertex -2.856996 -1.967341 0.511576
      vertex -2.907148 -1.989665 0.507755
      vertex -2.856788 -2.047386 0.718511
    endloop
  endfacet
  facet normal -0.596623 0.692449 0.405655
    outer loop
      vertex -2.856788 -2.047386 0.718511
      vertex -2.815264 -2.133461 0.926513
      vertex -2.781692 -2.107867 0.932199
    endloop
  endfacet
  facet normal -0.553400 0.681630 0.478674
    outer loop
      vertex -2.781692 -2.107867 0.932199
      vertex -2.704913 -2.192624 1.141658
      vertex -2.674743 -2.170249 1.144676
    endloop
  endfacet
  facet normal -0.709552 0.409088 0.573745
    outer loop
      vertex -2.722108 -2.221667 1.136679
      vertex -2.665551 -2.242877 1.221746
      vertex -2.633723 -2.221991 1.246216
    endloop
  endfacet
  facet normal -0.685893 0.305205 0.660606
    outer loop
      vertex -2.665551 -2.242877 1.221746
      vertex -2.543708 -2.278524 1.364722
      vertex -2.549472 -2.250534 1.345805
    endloop
  endfacet
  facet normal -0.574026 0.352329 0.739160
    outer loop
      vertex -2.450212 -2.277431 1.436809
      vertex -2.543708 -2.278524 1.364722
      vertex -2.463214 -2.296212 1.435664
    endloop
  endfacet
  facet normal -0.512156 0.305626 0.802676
    outer loop
      vertex -2.397778 -2.307714 1.481796
      vertex -2.450212 -2.277431 1.436809
      vertex -2.463214 -2.296212 1.435664
    endloop
  endfacet
  facet normal -0.772598 0.368815 0.516786
    outer loop
      vertex -2.790025 -2.190871 1.013164
      vertex -2.722108 -2.221667 1.136679
      vertex -2.704913 -2.192624 1.141658
    endloop
  endfacet
  facet normal -0.617185 0.786771 -0.008580
    outer loop
      vertex -0.622268 -1.575158 -1.051910
      vertex -0.666656 -1.609035 -0.965530
      vertex -0.629832 -1.579088 -0.868251
    endloop
  endfacet
  facet normal -0.320594 0.940716 -0.110780
    outer loop
      vertex -0.750821 -1.651647 -0.955760
      vertex -0.752496 -1.644209 -0.887751
      vertex -0.720423 -1.635258 -0.904561
    endloop
  endfacet
  facet normal -0.533155 0.838919 -0.109361
    outer loop
      vertex -0.666656 -1.609035 -0.965530
      vertex -0.718617 -1.643363 -0.975535
      vertex -0.720423 -1.635258 -0.904561
    endloop
  endfacet
  facet normal -0.217133 0.930017 -0.296517
    outer loop
      vertex -0.750821 -1.651647 -0.955760
      vertex -0.750097 -1.661814 -0.988180
      vertex -0.786316 -1.670348 -0.988424
    endloop
  endfacet
  facet normal 0.438414 0.829097 -0.346975
    outer loop
      vertex -0.832508 -1.666064 -1.004937
      vertex -0.875632 -1.654562 -1.031941
      vertex -0.835229 -1.657443 -0.987776
    endloop
  endfacet
  facet normal 0.301341 0.870363 -0.389438
    outer loop
      vertex -0.809774 -1.670358 -0.996944
      vertex -0.832508 -1.666064 -1.004937
      vertex -0.835229 -1.657443 -0.987776
    endloop
  endfacet
  facet normal 0.208555 0.791009 -0.575160
    outer loop
      vertex -0.786316 -1.670348 -0.988424
      vertex -0.786175 -1.674559 -0.994164
      vertex -0.809774 -1.670358 -0.996944
    endloop
  endfacet
  facet normal 0.601659 0.725229 -0.334739
    outer loop
      vertex -0.871906 -1.662260 -1.041924
      vertex -0.915906 -1.639536 -1.071776
      vertex -0.875632 -1.654562 -1.031941
    endloop
  endfacet
  facet normal 0.359014 0.931019 0.065672
    outer loop
      vertex -0.953665 -1.621418 -1.122212
      vertex -0.971191 -1.617985 -1.075060
      vertex -0.915906 -1.639536 -1.071776
    endloop
  endfacet
  facet normal 0.535398 0.842148 0.064313
    outer loop
      vertex -1.067262 -1.534159 -1.446703
      vertex -1.086204 -1.526799 -1.385391
      vertex -1.022964 -1.577652 -1.245968
    endloop
  endfacet
  facet normal 0.611388 0.790238 0.041586
    outer loop
      vertex -1.129189 -1.481902 -1.606590
      vertex -1.146755 -1.472719 -1.522841
      vertex -1.086204 -1.526799 -1.385391
    endloop
  endfacet
  facet normal 0.021700 0.929614 0.367895
    outer loop
      vertex -0.714361 -1.995995 1.131688
      vertex -0.651128 -1.923027 0.943580
      vertex -0.666439 -1.867051 0.803040
    endloop
  endfacet
  facet normal 0.153735 0.930712 0.331875
    outer loop
      vertex -0.666439 -1.867051 0.803040
      vertex -0.627437 -1.776809 0.531897
      vertex -0.652438 -1.814491 0.649155
    endloop
  endfacet
  facet normal -0.134910 0.954936 0.264379
    outer loop
      vertex -0.627437 -1.776809 0.531897
      vertex -0.595968 -1.711291 0.311305
      vertex -0.601068 -1.697602 0.259260
    endloop
  endfacet
  facet normal 0.319898 0.842107 0.434190
    outer loop
      vertex -0.714361 -1.995995 1.131688
      vertex -0.619615 -1.933728 0.941117
      vertex -0.651128 -1.923027 0.943580
    endloop
  endfacet
  facet normal -0.232357 0.958966 0.162466
    outer loop
      vertex -0.487941 -1.529436 -0.456677
      vertex -0.563536 -1.597451 -0.163328
      vertex -0.516510 -1.571042 -0.251955
    endloop
  endfacet
  facet normal 0.132583 0.960641 0.244112
    outer loop
      vertex -0.527101 -1.652117 0.072848
      vertex -0.516510 -1.571042 -0.251955
      vertex -0.561702 -1.646486 0.069480
    endloop
  endfacet
  facet normal 0.128498 0.953207 0.273650
    outer loop
      vertex -0.595968 -1.711291 0.311305
      vertex -0.527101 -1.652117 0.072848
      vertex -0.561702 -1.646486 0.069480
    endloop
  endfacet
  facet normal -0.190854 0.970430 0.147787
    outer loop
      vertex -0.465424 -1.500297 -0.618940
      vertex -0.513528 -1.509992 -0.617398
      vertex -0.487941 -1.529436 -0.456677
    endloop
  endfacet
  facet normal -0.437408 0.894707 0.090404
    outer loop
      vertex -0.532332 -1.497415 -0.832855
      vertex -0.552000 -1.530475 -0.600824
      vertex -0.513528 -1.509992 -0.617398
    endloop
  endfacet
  facet normal -0.583490 0.809444 0.065873
    outer loop
      vertex -0.532332 -1.497415 -0.832855
      vertex -0.569514 -1.527710 -0.789935
      vertex -0.552000 -1.530475 -0.600824
    endloop
  endfacet
  facet normal -0.686786 0.726062 0.034045
    outer loop
      vertex -0.592327 -1.542181 -0.941531
      vertex -0.603405 -1.562147 -0.739208
      vertex -0.569514 -1.527710 -0.789935
    endloop
  endfacet
  facet normal -0.715607 0.698352 -0.014525
    outer loop
      vertex -0.629832 -1.579088 -0.868251
      vertex -0.592327 -1.542181 -0.941531
      vertex -0.622268 -1.575158 -1.051910
    endloop
  endfacet
  facet normal 0.391799 0.919989 -0.010643
    outer loop
      vertex -2.349027 -1.468220 -1.330845
      vertex -2.407736 -1.443858 -1.386173
      vertex -2.329297 -1.473671 -1.075743
    endloop
  endfacet
  facet normal 0.252849 0.967492 -0.005120
    outer loop
      vertex -2.407736 -1.443858 -1.386173
      vertex -2.411245 -1.441560 -1.125361
      vertex -2.380678 -1.449501 -1.116238
    endloop
  endfacet
  facet normal 0.123027 0.990401 0.063015
    outer loop
      vertex -2.411245 -1.441560 -1.125361
      vertex -2.448588 -1.435619 -1.145831
      vertex -2.432822 -1.444982 -1.029462
    endloop
  endfacet
  facet normal -0.225188 0.968265 0.108412
    outer loop
      vertex -2.448588 -1.435619 -1.145831
      vertex -2.470967 -1.441968 -1.135609
      vertex -2.432822 -1.444982 -1.029462
    endloop
  endfacet
  facet normal 0.700557 0.702403 -0.125899
    outer loop
      vertex -2.358525 -1.482313 -1.462323
      vertex -2.349027 -1.468220 -1.330845
      vertex -2.301435 -1.500810 -1.247841
    endloop
  endfacet
  facet normal 0.673391 0.730084 -0.116281
    outer loop
      vertex -2.358525 -1.482313 -1.462323
      vertex -2.301435 -1.500810 -1.247841
      vertex -2.308132 -1.513717 -1.367666
    endloop
  endfacet
  facet normal 0.855425 0.485107 -0.181439
    outer loop
      vertex -2.264666 -1.549538 -1.256743
      vertex -2.266537 -1.565564 -1.308417
      vertex -2.310934 -1.531323 -1.426181
    endloop
  endfacet
  facet normal 0.768920 0.601145 -0.217688
    outer loop
      vertex -2.308132 -1.513717 -1.367666
      vertex -2.310934 -1.531323 -1.426181
      vertex -2.362672 -1.501548 -1.526707
    endloop
  endfacet
  facet normal 0.180020 0.903954 -0.387892
    outer loop
      vertex -2.055375 -1.665723 -0.980389
      vertex -2.055519 -1.668220 -0.986274
      vertex -2.091791 -1.661814 -0.988180
    endloop
  endfacet
  facet normal -0.195122 0.806973 -0.557424
    outer loop
      vertex -2.006658 -1.657443 -0.987776
      vertex -2.055724 -1.674041 -0.994629
      vertex -2.055519 -1.668220 -0.986274
    endloop
  endfacet
  facet normal -0.619930 0.774240 -0.127433
    outer loop
      vertex -1.897927 -1.628977 -1.144103
      vertex -1.932550 -1.647269 -1.086804
      vertex -1.925981 -1.639536 -1.071776
    endloop
  endfacet
  facet normal -0.643724 0.703142 -0.302013
    outer loop
      vertex -1.932550 -1.647269 -1.086804
      vertex -1.969981 -1.662260 -1.041924
      vertex -1.966256 -1.654562 -1.031941
    endloop
  endfacet
  facet normal -0.502717 0.765079 -0.402405
    outer loop
      vertex -1.969981 -1.662260 -1.041924
      vertex -2.010865 -1.673388 -1.012004
      vertex -1.966256 -1.654562 -1.031941
    endloop
  endfacet
  facet normal -0.368525 0.683138 -0.630486
    outer loop
      vertex -2.009379 -1.666064 -1.004937
      vertex -2.010865 -1.673388 -1.012004
      vertex -2.032803 -1.677326 -1.003449
    endloop
  endfacet
  facet normal -0.179050 0.680771 -0.710276
    outer loop
      vertex -2.055828 -1.678595 -0.998861
      vertex -2.032113 -1.670358 -0.996944
      vertex -2.032803 -1.677326 -1.003449
    endloop
  endfacet
  facet normal -0.563599 0.822603 0.075372
    outer loop
      vertex -1.695132 -1.472719 -1.522841
      vertex -1.774625 -1.534159 -1.446703
      vertex -1.755684 -1.526799 -1.385391
    endloop
  endfacet
  facet normal 0.140905 0.989587 0.029397
    outer loop
      vertex -1.420944 -1.356739 -1.646464
      vertex -1.420944 -1.360376 -1.524040
      vertex -1.361442 -1.369125 -1.514744
    endloop
  endfacet
  facet normal -0.232378 0.972197 0.028881
    outer loop
      vertex -1.485408 -1.368948 -1.754169
      vertex -1.420944 -1.360376 -1.524040
      vertex -1.420944 -1.356739 -1.646464
    endloop
  endfacet
  facet normal -0.263926 0.956512 -0.124210
    outer loop
      vertex -1.488065 -1.385425 -1.875405
      vertex -1.546079 -1.397635 -1.846163
      vertex -1.485408 -1.368948 -1.754169
    endloop
  endfacet
  facet normal 0.134538 0.990400 -0.031743
    outer loop
      vertex -1.356480 -1.368948 -1.754169
      vertex -1.420944 -1.360560 -1.765664
      vertex -1.420944 -1.356739 -1.646464
    endloop
  endfacet
  facet normal 0.292838 0.948288 -0.122459
    outer loop
      vertex -1.353822 -1.385425 -1.875405
      vertex -1.356480 -1.368948 -1.754169
      vertex -1.301618 -1.382573 -1.728486
    endloop
  endfacet
  facet normal 0.421543 0.901858 -0.094621
    outer loop
      vertex -1.295809 -1.397635 -1.846163
      vertex -1.301618 -1.382573 -1.728486
      vertex -1.254707 -1.400518 -1.690533
    endloop
  endfacet
  facet normal 0.524475 0.849274 -0.060496
    outer loop
      vertex -1.245578 -1.414114 -1.802248
      vertex -1.254707 -1.400518 -1.690533
      vertex -1.214267 -1.422056 -1.642297
    endloop
  endfacet
  facet normal 0.619807 0.784558 -0.017551
    outer loop
      vertex -1.201898 -1.434150 -1.746077
      vertex -1.214267 -1.422056 -1.642297
      vertex -1.146755 -1.472719 -1.522841
    endloop
  endfacet
  facet normal -0.627361 0.766079 0.139789
    outer loop
      vertex -2.470967 -1.441968 -1.135609
      vertex -2.484555 -1.456449 -1.117229
      vertex -2.463270 -1.476914 -0.909552
    endloop
  endfacet
  facet normal 0.929543 0.133366 -0.343749
    outer loop
      vertex -0.169000 -1.576980 -1.394158
      vertex -0.173131 -1.586913 -1.409180
      vertex -0.226340 -1.547031 -1.537593
    endloop
  endfacet
  facet normal 0.924108 0.306187 -0.228638
    outer loop
      vertex -0.089381 -1.623356 -1.134460
      vertex -0.084294 -1.634214 -1.128437
      vertex -0.169000 -1.576980 -1.394158
    endloop
  endfacet
  facet normal 0.909861 0.380068 -0.166440
    outer loop
      vertex 0.032541 -1.718428 -0.682053
      vertex 0.040500 -1.734468 -0.675172
      vertex -0.084294 -1.634214 -1.128437
    endloop
  endfacet
  facet normal 0.967929 0.053219 -0.245523
    outer loop
      vertex 0.095448 -1.799103 -0.472559
      vertex 0.071359 -1.796880 -0.567046
      vertex 0.040500 -1.734468 -0.675172
    endloop
  endfacet
  facet normal 0.713955 -0.453455 -0.533523
    outer loop
      vertex -0.233169 -1.574626 -1.538135
      vertex -0.269574 -1.547710 -1.609729
      vertex -0.262392 -1.544311 -1.603006
    endloop
  endfacet
  facet normal 0.672938 -0.491022 -0.553219
    outer loop
      vertex -0.247251 -1.578552 -1.555201
      vertex -0.278195 -1.550115 -1.618081
      vertex -0.269574 -1.547710 -1.609729
    endloop
  endfacet
  facet normal 0.639851 -0.511039 -0.573960
    outer loop
      vertex -0.263434 -1.580992 -1.574133
      vertex -0.287855 -1.551757 -1.627387
      vertex -0.278195 -1.550115 -1.618081
    endloop
  endfacet
  facet normal 0.925197 0.013237 -0.379257
    outer loop
      vertex -0.173131 -1.586913 -1.409180
      vertex -0.234450 -1.549938 -1.557479
      vertex -0.226340 -1.547031 -1.537593
    endloop
  endfacet
  facet normal 0.754618 -0.408368 -0.513602
    outer loop
      vertex -0.222031 -1.568775 -1.524254
      vertex -0.262392 -1.544311 -1.603006
      vertex -0.234450 -1.549938 -1.557479
    endloop
  endfacet
  facet normal 0.985380 0.051499 -0.162399
    outer loop
      vertex 0.129623 -1.866788 -0.286662
      vertex 0.095448 -1.799103 -0.472559
      vertex 0.128848 -1.844315 -0.284236
    endloop
  endfacet
  facet normal 0.995418 0.043504 -0.085145
    outer loop
      vertex 0.146797 -1.889802 -0.097643
      vertex 0.129623 -1.866788 -0.286662
      vertex 0.128848 -1.844315 -0.284236
    endloop
  endfacet
  facet normal 0.983346 0.180137 0.024108
    outer loop
      vertex 0.146797 -1.889802 -0.097643
      vertex 0.150752 -1.936774 0.092005
      vertex 0.153018 -1.935169 -0.012403
    endloop
  endfacet
  facet normal 0.985314 0.144147 0.091532
    outer loop
      vertex 0.139692 -1.986257 0.288996
      vertex 0.143009 -2.011211 0.292586
      vertex 0.150752 -1.936774 0.092005
    endloop
  endfacet
  facet normal 0.957496 0.162555 0.238280
    outer loop
      vertex 0.092355 -2.088718 0.603451
      vertex 0.116532 -2.059532 0.486390
      vertex 0.111096 -2.038324 0.493768
    endloop
  endfacet
  facet normal 0.972369 0.154443 0.175059
    outer loop
      vertex 0.111096 -2.038324 0.493768
      vertex 0.143009 -2.011211 0.292586
      vertex 0.139692 -1.986257 0.288996
    endloop
  endfacet
  facet normal 0.911601 0.291613 0.289734
    outer loop
      vertex 0.111096 -2.038324 0.493768
      vertex 0.061212 -2.092762 0.705510
      vertex 0.092355 -2.088718 0.603451
    endloop
  endfacet
  facet normal 0.808955 0.386320 0.443113
    outer loop
      vertex 0.052619 -2.125106 0.749395
      vertex 0.061212 -2.092762 0.705510
      vertex 0.049953 -2.075493 0.711007
    endloop
  endfacet
  facet normal 0.830685 0.387784 0.399482
    outer loop
      vertex -0.026624 -2.133461 0.926513
      vertex 0.011505 -2.154619 0.867766
      vertex 0.049953 -2.075493 0.711007
    endloop
  endfacet
  facet normal 0.762281 0.363435 0.535576
    outer loop
      vertex -0.119666 -2.221683 1.136742
      vertex -0.090117 -2.209061 1.086119
      vertex -0.136974 -2.192624 1.141658
    endloop
  endfacet
  facet normal 0.747944 0.433334 0.502793
    outer loop
      vertex -0.136974 -2.192624 1.141658
      vertex -0.090117 -2.209061 1.086119
      vertex -0.026624 -2.133461 0.926513
    endloop
  endfacet
  facet normal 0.533913 0.646396 0.545077
    outer loop
      vertex -0.208165 -2.221991 1.246216
      vertex -0.136974 -2.192624 1.141658
      vertex -0.167145 -2.170249 1.144676
    endloop
  endfacet
  facet normal 0.519110 0.658281 0.545153
    outer loop
      vertex -0.208165 -2.221991 1.246216
      vertex -0.167145 -2.170249 1.144676
      vertex -0.235681 -2.201599 1.247794
    endloop
  endfacet
  facet normal 0.484881 0.637354 0.598891
    outer loop
      vertex -0.292415 -2.250534 1.345805
      vertex -0.235681 -2.201599 1.247794
      vertex -0.316472 -2.232479 1.346069
    endloop
  endfacet
  facet normal 0.442492 0.601808 0.664852
    outer loop
      vertex -0.411331 -2.262203 1.436107
      vertex -0.391676 -2.277431 1.436809
      vertex -0.316472 -2.232479 1.346069
    endloop
  endfacet
  facet normal 0.386257 0.532773 0.752966
    outer loop
      vertex -0.521896 -2.289675 1.512263
      vertex -0.507714 -2.301349 1.513248
      vertex -0.411331 -2.262203 1.436107
    endloop
  endfacet
  facet normal 0.444439 0.776684 0.446359
    outer loop
      vertex -0.602115 -2.149009 1.319961
      vertex -0.540126 -2.073796 1.127363
      vertex -0.600449 -2.040885 1.130160
    endloop
  endfacet
  facet normal 0.486803 0.780174 0.392876
    outer loop
      vertex -0.560452 -1.966133 0.932158
      vertex -0.619615 -1.933728 0.941117
      vertex -0.600449 -2.040885 1.130160
    endloop
  endfacet
  facet normal 0.265692 0.831046 0.488642
    outer loop
      vertex -0.590343 -2.208321 1.414433
      vertex -0.539908 -2.171622 1.324594
      vertex -0.602115 -2.149009 1.319961
    endloop
  endfacet
  facet normal 0.161951 0.878359 0.449730
    outer loop
      vertex -0.464986 -2.239756 1.430686
      vertex -0.539908 -2.171622 1.324594
      vertex -0.590343 -2.208321 1.414433
    endloop
  endfacet
  facet normal 0.262123 0.730913 0.630125
    outer loop
      vertex -0.521896 -2.289675 1.512263
      vertex -0.464986 -2.239756 1.430686
      vertex -0.560097 -2.271915 1.507553
    endloop
  endfacet
  facet normal -0.040782 -0.186859 -0.981540
    outer loop
      vertex -0.372676 -1.544668 -1.662807
      vertex -0.327940 -1.543688 -1.664852
      vertex -0.328094 -1.546297 -1.664349
    endloop
  endfacet
  facet normal -0.065608 0.027861 -0.997456
    outer loop
      vertex -0.372270 -1.523815 -1.662251
      vertex -0.327461 -1.531437 -1.665411
      vertex -0.372676 -1.544668 -1.662807
    endloop
  endfacet
  facet normal -0.282383 0.405486 -0.869391
    outer loop
      vertex -0.385344 -1.524764 -1.658447
      vertex -0.372463 -1.507134 -1.654409
      vertex -0.372270 -1.523815 -1.662251
    endloop
  endfacet
  facet normal -0.443304 0.397848 -0.803243
    outer loop
      vertex -0.411846 -1.511983 -1.637490
      vertex -0.385344 -1.524764 -1.658447
      vertex -0.411845 -1.528009 -1.645429
    endloop
  endfacet
  facet normal -0.381168 0.616879 -0.688601
    outer loop
      vertex -0.411846 -1.511983 -1.637490
      vertex -0.412478 -1.498689 -1.625231
      vertex -0.373329 -1.493309 -1.642082
    endloop
  endfacet
  facet normal -0.296678 0.905395 -0.303713
    outer loop
      vertex -0.383389 -1.452196 -1.541173
      vertex -0.414819 -1.480291 -1.594224
      vertex -0.420833 -1.459306 -1.525794
    endloop
  endfacet
  facet normal -0.339923 0.797310 -0.498748
    outer loop
      vertex -0.376212 -1.474122 -1.610675
      vertex -0.412478 -1.498689 -1.625231
      vertex -0.414819 -1.480291 -1.594224
    endloop
  endfacet
  facet normal -0.464796 0.874110 -0.141058
    outer loop
      vertex -0.420833 -1.459306 -1.525794
      vertex -0.483363 -1.482313 -1.462323
      vertex -0.434152 -1.443858 -1.386173
    endloop
  endfacet
  facet normal -0.684721 0.717761 -0.126401
    outer loop
      vertex -0.483363 -1.482313 -1.462323
      vertex -0.533756 -1.513717 -1.367666
      vertex -0.492860 -1.468220 -1.330845
    endloop
  endfacet
  facet normal -0.398044 0.872753 -0.282600
    outer loop
      vertex -0.718617 -1.643363 -0.975535
      vertex -0.750097 -1.661814 -0.988180
      vertex -0.750821 -1.651647 -0.955760
    endloop
  endfacet
  facet normal -0.720751 0.685734 -0.101423
    outer loop
      vertex -0.666656 -1.609035 -0.965530
      vertex -0.622268 -1.575158 -1.051910
      vertex -0.664309 -1.618436 -1.045763
    endloop
  endfacet
  facet normal -0.793914 0.600207 -0.097219
    outer loop
      vertex -0.622268 -1.575158 -1.051910
      vertex -0.581922 -1.537750 -1.150437
      vertex -0.618973 -1.585792 -1.144470
    endloop
  endfacet
  facet normal -0.784952 0.611025 -0.102463
    outer loop
      vertex -0.581922 -1.537750 -1.150437
      vertex -0.540453 -1.500810 -1.247841
      vertex -0.577222 -1.549538 -1.256743
    endloop
  endfacet
  facet normal -0.690450 0.714098 -0.115512
    outer loop
      vertex -0.492860 -1.468220 -1.330845
      vertex -0.533756 -1.513717 -1.367666
      vertex -0.540453 -1.500810 -1.247841
    endloop
  endfacet
  facet normal 0.353281 0.685726 -0.636374
    outer loop
      vertex -0.809774 -1.670358 -0.996944
      vertex -0.831022 -1.673388 -1.012004
      vertex -0.832508 -1.666064 -1.004937
    endloop
  endfacet
  facet normal 0.646124 -0.342856 -0.681890
    outer loop
      vertex -0.304072 -1.536848 -1.650251
      vertex -0.287855 -1.551757 -1.627387
      vertex -0.308691 -1.553678 -1.646165
    endloop
  endfacet
  facet normal 0.577325 -0.326346 -0.748462
    outer loop
      vertex -0.328094 -1.546297 -1.664349
      vertex -0.308691 -1.553678 -1.646165
      vertex -0.329468 -1.562945 -1.658151
    endloop
  endfacet
  facet normal 0.460193 0.855241 -0.238299
    outer loop
      vertex -1.240853 -1.431594 -1.855858
      vertex -1.292808 -1.416662 -1.902601
      vertex -1.245578 -1.414114 -1.802248
    endloop
  endfacet
  facet normal 0.466167 0.883427 -0.047386
    outer loop
      vertex -1.245578 -1.414114 -1.802248
      vertex -1.214267 -1.422056 -1.642297
      vertex -1.201898 -1.434150 -1.746077
    endloop
  endfacet
  facet normal 0.311104 0.905460 -0.288714
    outer loop
      vertex -1.292808 -1.416662 -1.902601
      vertex -1.352454 -1.405995 -1.933419
      vertex -1.295809 -1.397635 -1.846163
    endloop
  endfacet
  facet normal 0.470820 0.774844 -0.421835
    outer loop
      vertex -0.871906 -1.662260 -1.041924
      vertex -0.875632 -1.654562 -1.031941
      vertex -0.832508 -1.666064 -1.004937
    endloop
  endfacet
  facet normal -0.073547 0.940500 -0.331738
    outer loop
      vertex -1.420944 -1.369946 -1.846401
      vertex -1.489434 -1.405995 -1.933419
      vertex -1.488065 -1.385425 -1.875405
    endloop
  endfacet
  facet normal -0.151191 0.949651 -0.274417
    outer loop
      vertex -1.420944 -1.369946 -1.846401
      vertex -1.420944 -1.396528 -1.938393
      vertex -1.489434 -1.405995 -1.933419
    endloop
  endfacet
  facet normal 0.152656 0.932590 -0.327067
    outer loop
      vertex -1.353822 -1.385425 -1.875405
      vertex -1.352454 -1.405995 -1.933419
      vertex -1.420944 -1.396528 -1.938393
    endloop
  endfacet
  facet normal -0.561616 0.421844 -0.711783
    outer loop
      vertex -2.010865 -1.673388 -1.012004
      vertex -1.991246 -1.673936 -1.027809
      vertex -2.011622 -1.678449 -1.014406
    endloop
  endfacet
  facet normal -0.612884 0.188621 -0.767330
    outer loop
      vertex -2.010865 -1.673388 -1.012004
      vertex -1.969981 -1.662260 -1.041924
      vertex -1.991246 -1.673936 -1.027809
    endloop
  endfacet
  facet normal -0.393815 0.437311 -0.808498
    outer loop
      vertex -2.033142 -1.681787 -1.005697
      vertex -2.032803 -1.677326 -1.003449
      vertex -2.010865 -1.673388 -1.012004
    endloop
  endfacet
  facet normal -0.661389 -0.350702 0.663003
    outer loop
      vertex -2.463214 -2.296212 1.435664
      vertex -2.543708 -2.278524 1.364722
      vertex -2.519055 -2.302329 1.376724
    endloop
  endfacet
  facet normal -0.769674 -0.203125 0.605263
    outer loop
      vertex -2.665551 -2.242877 1.221746
      vertex -2.591570 -2.285738 1.301439
      vertex -2.543708 -2.278524 1.364722
    endloop
  endfacet
  facet normal -0.826658 -0.303260 0.473994
    outer loop
      vertex -2.715295 -2.247100 1.132289
      vertex -2.665551 -2.242877 1.221746
      vertex -2.722108 -2.221667 1.136679
    endloop
  endfacet
  facet normal -0.838215 -0.410997 0.358437
    outer loop
      vertex -2.813031 -2.203081 0.945364
      vertex -2.722108 -2.221667 1.136679
      vertex -2.790025 -2.190871 1.013164
    endloop
  endfacet
  facet normal -0.908509 -0.264183 0.323756
    outer loop
      vertex -2.813031 -2.203081 0.945364
      vertex -2.820110 -2.174773 0.948597
      vertex -2.833813 -2.166806 0.916645
    endloop
  endfacet
  facet normal -0.916761 -0.292939 0.271543
    outer loop
      vertex -2.833813 -2.166806 0.916645
      vertex -2.880806 -2.135634 0.791621
      vertex -2.887712 -2.155366 0.747020
    endloop
  endfacet
  facet normal -0.947260 -0.211896 0.240412
    outer loop
      vertex -2.909574 -2.112464 0.698692
      vertex -2.887712 -2.155366 0.747020
      vertex -2.880806 -2.135634 0.791621
    endloop
  endfacet
  facet normal -0.961965 -0.203009 0.182784
    outer loop
      vertex -2.909574 -2.112464 0.698692
      vertex -2.948616 -2.072344 0.537780
      vertex -2.941282 -2.104769 0.540364
    endloop
  endfacet
  facet normal -0.973379 -0.228981 0.009998
    outer loop
      vertex -2.975160 -2.051992 0.328177
      vertex -2.985739 -2.008969 0.283592
      vertex -2.990202 -1.997475 0.112329
    endloop
  endfacet
  facet normal -0.972995 -0.212978 0.089001
    outer loop
      vertex -2.941282 -2.104769 0.540364
      vertex -2.948616 -2.072344 0.537780
      vertex -2.985739 -2.008969 0.283592
    endloop
  endfacet
  facet normal -0.753056 -0.613184 -0.238562
    outer loop
      vertex -2.973619 -1.964197 -0.125021
      vertex -2.952076 -1.903811 -0.348236
      vertex -2.907956 -1.931727 -0.415756
    endloop
  endfacet
  facet normal -0.901186 -0.416112 -0.121304
    outer loop
      vertex -2.990202 -1.997475 0.112329
      vertex -2.986688 -1.941537 -0.105662
      vertex -2.973619 -1.964197 -0.125021
    endloop
  endfacet
  facet normal 0.607831 -0.060611 -0.791750
    outer loop
      vertex -2.430043 -1.528009 -1.645429
      vertex -2.405712 -1.532757 -1.626387
      vertex -2.394926 -1.557179 -1.616236
    endloop
  endfacet
  facet normal 0.779217 0.023524 -0.626313
    outer loop
      vertex -2.364031 -1.567684 -1.575842
      vertex -2.405712 -1.532757 -1.626387
      vertex -2.364160 -1.545527 -1.575170
    endloop
  endfacet
  facet normal -0.548423 -0.332920 -0.767071
    outer loop
      vertex -2.533196 -1.553678 -1.646165
      vertex -2.513873 -1.543725 -1.664300
      vertex -2.512316 -1.562509 -1.657261
    endloop
  endfacet
  facet normal 0.029583 -0.161149 -0.986487
    outer loop
      vertex -2.513873 -1.543725 -1.664300
      vertex -2.514106 -1.539488 -1.664999
      vertex -2.469212 -1.544668 -1.662807
    endloop
  endfacet
  facet normal 0.063024 0.027816 -0.997624
    outer loop
      vertex -2.514411 -1.531438 -1.665294
      vertex -2.469618 -1.523815 -1.662251
      vertex -2.469212 -1.544668 -1.662807
    endloop
  endfacet
  facet normal 0.282378 0.405487 -0.869392
    outer loop
      vertex -2.469618 -1.523815 -1.662251
      vertex -2.469425 -1.507134 -1.654409
      vertex -2.456543 -1.524764 -1.658447
    endloop
  endfacet
  facet normal 0.432076 0.489256 -0.757587
    outer loop
      vertex -2.456543 -1.524764 -1.658447
      vertex -2.469425 -1.507134 -1.654409
      vertex -2.430043 -1.528009 -1.645429
    endloop
  endfacet
  facet normal -0.724598 -0.557727 -0.404843
    outer loop
      vertex -2.641329 -1.630048 -1.426566
      vertex -2.746877 -1.713494 -1.122695
      vertex -2.663747 -1.624478 -1.394116
    endloop
  endfacet
  facet normal -0.644993 -0.599368 -0.474069
    outer loop
      vertex -2.578454 -1.580992 -1.574133
      vertex -2.641329 -1.630048 -1.426566
      vertex -2.594637 -1.578552 -1.555201
    endloop
  endfacet
  facet normal -0.575993 -0.575812 -0.580235
    outer loop
      vertex -2.578454 -1.580992 -1.574133
      vertex -2.554033 -1.551757 -1.627387
      vertex -2.533196 -1.553678 -1.646165
    endloop
  endfacet
  facet normal -0.844021 -0.411216 -0.344282
    outer loop
      vertex -2.907883 -1.840905 -0.575802
      vertex -2.746877 -1.713494 -1.122695
      vertex -2.869853 -1.864092 -0.641338
    endloop
  endfacet
  facet normal -0.814477 -0.498953 -0.296097
    outer loop
      vertex -2.869853 -1.864092 -0.641338
      vertex -2.952076 -1.903811 -0.348236
      vertex -2.907883 -1.840905 -0.575802
    endloop
  endfacet
  facet normal 0.790941 0.513667 -0.332504
    outer loop
      vertex -2.364160 -1.545527 -1.575170
      vertex -2.311828 -1.546826 -1.452694
      vertex -2.344007 -1.554156 -1.540561
    endloop
  endfacet
  facet normal 0.904292 0.354532 -0.237828
    outer loop
      vertex -2.266537 -1.565564 -1.308417
      vertex -2.311828 -1.546826 -1.452694
      vertex -2.310934 -1.531323 -1.426181
    endloop
  endfacet
  facet normal -0.311338 0.935356 0.167861
    outer loop
      vertex -2.508492 -1.645832 -0.399866
      vertex -2.601612 -1.603359 -0.809247
      vertex -2.603554 -1.641930 -0.597921
    endloop
  endfacet
  facet normal -0.188979 0.961531 0.199363
    outer loop
      vertex -2.597177 -1.686200 -0.378363
      vertex -2.603554 -1.641930 -0.597921
      vertex -2.824122 -1.701064 -0.521796
    endloop
  endfacet
  facet normal -0.405645 0.895085 0.185134
    outer loop
      vertex -2.533396 -1.565720 -0.841758
      vertex -2.601612 -1.603359 -0.809247
      vertex -2.508492 -1.645832 -0.399866
    endloop
  endfacet
  facet normal -0.687780 0.713348 0.134512
    outer loop
      vertex -2.507051 -1.495355 -1.080214
      vertex -2.533396 -1.565720 -0.841758
      vertex -2.492021 -1.520098 -0.872141
    endloop
  endfacet
  facet normal -0.769723 0.625017 0.129926
    outer loop
      vertex -2.492021 -1.520098 -0.872141
      vertex -2.463270 -1.476914 -0.909552
      vertex -2.507051 -1.495355 -1.080214
    endloop
  endfacet
  facet normal -0.265802 0.928683 0.258644
    outer loop
      vertex -2.842596 -1.840764 0.096260
      vertex -2.902986 -1.859064 0.099906
      vertex -2.887568 -1.911535 0.304152
    endloop
  endfacet
  facet normal -0.256105 0.923321 0.286163
    outer loop
      vertex -2.856996 -1.967341 0.511576
      vertex -2.825915 -1.894207 0.303421
      vertex -2.887568 -1.911535 0.304152
    endloop
  endfacet
  facet normal -0.279227 0.931444 0.233334
    outer loop
      vertex -2.847957 -1.790594 -0.110429
      vertex -2.905465 -1.809919 -0.102103
      vertex -2.842596 -1.840764 0.096260
    endloop
  endfacet
  facet normal -0.299497 0.932341 0.202587
    outer loop
      vertex -2.842423 -1.743948 -0.316920
      vertex -2.895594 -1.763994 -0.303269
      vertex -2.847957 -1.790594 -0.110429
    endloop
  endfacet
  facet normal -0.180811 0.965770 0.185999
    outer loop
      vertex -2.597177 -1.686200 -0.378363
      vertex -2.824122 -1.701064 -0.521796
      vertex -2.842423 -1.743948 -0.316920
    endloop
  endfacet
  facet normal -0.631371 0.696219 0.341541
    outer loop
      vertex -2.907148 -1.989665 0.507755
      vertex -2.891841 -2.075493 0.711007
      vertex -2.856788 -2.047386 0.718511
    endloop
  endfacet
  facet normal -0.407370 0.865060 0.292782
    outer loop
      vertex -2.887568 -1.911535 0.304152
      vertex -2.907148 -1.989665 0.507755
      vertex -2.856996 -1.967341 0.511576
    endloop
  endfacet
  facet normal -0.623643 0.670454 0.401948
    outer loop
      vertex -2.856788 -2.047386 0.718511
      vertex -2.891841 -2.075493 0.711007
      vertex -2.815264 -2.133461 0.926513
    endloop
  endfacet
  facet normal -0.582031 0.656974 0.479192
    outer loop
      vertex -2.781692 -2.107867 0.932199
      vertex -2.815264 -2.133461 0.926513
      vertex -2.704913 -2.192624 1.141658
    endloop
  endfacet
  facet normal -0.750326 0.429122 0.502856
    outer loop
      vertex -2.815264 -2.133461 0.926513
      vertex -2.790025 -2.190871 1.013164
      vertex -2.704913 -2.192624 1.141658
    endloop
  endfacet
  facet normal -0.313453 0.942541 -0.115604
    outer loop
      vertex -0.718617 -1.643363 -0.975535
      vertex -0.750821 -1.651647 -0.955760
      vertex -0.720423 -1.635258 -0.904561
    endloop
  endfacet
  facet normal 0.192636 0.918656 0.344909
    outer loop
      vertex -0.651128 -1.923027 0.943580
      vertex -0.590226 -1.781841 0.533519
      vertex -0.666439 -1.867051 0.803040
    endloop
  endfacet
  facet normal 0.112519 0.937841 0.328319
    outer loop
      vertex -0.666439 -1.867051 0.803040
      vertex -0.590226 -1.781841 0.533519
      vertex -0.627437 -1.776809 0.531897
    endloop
  endfacet
  facet normal 0.115169 0.947629 0.297885
    outer loop
      vertex -0.590226 -1.781841 0.533519
      vertex -0.595968 -1.711291 0.311305
      vertex -0.627437 -1.776809 0.531897
    endloop
  endfacet
  facet normal 0.325675 0.878746 0.348914
    outer loop
      vertex -0.619615 -1.933728 0.941117
      vertex -0.557659 -1.793250 0.529491
      vertex -0.651128 -1.923027 0.943580
    endloop
  endfacet
  facet normal 0.151983 0.964229 0.217171
    outer loop
      vertex -0.516510 -1.571042 -0.251955
      vertex -0.457271 -1.536047 -0.448787
      vertex -0.487941 -1.529436 -0.456677
    endloop
  endfacet
  facet normal 0.250849 0.937255 0.242131
    outer loop
      vertex -0.527101 -1.652117 0.072848
      vertex -0.457271 -1.536047 -0.448787
      vertex -0.516510 -1.571042 -0.251955
    endloop
  endfacet
  facet normal 0.205873 0.934221 0.291284
    outer loop
      vertex -0.590226 -1.781841 0.533519
      vertex -0.527101 -1.652117 0.072848
      vertex -0.595968 -1.711291 0.311305
    endloop
  endfacet
  facet normal 0.158260 0.967797 0.195760
    outer loop
      vertex -0.457271 -1.536047 -0.448787
      vertex -0.465424 -1.500297 -0.618940
      vertex -0.487941 -1.529436 -0.456677
    endloop
  endfacet
  facet normal -0.192426 0.973888 0.120477
    outer loop
      vertex -0.487702 -1.474816 -0.860500
      vertex -0.513528 -1.509992 -0.617398
      vertex -0.465424 -1.500297 -0.618940
    endloop
  endfacet
  facet normal -0.405791 0.909669 0.088518
    outer loop
      vertex -0.487702 -1.474816 -0.860500
      vertex -0.532332 -1.497415 -0.832855
      vertex -0.513528 -1.509992 -0.617398
    endloop
  endfacet
  facet normal -0.604462 0.795726 0.038021
    outer loop
      vertex -0.554774 -1.505802 -1.014101
      vertex -0.569514 -1.527710 -0.789935
      vertex -0.532332 -1.497415 -0.832855
    endloop
  endfacet
  facet normal -0.665954 0.745426 0.029061
    outer loop
      vertex -0.554774 -1.505802 -1.014101
      vertex -0.592327 -1.542181 -0.941531
      vertex -0.569514 -1.527710 -0.789935
    endloop
  endfacet
  facet normal -0.705757 0.708168 -0.020130
    outer loop
      vertex -0.581922 -1.537750 -1.150437
      vertex -0.622268 -1.575158 -1.051910
      vertex -0.592327 -1.542181 -0.941531
    endloop
  endfacet
  facet normal 0.490540 0.859783 -0.141927
    outer loop
      vertex -2.421054 -1.459306 -1.525794
      vertex -2.407736 -1.443858 -1.386173
      vertex -2.349027 -1.468220 -1.330845
    endloop
  endfacet
  facet normal 0.221258 0.975199 -0.005613
    outer loop
      vertex -2.407736 -1.443858 -1.386173
      vertex -2.442819 -1.435973 -1.399311
      vertex -2.411245 -1.441560 -1.125361
    endloop
  endfacet
  facet normal 0.151126 0.988451 0.011186
    outer loop
      vertex -2.473489 -1.429707 -1.331830
      vertex -2.448588 -1.435619 -1.145831
      vertex -2.411245 -1.441560 -1.125361
    endloop
  endfacet
  facet normal -0.243354 0.967538 0.068191
    outer loop
      vertex -2.484395 -1.431316 -1.334674
      vertex -2.470967 -1.441968 -1.135609
      vertex -2.448588 -1.435619 -1.145831
    endloop
  endfacet
  facet normal 0.453751 0.881986 -0.127320
    outer loop
      vertex -2.358525 -1.482313 -1.462323
      vertex -2.421054 -1.459306 -1.525794
      vertex -2.349027 -1.468220 -1.330845
    endloop
  endfacet
  facet normal 0.782601 0.580852 -0.223932
    outer loop
      vertex -2.308132 -1.513717 -1.367666
      vertex -2.362672 -1.501548 -1.526707
      vertex -2.358525 -1.482313 -1.462323
    endloop
  endfacet
  facet normal 0.842440 0.446686 -0.301276
    outer loop
      vertex -2.310934 -1.531323 -1.426181
      vertex -2.364159 -1.518458 -1.555936
      vertex -2.362672 -1.501548 -1.526707
    endloop
  endfacet
  facet normal -0.134538 0.990400 -0.031743
    outer loop
      vertex -1.420944 -1.360560 -1.765664
      vertex -1.485408 -1.368948 -1.754169
      vertex -1.420944 -1.356739 -1.646464
    endloop
  endfacet
  facet normal -0.150687 0.980012 -0.129886
    outer loop
      vertex -1.488065 -1.385425 -1.875405
      vertex -1.485408 -1.368948 -1.754169
      vertex -1.420944 -1.360560 -1.765664
    endloop
  endfacet
  facet normal 0.148193 0.982343 -0.114199
    outer loop
      vertex -1.420944 -1.369946 -1.846401
      vertex -1.420944 -1.360560 -1.765664
      vertex -1.356480 -1.368948 -1.754169
    endloop
  endfacet
  facet normal 0.257566 0.959962 -0.110152
    outer loop
      vertex -1.295809 -1.397635 -1.846163
      vertex -1.353822 -1.385425 -1.875405
      vertex -1.301618 -1.382573 -1.728486
    endloop
  endfacet
  facet normal 0.169548 0.977034 -0.129068
    outer loop
      vertex -1.353822 -1.385425 -1.875405
      vertex -1.420944 -1.369946 -1.846401
      vertex -1.356480 -1.368948 -1.754169
    endloop
  endfacet
  facet normal 0.374509 0.923608 -0.081796
    outer loop
      vertex -1.245578 -1.414114 -1.802248
      vertex -1.295809 -1.397635 -1.846163
      vertex -1.254707 -1.400518 -1.690533
    endloop
  endfacet
  facet normal -0.660275 0.744538 0.098484
    outer loop
      vertex -2.492102 -1.435091 -1.329297
      vertex -2.484555 -1.456449 -1.117229
      vertex -2.470967 -1.441968 -1.135609
    endloop
  endfacet
  facet normal -0.793815 0.591901 0.139685
    outer loop
      vertex -2.463270 -1.476914 -0.909552
      vertex -2.484555 -1.456449 -1.117229
      vertex -2.507051 -1.495355 -1.080214
    endloop
  endfacet
  facet normal 0.841004 0.487621 -0.234386
    outer loop
      vertex -0.169000 -1.576980 -1.394158
      vertex -0.226340 -1.547031 -1.537593
      vertex -0.231768 -1.539604 -1.541619
    endloop
  endfacet
  facet normal 0.850016 0.497998 -0.171670
    outer loop
      vertex -0.096451 -1.613538 -1.140982
      vertex -0.089381 -1.623356 -1.134460
      vertex -0.169000 -1.576980 -1.394158
    endloop
  endfacet
  facet normal 0.925317 0.334215 -0.179136
    outer loop
      vertex 0.032541 -1.718428 -0.682053
      vertex -0.084294 -1.634214 -1.128437
      vertex -0.089381 -1.623356 -1.134460
    endloop
  endfacet
  facet normal 0.909333 0.394548 -0.132079
    outer loop
      vertex 0.080515 -1.762079 -0.482153
      vertex 0.040500 -1.734468 -0.675172
      vertex 0.032541 -1.718428 -0.682053
    endloop
  endfacet
  facet normal 0.957538 0.216224 -0.190705
    outer loop
      vertex 0.090176 -1.779477 -0.476778
      vertex 0.095448 -1.799103 -0.472559
      vertex 0.040500 -1.734468 -0.675172
    endloop
  endfacet
  facet normal 0.723621 -0.294342 -0.624287
    outer loop
      vertex -0.262392 -1.544311 -1.603006
      vertex -0.269574 -1.547710 -1.609729
      vertex -0.289015 -1.532477 -1.639445
    endloop
  endfacet
  facet normal 0.705176 -0.305103 -0.640030
    outer loop
      vertex -0.269574 -1.547710 -1.609729
      vertex -0.278195 -1.550115 -1.618081
      vertex -0.293400 -1.534402 -1.642323
    endloop
  endfacet
  facet normal 0.686198 -0.311729 -0.657235
    outer loop
      vertex -0.278195 -1.550115 -1.618081
      vertex -0.287855 -1.551757 -1.627387
      vertex -0.298481 -1.535819 -1.646042
    endloop
  endfacet
  facet normal 0.857007 0.327975 -0.397455
    outer loop
      vertex -0.226340 -1.547031 -1.537593
      vertex -0.234450 -1.549938 -1.557479
      vertex -0.265108 -1.532756 -1.609407
    endloop
  endfacet
  facet normal 0.814686 -0.236953 -0.529283
    outer loop
      vertex -0.234450 -1.549938 -1.557479
      vertex -0.262392 -1.544311 -1.603006
      vertex -0.267683 -1.535582 -1.615058
    endloop
  endfacet
  facet normal 0.951326 0.291978 -0.098626
    outer loop
      vertex 0.122414 -1.823867 -0.285764
      vertex 0.128848 -1.844315 -0.284236
      vertex 0.095448 -1.799103 -0.472559
    endloop
  endfacet
  facet normal 0.937475 0.348012 -0.005340
    outer loop
      vertex 0.139171 -1.869235 -0.096100
      vertex 0.146797 -1.889802 -0.097643
      vertex 0.128848 -1.844315 -0.284236
    endloop
  endfacet
  facet normal 0.919788 0.384954 0.076162
    outer loop
      vertex 0.141961 -1.916577 0.096091
      vertex 0.150752 -1.936774 0.092005
      vertex 0.146797 -1.889802 -0.097643
    endloop
  endfacet
  facet normal 0.899203 0.409753 0.153416
    outer loop
      vertex 0.129854 -1.966734 0.294511
      vertex 0.139692 -1.986257 0.288996
      vertex 0.150752 -1.936774 0.092005
    endloop
  endfacet
  facet normal 0.873070 0.429354 0.231093
    outer loop
      vertex 0.100399 -2.019767 0.499701
      vertex 0.111096 -2.038324 0.493768
      vertex 0.139692 -1.986257 0.288996
    endloop
  endfacet
  facet normal 0.838210 0.447006 0.312395
    outer loop
      vertex 0.049953 -2.075493 0.711007
      vertex 0.061212 -2.092762 0.705510
      vertex 0.111096 -2.038324 0.493768
    endloop
  endfacet
  facet normal 0.597658 0.695203 0.399372
    outer loop
      vertex 0.049953 -2.075493 0.711007
      vertex -0.060195 -2.107867 0.932199
      vertex -0.026624 -2.133461 0.926513
    endloop
  endfacet
  facet normal 0.554916 0.684461 0.472843
    outer loop
      vertex -0.026624 -2.133461 0.926513
      vertex -0.167145 -2.170249 1.144676
      vertex -0.136974 -2.192624 1.141658
    endloop
  endfacet
  facet normal 0.291773 0.843777 0.450453
    outer loop
      vertex -0.235681 -2.201599 1.247794
      vertex -0.167145 -2.170249 1.144676
      vertex -0.253615 -2.139595 1.143266
    endloop
  endfacet
  facet normal 0.282684 0.823860 0.491269
    outer loop
      vertex -0.316472 -2.232479 1.346069
      vertex -0.235681 -2.201599 1.247794
      vertex -0.313213 -2.173070 1.244564
    endloop
  endfacet
  facet normal 0.269396 0.793458 0.545756
    outer loop
      vertex -0.316472 -2.232479 1.346069
      vertex -0.383155 -2.206599 1.341357
      vertex -0.411331 -2.262203 1.436107
    endloop
  endfacet
  facet normal 0.246621 0.740496 0.625175
    outer loop
      vertex -0.411331 -2.262203 1.436107
      vertex -0.464986 -2.239756 1.430686
      vertex -0.521896 -2.289675 1.512263
    endloop
  endfacet
  facet normal 0.454291 0.799233 0.393504
    outer loop
      vertex -0.560452 -1.966133 0.932158
      vertex -0.600449 -2.040885 1.130160
      vertex -0.540126 -2.073796 1.127363
    endloop
  endfacet
  facet normal 0.280840 0.859926 0.426211
    outer loop
      vertex -0.539908 -2.171622 1.324594
      vertex -0.540126 -2.073796 1.127363
      vertex -0.602115 -2.149009 1.319961
    endloop
  endfacet
  facet normal 0.490425 0.799558 0.346686
    outer loop
      vertex -0.557659 -1.793250 0.529491
      vertex -0.619615 -1.933728 0.941117
      vertex -0.560452 -1.966133 0.932158
    endloop
  endfacet
  facet normal 0.146377 0.876137 0.459302
    outer loop
      vertex -0.464986 -2.239756 1.430686
      vertex -0.383155 -2.206599 1.341357
      vertex -0.539908 -2.171622 1.324594
    endloop
  endfacet
  facet normal -0.042635 -0.123058 -0.991483
    outer loop
      vertex -0.372676 -1.544668 -1.662807
      vertex -0.327731 -1.539485 -1.665383
      vertex -0.327940 -1.543688 -1.664852
    endloop
  endfacet
  facet normal 0.516200 -0.191242 -0.834844
    outer loop
      vertex -0.327940 -1.543688 -1.664852
      vertex -0.316033 -1.538222 -1.658742
      vertex -0.328094 -1.546297 -1.664349
    endloop
  endfacet
  facet normal -0.042025 0.161734 -0.985939
    outer loop
      vertex -0.372270 -1.523815 -1.662251
      vertex -0.327368 -1.523357 -1.664090
      vertex -0.327461 -1.531437 -1.665411
    endloop
  endfacet
  facet normal -0.057034 -0.001620 -0.998371
    outer loop
      vertex -0.372676 -1.544668 -1.662807
      vertex -0.327461 -1.531437 -1.665411
      vertex -0.327731 -1.539485 -1.665383
    endloop
  endfacet
  facet normal -0.065538 0.423946 -0.903313
    outer loop
      vertex -0.372270 -1.523815 -1.662251
      vertex -0.372463 -1.507134 -1.654409
      vertex -0.327499 -1.513443 -1.660632
    endloop
  endfacet
  facet normal -0.396566 0.470353 -0.788355
    outer loop
      vertex -0.411846 -1.511983 -1.637490
      vertex -0.372463 -1.507134 -1.654409
      vertex -0.385344 -1.524764 -1.658447
    endloop
  endfacet
  facet normal -0.330042 0.791758 -0.513995
    outer loop
      vertex -0.376212 -1.474122 -1.610675
      vertex -0.373329 -1.493309 -1.642082
      vertex -0.412478 -1.498689 -1.625231
    endloop
  endfacet
  facet normal -0.376325 0.603317 -0.703127
    outer loop
      vertex -0.411846 -1.511983 -1.637490
      vertex -0.373329 -1.493309 -1.642082
      vertex -0.372463 -1.507134 -1.654409
    endloop
  endfacet
  facet normal -0.238581 0.961507 -0.136322
    outer loop
      vertex -0.383389 -1.452196 -1.541173
      vertex -0.420833 -1.459306 -1.525794
      vertex -0.399068 -1.435973 -1.399311
    endloop
  endfacet
  facet normal -0.279167 0.907108 -0.314994
    outer loop
      vertex -0.383389 -1.452196 -1.541173
      vertex -0.376212 -1.474122 -1.610675
      vertex -0.414819 -1.480291 -1.594224
    endloop
  endfacet
  facet normal -0.263784 0.955658 -0.130906
    outer loop
      vertex -0.420833 -1.459306 -1.525794
      vertex -0.434152 -1.443858 -1.386173
      vertex -0.399068 -1.435973 -1.399311
    endloop
  endfacet
  facet normal -0.480425 0.867687 -0.127714
    outer loop
      vertex -0.483363 -1.482313 -1.462323
      vertex -0.492860 -1.468220 -1.330845
      vertex -0.434152 -1.443858 -1.386173
    endloop
  endfacet
  facet normal -0.700356 0.713257 -0.027676
    outer loop
      vertex -0.540453 -1.500810 -1.247841
      vertex -0.581922 -1.537750 -1.150437
      vertex -0.554774 -1.505802 -1.014101
    endloop
  endfacet
  facet normal -0.598954 0.800250 -0.029224
    outer loop
      vertex -0.492860 -1.468220 -1.330845
      vertex -0.540453 -1.500810 -1.247841
      vertex -0.512590 -1.473671 -1.075743
    endloop
  endfacet
  facet normal 0.595347 -0.411068 -0.690351
    outer loop
      vertex -0.304072 -1.536848 -1.650251
      vertex -0.298481 -1.535819 -1.646042
      vertex -0.287855 -1.551757 -1.627387
    endloop
  endfacet
  facet normal 0.570289 -0.338233 -0.748578
    outer loop
      vertex -0.316033 -1.538222 -1.658742
      vertex -0.304072 -1.536848 -1.650251
      vertex -0.308691 -1.553678 -1.646165
    endloop
  endfacet
  facet normal 0.572737 -0.336269 -0.747594
    outer loop
      vertex -0.328094 -1.546297 -1.664349
      vertex -0.316033 -1.538222 -1.658742
      vertex -0.308691 -1.553678 -1.646165
    endloop
  endfacet
  facet normal 0.494657 0.831171 -0.253908
    outer loop
      vertex -1.292808 -1.416662 -1.902601
      vertex -1.295809 -1.397635 -1.846163
      vertex -1.245578 -1.414114 -1.802248
    endloop
  endfacet
  facet normal 0.341657 0.888302 -0.306905
    outer loop
      vertex -1.352454 -1.405995 -1.933419
      vertex -1.353822 -1.385425 -1.875405
      vertex -1.295809 -1.397635 -1.846163
    endloop
  endfacet
  facet normal -0.176367 0.977740 -0.113664
    outer loop
      vertex -1.420944 -1.369946 -1.846401
      vertex -1.488065 -1.385425 -1.875405
      vertex -1.420944 -1.360560 -1.765664
    endloop
  endfacet
  facet normal 0.101074 0.955775 -0.276186
    outer loop
      vertex -1.353822 -1.385425 -1.875405
      vertex -1.420944 -1.396528 -1.938393
      vertex -1.420944 -1.369946 -1.846401
    endloop
  endfacet
  facet normal -0.897676 -0.264730 0.352271
    outer loop
      vertex -2.813031 -2.203081 0.945364
      vertex -2.790025 -2.190871 1.013164
      vertex -2.820110 -2.174773 0.948597
    endloop
  endfacet
  facet normal -0.833544 0.333312 0.440577
    outer loop
      vertex -2.833813 -2.166806 0.916645
      vertex -2.820110 -2.174773 0.948597
      vertex -2.815264 -2.133461 0.926513
    endloop
  endfacet
  facet normal -0.844722 0.350118 0.404799
    outer loop
      vertex -2.880806 -2.135634 0.791621
      vertex -2.833813 -2.166806 0.916645
      vertex -2.815264 -2.133461 0.926513
    endloop
  endfacet
  facet normal -0.923921 0.188388 0.332988
    outer loop
      vertex -2.909574 -2.112464 0.698692
      vertex -2.880806 -2.135634 0.791621
      vertex -2.903100 -2.092762 0.705510
    endloop
  endfacet
  facet normal -0.923849 0.252988 0.287229
    outer loop
      vertex -2.952983 -2.038324 0.493768
      vertex -2.948616 -2.072344 0.537780
      vertex -2.909574 -2.112464 0.698692
    endloop
  endfacet
  facet normal -0.985484 -0.169162 0.014328
    outer loop
      vertex -2.985739 -2.008969 0.283592
      vertex -2.995258 -1.967576 0.117577
      vertex -2.990202 -1.997475 0.112329
    endloop
  endfacet
  facet normal -0.974797 0.136564 0.176414
    outer loop
      vertex -2.985739 -2.008969 0.283592
      vertex -2.948616 -2.072344 0.537780
      vertex -2.981579 -1.986257 0.288996
    endloop
  endfacet
  facet normal -0.911628 -0.366013 -0.186998
    outer loop
      vertex -2.973619 -1.964197 -0.125021
      vertex -2.986688 -1.941537 -0.105662
      vertex -2.952076 -1.903811 -0.348236
    endloop
  endfacet
  facet normal -0.973487 -0.217294 -0.071451
    outer loop
      vertex -2.986688 -1.941537 -0.105662
      vertex -2.990202 -1.997475 0.112329
      vertex -2.995043 -1.936416 -0.007400
    endloop
  endfacet
  facet normal 0.618905 0.348610 -0.703866
    outer loop
      vertex -2.430041 -1.511983 -1.637490
      vertex -2.405712 -1.532757 -1.626387
      vertex -2.430043 -1.528009 -1.645429
    endloop
  endfacet
  facet normal 0.772553 0.324215 -0.545937
    outer loop
      vertex -2.364160 -1.545527 -1.575170
      vertex -2.405712 -1.532757 -1.626387
      vertex -2.394834 -1.507242 -1.595840
    endloop
  endfacet
  facet normal -0.630433 -0.160027 -0.759570
    outer loop
      vertex -2.533196 -1.553678 -1.646165
      vertex -2.514106 -1.539488 -1.664999
      vertex -2.513873 -1.543725 -1.664300
    endloop
  endfacet
  facet normal 0.044746 -0.034773 -0.998393
    outer loop
      vertex -2.514411 -1.531438 -1.665294
      vertex -2.469212 -1.544668 -1.662807
      vertex -2.514106 -1.539488 -1.664999
    endloop
  endfacet
  facet normal 0.041972 0.147742 -0.988135
    outer loop
      vertex -2.514411 -1.531438 -1.665294
      vertex -2.514519 -1.523357 -1.664090
      vertex -2.469618 -1.523815 -1.662251
    endloop
  endfacet
  facet normal 0.033392 0.424928 -0.904611
    outer loop
      vertex -2.514194 -1.514114 -1.659340
      vertex -2.469425 -1.507134 -1.654409
      vertex -2.469618 -1.523815 -1.662251
    endloop
  endfacet
  facet normal 0.402423 0.406321 -0.820341
    outer loop
      vertex -2.469425 -1.507134 -1.654409
      vertex -2.430041 -1.511983 -1.637490
      vertex -2.430043 -1.528009 -1.645429
    endloop
  endfacet
  facet normal -0.771625 -0.442280 -0.457146
    outer loop
      vertex -2.594637 -1.578552 -1.555201
      vertex -2.641329 -1.630048 -1.426566
      vertex -2.663747 -1.624478 -1.394116
    endloop
  endfacet
  facet normal -0.874884 -0.312142 -0.370330
    outer loop
      vertex -2.663747 -1.624478 -1.394116
      vertex -2.746877 -1.713494 -1.122695
      vertex -2.771127 -1.699220 -1.077437
    endloop
  endfacet
  facet normal -0.716268 -0.418659 -0.558288
    outer loop
      vertex -2.554033 -1.551757 -1.627387
      vertex -2.578454 -1.580992 -1.574133
      vertex -2.594637 -1.578552 -1.555201
    endloop
  endfacet
  facet normal -0.659481 -0.260516 -0.705135
    outer loop
      vertex -2.554033 -1.551757 -1.627387
      vertex -2.525855 -1.538222 -1.658742
      vertex -2.533196 -1.553678 -1.646165
    endloop
  endfacet
  facet normal -0.860218 -0.378707 -0.341477
    outer loop
      vertex -2.746877 -1.713494 -1.122695
      vertex -2.907883 -1.840905 -0.575802
      vertex -2.771127 -1.699220 -1.077437
    endloop
  endfacet
  facet normal -0.929191 -0.267990 -0.254529
    outer loop
      vertex -2.963742 -1.884025 -0.326480
      vertex -2.907883 -1.840905 -0.575802
      vertex -2.952076 -1.903811 -0.348236
    endloop
  endfacet
  facet normal 0.887142 0.267278 -0.376221
    outer loop
      vertex -2.311828 -1.546826 -1.452694
      vertex -2.364160 -1.545527 -1.575170
      vertex -2.364159 -1.518458 -1.555936
    endloop
  endfacet
  facet normal 0.836400 0.460396 -0.297439
    outer loop
      vertex -2.310934 -1.531323 -1.426181
      vertex -2.311828 -1.546826 -1.452694
      vertex -2.364159 -1.518458 -1.555936
    endloop
  endfacet
  facet normal -0.217392 0.960572 0.173326
    outer loop
      vertex -2.601612 -1.603359 -0.809247
      vertex -2.791036 -1.661011 -0.727322
      vertex -2.603554 -1.641930 -0.597921
    endloop
  endfacet
  facet normal -0.205482 0.966272 0.155230
    outer loop
      vertex -2.603554 -1.641930 -0.597921
      vertex -2.791036 -1.661011 -0.727322
      vertex -2.824122 -1.701064 -0.521796
    endloop
  endfacet
  facet normal -0.431105 0.892991 0.129288
    outer loop
      vertex -2.545812 -1.511405 -1.258314
      vertex -2.601612 -1.603359 -0.809247
      vertex -2.533396 -1.565720 -0.841758
    endloop
  endfacet
  facet normal -0.756919 0.644751 0.106631
    outer loop
      vertex -2.545812 -1.511405 -1.258314
      vertex -2.533396 -1.565720 -0.841758
      vertex -2.507051 -1.495355 -1.080214
    endloop
  endfacet
  facet normal -0.269392 0.934973 0.230766
    outer loop
      vertex -2.905465 -1.809919 -0.102103
      vertex -2.902986 -1.859064 0.099906
      vertex -2.842596 -1.840764 0.096260
    endloop
  endfacet
  facet normal -0.422333 0.869740 0.255318
    outer loop
      vertex -2.902986 -1.859064 0.099906
      vertex -2.937573 -1.935051 0.301543
      vertex -2.887568 -1.911535 0.304152
    endloop
  endfacet
  facet normal -0.285983 0.937149 0.199912
    outer loop
      vertex -2.895594 -1.763994 -0.303269
      vertex -2.905465 -1.809919 -0.102103
      vertex -2.847957 -1.790594 -0.110429
    endloop
  endfacet
  facet normal -0.311181 0.936290 0.162873
    outer loop
      vertex -2.871618 -1.721124 -0.503907
      vertex -2.895594 -1.763994 -0.303269
      vertex -2.842423 -1.743948 -0.316920
    endloop
  endfacet
  facet normal -0.330339 0.929326 0.165014
    outer loop
      vertex -2.824122 -1.701064 -0.521796
      vertex -2.871618 -1.721124 -0.503907
      vertex -2.842423 -1.743948 -0.316920
    endloop
  endfacet
  facet normal -0.656094 0.676263 0.334976
    outer loop
      vertex -2.907148 -1.989665 0.507755
      vertex -2.942287 -2.019767 0.499701
      vertex -2.891841 -2.075493 0.711007
    endloop
  endfacet
  facet normal -0.419644 0.860204 0.289739
    outer loop
      vertex -2.887568 -1.911535 0.304152
      vertex -2.937573 -1.935051 0.301543
      vertex -2.907148 -1.989665 0.507755
    endloop
  endfacet
  facet normal -0.833723 0.381772 0.398945
    outer loop
      vertex -2.891841 -2.075493 0.711007
      vertex -2.880806 -2.135634 0.791621
      vertex -2.815264 -2.133461 0.926513
    endloop
  endfacet
  facet normal -0.815093 0.344583 0.465710
    outer loop
      vertex -2.820110 -2.174773 0.948597
      vertex -2.790025 -2.190871 1.013164
      vertex -2.815264 -2.133461 0.926513
    endloop
  endfacet
  facet normal 0.347972 0.869321 0.350993
    outer loop
      vertex -0.651128 -1.923027 0.943580
      vertex -0.557659 -1.793250 0.529491
      vertex -0.590226 -1.781841 0.533519
    endloop
  endfacet
  facet normal 0.433191 0.865754 0.250631
    outer loop
      vertex -0.433253 -1.551389 -0.437306
      vertex -0.457271 -1.536047 -0.448787
      vertex -0.527101 -1.652117 0.072848
    endloop
  endfacet
  facet normal 0.380847 0.875093 0.298610
    outer loop
      vertex -0.497502 -1.665133 0.073241
      vertex -0.527101 -1.652117 0.072848
      vertex -0.590226 -1.781841 0.533519
    endloop
  endfacet
  facet normal 0.266286 0.945786 0.185959
    outer loop
      vertex -0.457271 -1.536047 -0.448787
      vertex -0.445690 -1.477746 -0.761889
      vertex -0.465424 -1.500297 -0.618940
    endloop
  endfacet
  facet normal -0.219684 0.967868 0.122356
    outer loop
      vertex -0.487702 -1.474816 -0.860500
      vertex -0.465424 -1.500297 -0.618940
      vertex -0.445690 -1.477746 -0.761889
    endloop
  endfacet
  facet normal -0.424332 0.903903 0.053872
    outer loop
      vertex -0.512590 -1.473671 -1.075743
      vertex -0.532332 -1.497415 -0.832855
      vertex -0.487702 -1.474816 -0.860500
    endloop
  endfacet
  facet normal -0.574382 0.817911 0.033270
    outer loop
      vertex -0.512590 -1.473671 -1.075743
      vertex -0.554774 -1.505802 -1.014101
      vertex -0.532332 -1.497415 -0.832855
    endloop
  endfacet
  facet normal -0.716149 0.697635 -0.020871
    outer loop
      vertex -0.592327 -1.542181 -0.941531
      vertex -0.554774 -1.505802 -1.014101
      vertex -0.581922 -1.537750 -1.150437
    endloop
  endfacet
  facet normal 0.235919 0.963162 -0.129077
    outer loop
      vertex -2.421054 -1.459306 -1.525794
      vertex -2.458498 -1.452196 -1.541173
      vertex -2.407736 -1.443858 -1.386173
    endloop
  endfacet
  facet normal 0.266237 0.953904 -0.138509
    outer loop
      vertex -2.458498 -1.452196 -1.541173
      vertex -2.442819 -1.435973 -1.399311
      vertex -2.407736 -1.443858 -1.386173
    endloop
  endfacet
  facet normal 0.194964 0.980807 -0.002468
    outer loop
      vertex -2.442819 -1.435973 -1.399311
      vertex -2.473489 -1.429707 -1.331830
      vertex -2.411245 -1.441560 -1.125361
    endloop
  endfacet
  facet normal -0.159139 0.985852 0.052640
    outer loop
      vertex -2.473489 -1.429707 -1.331830
      vertex -2.484395 -1.431316 -1.334674
      vertex -2.448588 -1.435619 -1.145831
    endloop
  endfacet
  facet normal -0.395575 0.915312 0.075664
    outer loop
      vertex -2.484395 -1.431316 -1.334674
      vertex -2.492102 -1.435091 -1.329297
      vertex -2.470967 -1.441968 -1.135609
    endloop
  endfacet
  facet normal 0.572853 0.768176 -0.285909
    outer loop
      vertex -2.427069 -1.480291 -1.594224
      vertex -2.421054 -1.459306 -1.525794
      vertex -2.358525 -1.482313 -1.462323
    endloop
  endfacet
  facet normal 0.546487 0.792120 -0.271841
    outer loop
      vertex -2.427069 -1.480291 -1.594224
      vertex -2.358525 -1.482313 -1.462323
      vertex -2.362672 -1.501548 -1.526707
    endloop
  endfacet
  facet normal 0.642100 0.648966 -0.408107
    outer loop
      vertex -2.364159 -1.518458 -1.555936
      vertex -2.427069 -1.480291 -1.594224
      vertex -2.362672 -1.501548 -1.526707
    endloop
  endfacet
  facet normal -0.691079 0.716277 0.096734
    outer loop
      vertex -2.492102 -1.435091 -1.329297
      vertex -2.502679 -1.447341 -1.314153
      vertex -2.484555 -1.456449 -1.117229
    endloop
  endfacet
  facet normal -0.818799 0.565812 0.097080
    outer loop
      vertex -2.507051 -1.495355 -1.080214
      vertex -2.484555 -1.456449 -1.117229
      vertex -2.520033 -1.479276 -1.283422
    endloop
  endfacet
  facet normal 0.832994 0.403795 -0.378248
    outer loop
      vertex -0.231768 -1.539604 -1.541619
      vertex -0.226340 -1.547031 -1.537593
      vertex -0.268702 -1.528764 -1.611383
    endloop
  endfacet
  facet normal 0.876826 0.395861 -0.272892
    outer loop
      vertex -0.177140 -1.564184 -1.401748
      vertex -0.169000 -1.576980 -1.394158
      vertex -0.231768 -1.539604 -1.541619
    endloop
  endfacet
  facet normal 0.840315 0.530290 -0.112534
    outer loop
      vertex 0.021153 -1.704153 -0.689814
      vertex -0.089381 -1.623356 -1.134460
      vertex -0.096451 -1.613538 -1.140982
    endloop
  endfacet
  facet normal 0.875307 0.446200 -0.186396
    outer loop
      vertex -0.096451 -1.613538 -1.140982
      vertex -0.169000 -1.576980 -1.394158
      vertex -0.177140 -1.564184 -1.401748
    endloop
  endfacet
  facet normal 0.802239 0.589832 -0.092250
    outer loop
      vertex 0.021153 -1.704153 -0.689814
      vertex 0.032541 -1.718428 -0.682053
      vertex -0.089381 -1.623356 -1.134460
    endloop
  endfacet
  facet normal 0.756731 0.652555 -0.039117
    outer loop
      vertex 0.066919 -1.746695 -0.488553
      vertex 0.080515 -1.762079 -0.482153
      vertex 0.032541 -1.718428 -0.682053
    endloop
  endfacet
  facet normal 0.883189 0.453887 -0.118171
    outer loop
      vertex 0.080515 -1.762079 -0.482153
      vertex 0.090176 -1.779477 -0.476778
      vertex 0.040500 -1.734468 -0.675172
    endloop
  endfacet
  facet normal 0.965680 0.236171 -0.108097
    outer loop
      vertex 0.122414 -1.823867 -0.285764
      vertex 0.095448 -1.799103 -0.472559
      vertex 0.090176 -1.779477 -0.476778
    endloop
  endfacet
  facet normal 0.636415 -0.464473 -0.615826
    outer loop
      vertex -0.262392 -1.544311 -1.603006
      vertex -0.289015 -1.532477 -1.639445
      vertex -0.267683 -1.535582 -1.615058
    endloop
  endfacet
  facet normal 0.619595 -0.455822 -0.639005
    outer loop
      vertex -0.293400 -1.534402 -1.642323
      vertex -0.289015 -1.532477 -1.639445
      vertex -0.269574 -1.547710 -1.609729
    endloop
  endfacet
  facet normal 0.607387 -0.436409 -0.663798
    outer loop
      vertex -0.298481 -1.535819 -1.646042
      vertex -0.293400 -1.534402 -1.642323
      vertex -0.278195 -1.550115 -1.618081
    endloop
  endfacet
  facet normal 0.872247 0.141562 -0.468130
    outer loop
      vertex -0.234450 -1.549938 -1.557479
      vertex -0.267683 -1.535582 -1.615058
      vertex -0.265108 -1.532756 -1.609407
    endloop
  endfacet
  facet normal 0.777785 0.545995 -0.311352
    outer loop
      vertex -0.226340 -1.547031 -1.537593
      vertex -0.265108 -1.532756 -1.609407
      vertex -0.268702 -1.528764 -1.611383
    endloop
  endfacet
  facet normal 0.954085 0.299265 -0.012708
    outer loop
      vertex 0.139171 -1.869235 -0.096100
      vertex 0.128848 -1.844315 -0.284236
      vertex 0.122414 -1.823867 -0.285764
    endloop
  endfacet
  facet normal 0.936991 0.342130 0.070673
    outer loop
      vertex 0.141961 -1.916577 0.096091
      vertex 0.146797 -1.889802 -0.097643
      vertex 0.139171 -1.869235 -0.096100
    endloop
  endfacet
  facet normal 0.917327 0.369094 0.149271
    outer loop
      vertex 0.129854 -1.966734 0.294511
      vertex 0.150752 -1.936774 0.092005
      vertex 0.141961 -1.916577 0.096091
    endloop
  endfacet
  facet normal 0.893870 0.385977 0.228074
    outer loop
      vertex 0.100399 -2.019767 0.499701
      vertex 0.139692 -1.986257 0.288996
      vertex 0.129854 -1.966734 0.294511
    endloop
  endfacet
  facet normal 0.863048 0.398025 0.311006
    outer loop
      vertex 0.049953 -2.075493 0.711007
      vertex 0.111096 -2.038324 0.493768
      vertex 0.100399 -2.019767 0.499701
    endloop
  endfacet
  facet normal 0.622728 0.667741 0.407837
    outer loop
      vertex 0.049953 -2.075493 0.711007
      vertex 0.014901 -2.047386 0.718511
      vertex -0.060195 -2.107867 0.932199
    endloop
  endfacet
  facet normal 0.580811 0.654212 0.484422
    outer loop
      vertex -0.026624 -2.133461 0.926513
      vertex -0.060195 -2.107867 0.932199
      vertex -0.167145 -2.170249 1.144676
    endloop
  endfacet
  facet normal 0.299485 0.863479 0.405848
    outer loop
      vertex -0.167145 -2.170249 1.144676
      vertex -0.159772 -2.073921 0.934289
      vertex -0.253615 -2.139595 1.143266
    endloop
  endfacet
  facet normal 0.291717 0.843788 0.450469
    outer loop
      vertex -0.235681 -2.201599 1.247794
      vertex -0.253615 -2.139595 1.143266
      vertex -0.313213 -2.173070 1.244564
    endloop
  endfacet
  facet normal 0.284839 0.823279 0.490998
    outer loop
      vertex -0.316472 -2.232479 1.346069
      vertex -0.313213 -2.173070 1.244564
      vertex -0.383155 -2.206599 1.341357
    endloop
  endfacet
  facet normal 0.275724 0.790985 0.546186
    outer loop
      vertex -0.411331 -2.262203 1.436107
      vertex -0.383155 -2.206599 1.341357
      vertex -0.464986 -2.239756 1.430686
    endloop
  endfacet
  facet normal 0.472604 0.791573 0.387373
    outer loop
      vertex -0.492808 -2.003055 0.925079
      vertex -0.560452 -1.966133 0.932158
      vertex -0.540126 -2.073796 1.127363
    endloop
  endfacet
  facet normal 0.233906 0.871108 0.431809
    outer loop
      vertex -0.539908 -2.171622 1.324594
      vertex -0.496682 -2.135767 1.228848
      vertex -0.540126 -2.073796 1.127363
    endloop
  endfacet
  facet normal 0.534690 0.775154 0.336515
    outer loop
      vertex -0.496836 -1.829539 0.516440
      vertex -0.557659 -1.793250 0.529491
      vertex -0.560452 -1.966133 0.932158
    endloop
  endfacet
  facet normal 0.157097 0.899476 0.407755
    outer loop
      vertex -0.383155 -2.206599 1.341357
      vertex -0.496682 -2.135767 1.228848
      vertex -0.539908 -2.171622 1.324594
    endloop
  endfacet
  facet normal 0.500154 -0.133009 -0.855661
    outer loop
      vertex -0.327731 -1.539485 -1.665383
      vertex -0.316033 -1.538222 -1.658742
      vertex -0.327940 -1.543688 -1.664852
    endloop
  endfacet
  facet normal 0.288890 0.151313 -0.945329
    outer loop
      vertex -0.327368 -1.523357 -1.664090
      vertex -0.324324 -1.530967 -1.664378
      vertex -0.327461 -1.531437 -1.665411
    endloop
  endfacet
  facet normal -0.041992 0.328593 -0.943537
    outer loop
      vertex -0.372270 -1.523815 -1.662251
      vertex -0.327499 -1.513443 -1.660632
      vertex -0.327368 -1.523357 -1.664090
    endloop
  endfacet
  facet normal 0.314848 -0.013927 -0.949040
    outer loop
      vertex -0.327461 -1.531437 -1.665411
      vertex -0.324324 -1.530967 -1.664378
      vertex -0.327731 -1.539485 -1.665383
    endloop
  endfacet
  facet normal -0.054777 0.475616 -0.877946
    outer loop
      vertex -0.372463 -1.507134 -1.654409
      vertex -0.327791 -1.505985 -1.656573
      vertex -0.327499 -1.513443 -1.660632
    endloop
  endfacet
  facet normal -0.099029 0.845089 -0.525374
    outer loop
      vertex -0.331218 -1.476828 -1.623509
      vertex -0.373329 -1.493309 -1.642082
      vertex -0.376212 -1.474122 -1.610675
    endloop
  endfacet
  facet normal -0.069711 0.661433 -0.746758
    outer loop
      vertex -0.372463 -1.507134 -1.654409
      vertex -0.373329 -1.493309 -1.642082
      vertex -0.328142 -1.500336 -1.652525
    endloop
  endfacet
  facet normal -0.145294 0.981042 -0.128245
    outer loop
      vertex -0.383389 -1.452196 -1.541173
      vertex -0.399068 -1.435973 -1.399311
      vertex -0.355853 -1.433213 -1.427159
    endloop
  endfacet
  facet normal -0.129876 0.941666 -0.310480
    outer loop
      vertex -0.337857 -1.454769 -1.568022
      vertex -0.376212 -1.474122 -1.610675
      vertex -0.383389 -1.452196 -1.541173
    endloop
  endfacet
  facet normal -0.219847 0.975533 -0.001644
    outer loop
      vertex -0.399068 -1.435973 -1.399311
      vertex -0.434152 -1.443858 -1.386173
      vertex -0.461210 -1.449501 -1.116238
    endloop
  endfacet
  facet normal -0.399965 0.916291 -0.020937
    outer loop
      vertex -0.434152 -1.443858 -1.386173
      vertex -0.492860 -1.468220 -1.330845
      vertex -0.461210 -1.449501 -1.116238
    endloop
  endfacet
  facet normal -0.625650 0.779803 -0.021678
    outer loop
      vertex -0.540453 -1.500810 -1.247841
      vertex -0.554774 -1.505802 -1.014101
      vertex -0.512590 -1.473671 -1.075743
    endloop
  endfacet
  facet normal -0.434898 0.900364 -0.014396
    outer loop
      vertex -0.492860 -1.468220 -1.330845
      vertex -0.512590 -1.473671 -1.075743
      vertex -0.461210 -1.449501 -1.116238
    endloop
  endfacet
  facet normal 0.612281 -0.158290 -0.774633
    outer loop
      vertex -0.311545 -1.528996 -1.657761
      vertex -0.298481 -1.535819 -1.646042
      vertex -0.304072 -1.536848 -1.650251
    endloop
  endfacet
  facet normal 0.583421 -0.167599 -0.794689
    outer loop
      vertex -0.314587 -1.529628 -1.659492
      vertex -0.304072 -1.536848 -1.650251
      vertex -0.316033 -1.538222 -1.658742
    endloop
  endfacet
  facet normal -0.937459 0.212714 0.275541
    outer loop
      vertex -2.952983 -2.038324 0.493768
      vertex -2.909574 -2.112464 0.698692
      vertex -2.903100 -2.092762 0.705510
    endloop
  endfacet
  facet normal -0.817772 0.402016 0.411864
    outer loop
      vertex -2.903100 -2.092762 0.705510
      vertex -2.880806 -2.135634 0.791621
      vertex -2.891841 -2.075493 0.711007
    endloop
  endfacet
  facet normal -0.984613 0.076719 0.157006
    outer loop
      vertex -2.981579 -1.986257 0.288996
      vertex -2.948616 -2.072344 0.537780
      vertex -2.952983 -2.038324 0.493768
    endloop
  endfacet
  facet normal -0.986325 -0.159511 -0.041464
    outer loop
      vertex -2.990202 -1.997475 0.112329
      vertex -2.995258 -1.967576 0.117577
      vertex -2.995043 -1.936416 -0.007400
    endloop
  endfacet
  facet normal -0.982917 0.157286 0.095574
    outer loop
      vertex -2.985739 -2.008969 0.283592
      vertex -2.981579 -1.986257 0.288996
      vertex -2.995258 -1.967576 0.117577
    endloop
  endfacet
  facet normal -0.921898 -0.340669 -0.184522
    outer loop
      vertex -2.986688 -1.941537 -0.105662
      vertex -2.963742 -1.884025 -0.326480
      vertex -2.952076 -1.903811 -0.348236
    endloop
  endfacet
  facet normal -0.996412 -0.002289 -0.084605
    outer loop
      vertex -2.971455 -1.866682 -0.287088
      vertex -2.986688 -1.941537 -0.105662
      vertex -2.995043 -1.936416 -0.007400
    endloop
  endfacet
  facet normal 0.657841 0.446059 -0.606858
    outer loop
      vertex -2.394834 -1.507242 -1.595840
      vertex -2.405712 -1.532757 -1.626387
      vertex -2.430041 -1.511983 -1.637490
    endloop
  endfacet
  facet normal 0.786200 0.357913 -0.503775
    outer loop
      vertex -2.364160 -1.545527 -1.575170
      vertex -2.394834 -1.507242 -1.595840
      vertex -2.364159 -1.518458 -1.555936
    endloop
  endfacet
  facet normal -0.461820 -0.417441 -0.782602
    outer loop
      vertex -2.525855 -1.538222 -1.658742
      vertex -2.514106 -1.539488 -1.664999
      vertex -2.533196 -1.553678 -1.646165
    endloop
  endfacet
  facet normal -0.284994 -0.045796 -0.957435
    outer loop
      vertex -2.517563 -1.530967 -1.664378
      vertex -2.514411 -1.531438 -1.665294
      vertex -2.514106 -1.539488 -1.664999
    endloop
  endfacet
  facet normal -0.257104 0.139017 -0.956333
    outer loop
      vertex -2.514519 -1.523357 -1.664090
      vertex -2.514411 -1.531438 -1.665294
      vertex -2.517563 -1.530967 -1.664378
    endloop
  endfacet
  facet normal 0.041066 0.455578 -0.889248
    outer loop
      vertex -2.514519 -1.523357 -1.664090
      vertex -2.514194 -1.514114 -1.659340
      vertex -2.469618 -1.523815 -1.662251
    endloop
  endfacet
  facet normal 0.029123 0.445418 -0.894849
    outer loop
      vertex -2.514194 -1.514114 -1.659340
      vertex -2.515287 -1.505151 -1.654914
      vertex -2.469425 -1.507134 -1.654409
    endloop
  endfacet
  facet normal 0.373023 0.619339 -0.690849
    outer loop
      vertex -2.469425 -1.507134 -1.654409
      vertex -2.429410 -1.498689 -1.625231
      vertex -2.430041 -1.511983 -1.637490
    endloop
  endfacet
  facet normal -0.705061 -0.542191 -0.457075
    outer loop
      vertex -2.594637 -1.578552 -1.555201
      vertex -2.663747 -1.624478 -1.394116
      vertex -2.608719 -1.574626 -1.538135
    endloop
  endfacet
  facet normal -0.829738 -0.410462 -0.378227
    outer loop
      vertex -2.663747 -1.624478 -1.394116
      vertex -2.771127 -1.699220 -1.077437
      vertex -2.680279 -1.615261 -1.367849
    endloop
  endfacet
  facet normal -0.627878 -0.545134 -0.555516
    outer loop
      vertex -2.554033 -1.551757 -1.627387
      vertex -2.594637 -1.578552 -1.555201
      vertex -2.563693 -1.550115 -1.618081
    endloop
  endfacet
  facet normal -0.546361 -0.469408 -0.693647
    outer loop
      vertex -2.554033 -1.551757 -1.627387
      vertex -2.537815 -1.536848 -1.650251
      vertex -2.525855 -1.538222 -1.658742
    endloop
  endfacet
  facet normal -0.957922 -0.065125 -0.279543
    outer loop
      vertex -2.771127 -1.699220 -1.077437
      vertex -2.907883 -1.840905 -0.575802
      vertex -2.862266 -1.750470 -0.753189
    endloop
  endfacet
  facet normal -0.941710 -0.225202 -0.249934
    outer loop
      vertex -2.907883 -1.840905 -0.575802
      vertex -2.963742 -1.884025 -0.326480
      vertex -2.917817 -1.824249 -0.553379
    endloop
  endfacet
  facet normal -0.240290 0.962993 0.122086
    outer loop
      vertex -2.701831 -1.582549 -1.170644
      vertex -2.791036 -1.661011 -0.727322
      vertex -2.601612 -1.603359 -0.809247
    endloop
  endfacet
  facet normal -0.376382 0.918858 0.118478
    outer loop
      vertex -2.791036 -1.661011 -0.727322
      vertex -2.831545 -1.680159 -0.707508
      vertex -2.824122 -1.701064 -0.521796
    endloop
  endfacet
  facet normal -0.484726 0.866771 0.117256
    outer loop
      vertex -2.545812 -1.511405 -1.258314
      vertex -2.587724 -1.538312 -1.232667
      vertex -2.601612 -1.603359 -0.809247
    endloop
  endfacet
  facet normal -0.736460 0.669051 0.099989
    outer loop
      vertex -2.507051 -1.495355 -1.080214
      vertex -2.520033 -1.479276 -1.283422
      vertex -2.545812 -1.511405 -1.258314
    endloop
  endfacet
  facet normal -0.457518 0.862694 0.215490
    outer loop
      vertex -2.905465 -1.809919 -0.102103
      vertex -2.951231 -1.835478 -0.096950
      vertex -2.902986 -1.859064 0.099906
    endloop
  endfacet
  facet normal -0.436607 0.864013 0.250711
    outer loop
      vertex -2.902986 -1.859064 0.099906
      vertex -2.951491 -1.883667 0.100224
      vertex -2.937573 -1.935051 0.301543
    endloop
  endfacet
  facet normal -0.487095 0.856326 0.171592
    outer loop
      vertex -2.895594 -1.763994 -0.303269
      vertex -2.937547 -1.790013 -0.292514
      vertex -2.905465 -1.809919 -0.102103
    endloop
  endfacet
  facet normal -0.529729 0.840167 0.116219
    outer loop
      vertex -2.871618 -1.721124 -0.503907
      vertex -2.908806 -1.746695 -0.488553
      vertex -2.895594 -1.763994 -0.303269
    endloop
  endfacet
  facet normal -0.348080 0.929933 0.118593
    outer loop
      vertex -2.831545 -1.680159 -0.707508
      vertex -2.871618 -1.721124 -0.503907
      vertex -2.824122 -1.701064 -0.521796
    endloop
  endfacet
  facet normal -0.660646 0.695815 0.281759
    outer loop
      vertex -2.937573 -1.935051 0.301543
      vertex -2.942287 -2.019767 0.499701
      vertex -2.907148 -1.989665 0.507755
    endloop
  endfacet
  facet normal -0.837462 0.444964 0.317276
    outer loop
      vertex -2.903100 -2.092762 0.705510
      vertex -2.891841 -2.075493 0.711007
      vertex -2.942287 -2.019767 0.499701
    endloop
  endfacet
  facet normal 0.348220 0.889552 0.295704
    outer loop
      vertex -0.497502 -1.665133 0.073241
      vertex -0.590226 -1.781841 0.533519
      vertex -0.557659 -1.793250 0.529491
    endloop
  endfacet
  facet normal 0.387354 0.888323 0.246655
    outer loop
      vertex -0.433253 -1.551389 -0.437306
      vertex -0.527101 -1.652117 0.072848
      vertex -0.497502 -1.665133 0.073241
    endloop
  endfacet
  facet normal 0.462349 0.866086 0.190075
    outer loop
      vertex -0.378618 -1.476914 -0.909552
      vertex -0.457271 -1.536047 -0.448787
      vertex -0.433253 -1.551389 -0.437306
    endloop
  endfacet
  facet normal 0.307819 0.933254 0.185162
    outer loop
      vertex -0.457271 -1.536047 -0.448787
      vertex -0.395504 -1.461267 -0.928378
      vertex -0.445690 -1.477746 -0.761889
    endloop
  endfacet
  facet normal -0.147143 0.984832 0.091955
    outer loop
      vertex -0.445690 -1.477746 -0.761889
      vertex -0.430643 -1.441560 -1.125361
      vertex -0.487702 -1.474816 -0.860500
    endloop
  endfacet
  facet normal -0.392429 0.918408 0.050260
    outer loop
      vertex -0.461210 -1.449501 -1.116238
      vertex -0.512590 -1.473671 -1.075743
      vertex -0.487702 -1.474816 -0.860500
    endloop
  endfacet
  facet normal 0.300358 0.900299 -0.315035
    outer loop
      vertex -2.421054 -1.459306 -1.525794
      vertex -2.465676 -1.474122 -1.610675
      vertex -2.458498 -1.452196 -1.541173
    endloop
  endfacet
  facet normal 0.140629 0.981777 -0.127813
    outer loop
      vertex -2.458498 -1.452196 -1.541173
      vertex -2.497424 -1.443267 -1.515417
      vertex -2.442819 -1.435973 -1.399311
    endloop
  endfacet
  facet normal 0.110604 0.992979 -0.041940
    outer loop
      vertex -2.442819 -1.435973 -1.399311
      vertex -2.482554 -1.431600 -1.400551
      vertex -2.473489 -1.429707 -1.331830
    endloop
  endfacet
  facet normal -0.143799 0.989572 -0.008288
    outer loop
      vertex -2.482554 -1.431600 -1.400551
      vertex -2.484395 -1.431316 -1.334674
      vertex -2.473489 -1.429707 -1.331830
    endloop
  endfacet
  facet normal -0.449643 0.893038 -0.017465
    outer loop
      vertex -2.504216 -1.444852 -1.516512
      vertex -2.492102 -1.435091 -1.329297
      vertex -2.484395 -1.431316 -1.334674
    endloop
  endfacet
  facet normal 0.275227 0.912089 -0.303882
    outer loop
      vertex -2.421054 -1.459306 -1.525794
      vertex -2.427069 -1.480291 -1.594224
      vertex -2.465676 -1.474122 -1.610675
    endloop
  endfacet
  facet normal 0.611632 0.747133 -0.260188
    outer loop
      vertex -2.394834 -1.507242 -1.595840
      vertex -2.427069 -1.480291 -1.594224
      vertex -2.364159 -1.518458 -1.555936
    endloop
  endfacet
  facet normal -0.741760 0.670233 0.024095
    outer loop
      vertex -2.502679 -1.447341 -1.314153
      vertex -2.492102 -1.435091 -1.329297
      vertex -2.509245 -1.447449 -1.513299
    endloop
  endfacet
  facet normal -0.829729 0.548814 0.101749
    outer loop
      vertex -2.484555 -1.456449 -1.117229
      vertex -2.502679 -1.447341 -1.314153
      vertex -2.520033 -1.479276 -1.283422
    endloop
  endfacet
  facet normal 0.599802 0.775508 -0.197040
    outer loop
      vertex -0.268702 -1.528764 -1.611383
      vertex -0.278579 -1.522292 -1.615976
      vertex -0.231768 -1.539604 -1.541619
    endloop
  endfacet
  facet normal 0.725406 0.668023 -0.165925
    outer loop
      vertex -0.188997 -1.553417 -1.410238
      vertex -0.177140 -1.564184 -1.401748
      vertex -0.231768 -1.539604 -1.541619
    endloop
  endfacet
  facet normal 0.605245 0.796037 0.002114
    outer loop
      vertex -0.096451 -1.613538 -1.140982
      vertex -0.010343 -1.680159 -0.707508
      vertex 0.021153 -1.704153 -0.689814
    endloop
  endfacet
  facet normal 0.691870 0.717771 -0.078236
    outer loop
      vertex -0.177140 -1.564184 -1.401748
      vertex -0.115637 -1.596598 -1.155237
      vertex -0.096451 -1.613538 -1.140982
    endloop
  endfacet
  facet normal 0.794423 0.605070 -0.052750
    outer loop
      vertex 0.066919 -1.746695 -0.488553
      vertex 0.032541 -1.718428 -0.682053
      vertex 0.021153 -1.704153 -0.689814
    endloop
  endfacet
  facet normal 0.740440 0.670949 0.039705
    outer loop
      vertex 0.095659 -1.790013 -0.292514
      vertex 0.080515 -1.762079 -0.482153
      vertex 0.066919 -1.746695 -0.488553
    endloop
  endfacet
  facet normal 0.877889 0.477857 -0.031050
    outer loop
      vertex 0.111185 -1.805844 -0.288569
      vertex 0.090176 -1.779477 -0.476778
      vertex 0.080515 -1.762079 -0.482153
    endloop
  endfacet
  facet normal 0.850027 0.526314 -0.021151
    outer loop
      vertex 0.111185 -1.805844 -0.288569
      vertex 0.122414 -1.823867 -0.285764
      vertex 0.090176 -1.779477 -0.476778
    endloop
  endfacet
  facet normal 0.701392 0.444877 -0.556897
    outer loop
      vertex -0.307579 -1.525134 -1.656960
      vertex -0.267683 -1.535582 -1.615058
      vertex -0.289015 -1.532477 -1.639445
    endloop
  endfacet
  facet normal 0.602399 -0.228770 -0.764708
    outer loop
      vertex -0.308754 -1.528167 -1.656284
      vertex -0.289015 -1.532477 -1.639445
      vertex -0.293400 -1.534402 -1.642323
    endloop
  endfacet
  facet normal 0.614176 -0.198012 -0.763923
    outer loop
      vertex -0.308754 -1.528167 -1.656284
      vertex -0.293400 -1.534402 -1.642323
      vertex -0.298481 -1.535819 -1.646042
    endloop
  endfacet
  facet normal 0.765159 0.364429 -0.530775
    outer loop
      vertex -0.265108 -1.532756 -1.609407
      vertex -0.267683 -1.535582 -1.615058
      vertex -0.290980 -1.525211 -1.641523
    endloop
  endfacet
  facet normal 0.750821 0.426017 -0.504755
    outer loop
      vertex -0.265108 -1.532756 -1.609407
      vertex -0.290980 -1.525211 -1.641523
      vertex -0.268702 -1.528764 -1.611383
    endloop
  endfacet
  facet normal 0.745033 0.660625 0.092199
    outer loop
      vertex 0.109343 -1.835478 -0.096950
      vertex 0.139171 -1.869235 -0.096100
      vertex 0.122414 -1.823867 -0.285764
    endloop
  endfacet
  facet normal 0.738893 0.656679 0.151031
    outer loop
      vertex 0.141961 -1.916577 0.096091
      vertex 0.139171 -1.869235 -0.096100
      vertex 0.109343 -1.835478 -0.096950
    endloop
  endfacet
  facet normal 0.687369 0.693089 0.217142
    outer loop
      vertex 0.141961 -1.916577 0.096091
      vertex 0.095685 -1.935051 0.301543
      vertex 0.129854 -1.966734 0.294511
    endloop
  endfacet
  facet normal 0.661050 0.698013 0.275300
    outer loop
      vertex 0.129854 -1.966734 0.294511
      vertex 0.065260 -1.989665 0.507755
      vertex 0.100399 -2.019767 0.499701
    endloop
  endfacet
  facet normal 0.632018 0.698731 0.335153
    outer loop
      vertex 0.100399 -2.019767 0.499701
      vertex 0.014901 -2.047386 0.718511
      vertex 0.049953 -2.075493 0.711007
    endloop
  endfacet
  facet normal 0.313045 0.879319 0.358888
    outer loop
      vertex -0.060195 -2.107867 0.932199
      vertex 0.014901 -2.047386 0.718511
      vertex -0.092628 -2.010864 0.722821
    endloop
  endfacet
  facet normal 0.302558 0.862555 0.405533
    outer loop
      vertex -0.167145 -2.170249 1.144676
      vertex -0.060195 -2.107867 0.932199
      vertex -0.159772 -2.073921 0.934289
    endloop
  endfacet
  facet normal 0.142606 0.924133 0.354461
    outer loop
      vertex -0.253615 -2.139595 1.143266
      vertex -0.159772 -2.073921 0.934289
      vertex -0.400241 -2.032950 0.924216
    endloop
  endfacet
  facet normal 0.145807 0.910605 0.386704
    outer loop
      vertex -0.313213 -2.173070 1.244564
      vertex -0.253615 -2.139595 1.143266
      vertex -0.459633 -2.100704 1.129365
    endloop
  endfacet
  facet normal 0.146700 0.897104 0.416753
    outer loop
      vertex -0.383155 -2.206599 1.341357
      vertex -0.313213 -2.173070 1.244564
      vertex -0.496682 -2.135767 1.228848
    endloop
  endfacet
  facet normal 0.477791 0.810282 0.339350
    outer loop
      vertex -0.496836 -1.829539 0.516440
      vertex -0.560452 -1.966133 0.932158
      vertex -0.492808 -2.003055 0.925079
    endloop
  endfacet
  facet normal 0.285481 0.881893 0.375187
    outer loop
      vertex -0.459633 -2.100704 1.129365
      vertex -0.492808 -2.003055 0.925079
      vertex -0.540126 -2.073796 1.127363
    endloop
  endfacet
  facet normal 0.279957 0.867972 0.410180
    outer loop
      vertex -0.496682 -2.135767 1.228848
      vertex -0.459633 -2.100704 1.129365
      vertex -0.540126 -2.073796 1.127363
    endloop
  endfacet
  facet normal 0.535465 0.792094 0.293026
    outer loop
      vertex -0.497502 -1.665133 0.073241
      vertex -0.557659 -1.793250 0.529491
      vertex -0.496836 -1.829539 0.516440
    endloop
  endfacet
  facet normal 0.499326 -0.098108 -0.860842
    outer loop
      vertex -0.324324 -1.530967 -1.664378
      vertex -0.316033 -1.538222 -1.658742
      vertex -0.327731 -1.539485 -1.665383
    endloop
  endfacet
  facet normal 0.088465 0.072974 -0.993403
    outer loop
      vertex -0.327368 -1.523357 -1.664090
      vertex -0.324044 -1.526864 -1.664052
      vertex -0.324324 -1.530967 -1.664378
    endloop
  endfacet
  facet normal 0.388091 0.308135 -0.868584
    outer loop
      vertex -0.327499 -1.513443 -1.660632
      vertex -0.325770 -1.514429 -1.660209
      vertex -0.327368 -1.523357 -1.664090
    endloop
  endfacet
  facet normal 0.607402 0.397933 -0.687541
    outer loop
      vertex -0.327791 -1.505985 -1.656573
      vertex -0.324767 -1.506528 -1.654215
      vertex -0.327499 -1.513443 -1.660632
    endloop
  endfacet
  facet normal -0.054497 0.555381 -0.829808
    outer loop
      vertex -0.372463 -1.507134 -1.654409
      vertex -0.327935 -1.503424 -1.654850
      vertex -0.327791 -1.505985 -1.656573
    endloop
  endfacet
  facet normal -0.081405 0.878560 -0.470643
    outer loop
      vertex -0.332241 -1.472175 -1.614646
      vertex -0.331218 -1.476828 -1.623509
      vertex -0.376212 -1.474122 -1.610675
    endloop
  endfacet
  facet normal -0.094945 0.841663 -0.531592
    outer loop
      vertex -0.331218 -1.476828 -1.623509
      vertex -0.330162 -1.482644 -1.632906
      vertex -0.373329 -1.493309 -1.642082
    endloop
  endfacet
  facet normal -0.074873 0.646622 -0.759127
    outer loop
      vertex -0.373329 -1.493309 -1.642082
      vertex -0.328461 -1.496405 -1.649144
      vertex -0.328142 -1.500336 -1.652525
    endloop
  endfacet
  facet normal -0.057748 0.598025 -0.799394
    outer loop
      vertex -0.372463 -1.507134 -1.654409
      vertex -0.328142 -1.500336 -1.652525
      vertex -0.327935 -1.503424 -1.654850
    endloop
  endfacet
  facet normal -0.112544 0.990700 -0.076465
    outer loop
      vertex -0.355853 -1.433213 -1.427159
      vertex -0.399068 -1.435973 -1.399311
      vertex -0.359332 -1.431555 -1.400551
    endloop
  endfacet
  facet normal -0.134870 0.982172 -0.130950
    outer loop
      vertex -0.344094 -1.443753 -1.518316
      vertex -0.383389 -1.452196 -1.541173
      vertex -0.355853 -1.433213 -1.427159
    endloop
  endfacet
  facet normal -0.095371 0.962501 -0.253961
    outer loop
      vertex -0.340949 -1.448521 -1.543184
      vertex -0.337857 -1.454769 -1.568022
      vertex -0.383389 -1.452196 -1.541173
    endloop
  endfacet
  facet normal -0.073442 0.931381 -0.356561
    outer loop
      vertex -0.337857 -1.454769 -1.568022
      vertex -0.332241 -1.472175 -1.614646
      vertex -0.376212 -1.474122 -1.610675
    endloop
  endfacet
  facet normal -0.254082 0.967135 -0.009561
    outer loop
      vertex -0.399068 -1.435973 -1.399311
      vertex -0.461210 -1.449501 -1.116238
      vertex -0.430643 -1.441560 -1.125361
    endloop
  endfacet
  facet normal 0.517372 -0.350445 -0.780714
    outer loop
      vertex -0.311545 -1.528996 -1.657761
      vertex -0.308754 -1.528167 -1.656284
      vertex -0.298481 -1.535819 -1.646042
    endloop
  endfacet
  facet normal 0.518084 -0.280033 -0.808190
    outer loop
      vertex -0.314587 -1.529628 -1.659492
      vertex -0.311545 -1.528996 -1.657761
      vertex -0.304072 -1.536848 -1.650251
    endloop
  endfacet
  facet normal 0.485704 -0.156854 -0.859935
    outer loop
      vertex -0.321066 -1.530551 -1.662984
      vertex -0.314587 -1.529628 -1.659492
      vertex -0.316033 -1.538222 -1.658742
    endloop
  endfacet
  facet normal -0.863822 0.399964 0.306335
    outer loop
      vertex -2.903100 -2.092762 0.705510
      vertex -2.942287 -2.019767 0.499701
      vertex -2.952983 -2.038324 0.493768
    endloop
  endfacet
  facet normal -0.894367 0.387538 0.223435
    outer loop
      vertex -2.952983 -2.038324 0.493768
      vertex -2.971742 -1.966734 0.294511
      vertex -2.981579 -1.986257 0.288996
    endloop
  endfacet
  facet normal -0.994197 0.104772 0.024416
    outer loop
      vertex -2.995258 -1.967576 0.117577
      vertex -2.992640 -1.936774 0.092005
      vertex -2.995043 -1.936416 -0.007400
    endloop
  endfacet
  facet normal -0.981885 0.163274 0.096144
    outer loop
      vertex -2.981579 -1.986257 0.288996
      vertex -2.992640 -1.936774 0.092005
      vertex -2.995258 -1.967576 0.117577
    endloop
  endfacet
  facet normal -0.982351 -0.128813 -0.135627
    outer loop
      vertex -2.963742 -1.884025 -0.326480
      vertex -2.986688 -1.941537 -0.105662
      vertex -2.971455 -1.866682 -0.287088
    endloop
  endfacet
  facet normal -0.993974 -0.051616 -0.096698
    outer loop
      vertex -2.971455 -1.866682 -0.287088
      vertex -2.995043 -1.936416 -0.007400
      vertex -2.988684 -1.889802 -0.097643
    endloop
  endfacet
  facet normal 0.626292 0.512199 -0.587717
    outer loop
      vertex -2.394834 -1.507242 -1.595840
      vertex -2.430041 -1.511983 -1.637490
      vertex -2.429410 -1.498689 -1.625231
    endloop
  endfacet
  facet normal -0.477450 -0.164077 -0.863204
    outer loop
      vertex -2.520822 -1.530551 -1.662984
      vertex -2.514106 -1.539488 -1.664999
      vertex -2.525855 -1.538222 -1.658742
    endloop
  endfacet
  facet normal -0.401969 -0.096681 -0.910535
    outer loop
      vertex -2.520822 -1.530551 -1.662984
      vertex -2.517563 -1.530967 -1.664378
      vertex -2.514106 -1.539488 -1.664999
    endloop
  endfacet
  facet normal -0.088465 0.072974 -0.993403
    outer loop
      vertex -2.514519 -1.523357 -1.664090
      vertex -2.517563 -1.530967 -1.664378
      vertex -2.517843 -1.526864 -1.664052
    endloop
  endfacet
  facet normal 0.313964 0.425237 -0.848881
    outer loop
      vertex -2.514519 -1.523357 -1.664090
      vertex -2.516117 -1.514429 -1.660209
      vertex -2.514194 -1.514114 -1.659340
    endloop
  endfacet
  facet normal 0.305058 0.451301 -0.838610
    outer loop
      vertex -2.516117 -1.514429 -1.660209
      vertex -2.515287 -1.505151 -1.654914
      vertex -2.514194 -1.514114 -1.659340
    endloop
  endfacet
  facet normal 0.031911 0.520463 -0.853288
    outer loop
      vertex -2.515287 -1.505151 -1.654914
      vertex -2.513833 -1.503836 -1.654057
      vertex -2.469425 -1.507134 -1.654409
    endloop
  endfacet
  facet normal 0.384273 0.600860 -0.700929
    outer loop
      vertex -2.469425 -1.507134 -1.654409
      vertex -2.468558 -1.493309 -1.642082
      vertex -2.429410 -1.498689 -1.625231
    endloop
  endfacet
  facet normal -0.756684 -0.369391 -0.539425
    outer loop
      vertex -2.563693 -1.550115 -1.618081
      vertex -2.594637 -1.578552 -1.555201
      vertex -2.608719 -1.574626 -1.538135
    endloop
  endfacet
  facet normal -0.850995 -0.301965 -0.429679
    outer loop
      vertex -2.608719 -1.574626 -1.538135
      vertex -2.663747 -1.624478 -1.394116
      vertex -2.680279 -1.615261 -1.367849
    endloop
  endfacet
  facet normal -0.935423 -0.127878 -0.329592
    outer loop
      vertex -2.680279 -1.615261 -1.367849
      vertex -2.771127 -1.699220 -1.077437
      vertex -2.746074 -1.646829 -1.168869
    endloop
  endfacet
  facet normal -0.691009 -0.274070 -0.668874
    outer loop
      vertex -2.537815 -1.536848 -1.650251
      vertex -2.554033 -1.551757 -1.627387
      vertex -2.563693 -1.550115 -1.618081
    endloop
  endfacet
  facet normal -0.582636 -0.065684 -0.810074
    outer loop
      vertex -2.537815 -1.536848 -1.650251
      vertex -2.520822 -1.530551 -1.662984
      vertex -2.525855 -1.538222 -1.658742
    endloop
  endfacet
  facet normal -0.958642 -0.061512 -0.277887
    outer loop
      vertex -2.862266 -1.750470 -0.753189
      vertex -2.907883 -1.840905 -0.575802
      vertex -2.913246 -1.796880 -0.567046
    endloop
  endfacet
  facet normal -0.961888 -0.016377 -0.272953
    outer loop
      vertex -2.746074 -1.646829 -1.168869
      vertex -2.771127 -1.699220 -1.077437
      vertex -2.862266 -1.750470 -0.753189
    endloop
  endfacet
  facet normal -0.980553 0.009208 -0.196040
    outer loop
      vertex -2.917817 -1.824249 -0.553379
      vertex -2.963742 -1.884025 -0.326480
      vertex -2.971455 -1.866682 -0.287088
    endloop
  endfacet
  facet normal -0.923440 -0.036517 -0.382001
    outer loop
      vertex -2.907883 -1.840905 -0.575802
      vertex -2.917817 -1.824249 -0.553379
      vertex -2.913246 -1.796880 -0.567046
    endloop
  endfacet
  facet normal -0.392321 0.916059 0.083188
    outer loop
      vertex -2.701831 -1.582549 -1.170644
      vertex -2.831545 -1.680159 -0.707508
      vertex -2.791036 -1.661011 -0.727322
    endloop
  endfacet
  facet normal -0.293094 0.946394 0.135773
    outer loop
      vertex -2.587724 -1.538312 -1.232667
      vertex -2.701831 -1.582549 -1.170644
      vertex -2.601612 -1.603359 -0.809247
    endloop
  endfacet
  facet normal -0.516299 0.854763 0.053061
    outer loop
      vertex -2.571119 -1.514440 -1.455667
      vertex -2.587724 -1.538312 -1.232667
      vertex -2.545812 -1.511405 -1.258314
    endloop
  endfacet
  facet normal -0.762748 0.645291 0.042593
    outer loop
      vertex -2.545812 -1.511405 -1.258314
      vertex -2.520033 -1.479276 -1.283422
      vertex -2.545647 -1.497179 -1.470883
    endloop
  endfacet
  facet normal -0.465943 0.868467 0.169297
    outer loop
      vertex -2.937547 -1.790013 -0.292514
      vertex -2.951231 -1.835478 -0.096950
      vertex -2.905465 -1.809919 -0.102103
    endloop
  endfacet
  facet normal -0.440918 0.872020 0.212540
    outer loop
      vertex -2.951231 -1.835478 -0.096950
      vertex -2.951491 -1.883667 0.100224
      vertex -2.902986 -1.859064 0.099906
    endloop
  endfacet
  facet normal -0.687053 0.691242 0.223928
    outer loop
      vertex -2.951491 -1.883667 0.100224
      vertex -2.971742 -1.966734 0.294511
      vertex -2.937573 -1.935051 0.301543
    endloop
  endfacet
  facet normal -0.501896 0.857139 0.115818
    outer loop
      vertex -2.908806 -1.746695 -0.488553
      vertex -2.937547 -1.790013 -0.292514
      vertex -2.895594 -1.763994 -0.303269
    endloop
  endfacet
  facet normal -0.551615 0.832566 0.050550
    outer loop
      vertex -2.863040 -1.704153 -0.689814
      vertex -2.908806 -1.746695 -0.488553
      vertex -2.871618 -1.721124 -0.503907
    endloop
  endfacet
  facet normal -0.588678 0.807028 0.046509
    outer loop
      vertex -2.831545 -1.680159 -0.707508
      vertex -2.863040 -1.704153 -0.689814
      vertex -2.871618 -1.721124 -0.503907
    endloop
  endfacet
  facet normal -0.683715 0.676738 0.273055
    outer loop
      vertex -2.942287 -2.019767 0.499701
      vertex -2.937573 -1.935051 0.301543
      vertex -2.971742 -1.966734 0.294511
    endloop
  endfacet
  facet normal 0.638209 0.730487 0.243059
    outer loop
      vertex -0.389808 -1.596253 -0.416546
      vertex -0.433253 -1.551389 -0.437306
      vertex -0.497502 -1.665133 0.073241
    endloop
  endfacet
  facet normal 0.734724 0.651853 0.187801
    outer loop
      vertex -0.433253 -1.551389 -0.437306
      vertex -0.349867 -1.520098 -0.872141
      vertex -0.378618 -1.476914 -0.909552
    endloop
  endfacet
  facet normal 0.539035 0.818895 0.197109
    outer loop
      vertex -0.378618 -1.476914 -0.909552
      vertex -0.395504 -1.461267 -0.928378
      vertex -0.457271 -1.536047 -0.448787
    endloop
  endfacet
  facet normal 0.078547 0.989465 0.121615
    outer loop
      vertex -0.445690 -1.477746 -0.761889
      vertex -0.395504 -1.461267 -0.928378
      vertex -0.396063 -1.437011 -1.125367
    endloop
  endfacet
  facet normal -0.230529 0.970385 0.072177
    outer loop
      vertex -0.430643 -1.441560 -1.125361
      vertex -0.461210 -1.449501 -1.116238
      vertex -0.487702 -1.474816 -0.860500
    endloop
  endfacet
  facet normal -0.129863 0.987170 0.092903
    outer loop
      vertex -0.396063 -1.437011 -1.125367
      vertex -0.430643 -1.441560 -1.125361
      vertex -0.445690 -1.477746 -0.761889
    endloop
  endfacet
  facet normal 0.082927 0.947896 -0.307597
    outer loop
      vertex -2.458498 -1.452196 -1.541173
      vertex -2.465676 -1.474122 -1.610675
      vertex -2.509060 -1.470006 -1.609686
    endloop
  endfacet
  facet normal 0.037022 0.960181 -0.276913
    outer loop
      vertex -2.458498 -1.452196 -1.541173
      vertex -2.509060 -1.470006 -1.609686
      vertex -2.497424 -1.443267 -1.515417
    endloop
  endfacet
  facet normal 0.112223 0.987031 -0.114784
    outer loop
      vertex -2.442819 -1.435973 -1.399311
      vertex -2.497424 -1.443267 -1.515417
      vertex -2.482554 -1.431600 -1.400551
    endloop
  endfacet
  facet normal -0.455712 0.889973 -0.016575
    outer loop
      vertex -2.504216 -1.444852 -1.516512
      vertex -2.484395 -1.431316 -1.334674
      vertex -2.482554 -1.431600 -1.400551
    endloop
  endfacet
  facet normal -0.466823 0.884208 -0.015893
    outer loop
      vertex -2.504216 -1.444852 -1.516512
      vertex -2.509245 -1.447449 -1.513299
      vertex -2.492102 -1.435091 -1.329297
    endloop
  endfacet
  facet normal 0.344033 0.786885 -0.512302
    outer loop
      vertex -2.427069 -1.480291 -1.594224
      vertex -2.468558 -1.493309 -1.642082
      vertex -2.465676 -1.474122 -1.610675
    endloop
  endfacet
  facet normal 0.557932 0.694542 -0.454228
    outer loop
      vertex -2.429410 -1.498689 -1.625231
      vertex -2.427069 -1.480291 -1.594224
      vertex -2.394834 -1.507242 -1.595840
    endloop
  endfacet
  facet normal -0.741043 0.671026 0.024071
    outer loop
      vertex -2.502679 -1.447341 -1.314153
      vertex -2.509245 -1.447449 -1.513299
      vertex -2.516521 -1.455807 -1.504288
    endloop
  endfacet
  facet normal -0.859639 0.509045 0.043531
    outer loop
      vertex -2.520033 -1.479276 -1.283422
      vertex -2.502679 -1.447341 -1.314153
      vertex -2.528820 -1.476796 -1.485940
    endloop
  endfacet
  facet normal 0.625457 0.665914 -0.406648
    outer loop
      vertex -0.298709 -1.521235 -1.645208
      vertex -0.278579 -1.522292 -1.615976
      vertex -0.268702 -1.528764 -1.611383
    endloop
  endfacet
  facet normal 0.666591 0.699827 -0.256707
    outer loop
      vertex -0.278579 -1.522292 -1.615976
      vertex -0.247832 -1.527709 -1.550903
      vertex -0.231768 -1.539604 -1.541619
    endloop
  endfacet
  facet normal 0.573352 0.813038 -0.101177
    outer loop
      vertex -0.231768 -1.539604 -1.541619
      vertex -0.203622 -1.544235 -1.419327
      vertex -0.188997 -1.553417 -1.410238
    endloop
  endfacet
  facet normal 0.701508 0.707936 -0.081934
    outer loop
      vertex -0.177140 -1.564184 -1.401748
      vertex -0.188997 -1.553417 -1.410238
      vertex -0.115637 -1.596598 -1.155237
    endloop
  endfacet
  facet normal 0.593044 0.804402 0.035177
    outer loop
      vertex 0.021153 -1.704153 -0.689814
      vertex -0.010343 -1.680159 -0.707508
      vertex 0.066919 -1.746695 -0.488553
    endloop
  endfacet
  facet normal 0.669601 0.742481 -0.018901
    outer loop
      vertex -0.096451 -1.613538 -1.140982
      vertex -0.115637 -1.596598 -1.155237
      vertex -0.010343 -1.680159 -0.707508
    endloop
  endfacet
  facet normal 0.532845 0.839376 0.107356
    outer loop
      vertex 0.066919 -1.746695 -0.488553
      vertex 0.029731 -1.721124 -0.503907
      vertex 0.095659 -1.790013 -0.292514
    endloop
  endfacet
  facet normal 0.707222 0.705398 0.047432
    outer loop
      vertex 0.095659 -1.790013 -0.292514
      vertex 0.111185 -1.805844 -0.288569
      vertex 0.080515 -1.762079 -0.482153
    endloop
  endfacet
  facet normal 0.838790 0.536784 0.091075
    outer loop
      vertex 0.109343 -1.835478 -0.096950
      vertex 0.122414 -1.823867 -0.285764
      vertex 0.111185 -1.805844 -0.288569
    endloop
  endfacet
  facet normal 0.643442 -0.324173 -0.693466
    outer loop
      vertex -0.307579 -1.525134 -1.656960
      vertex -0.290980 -1.525211 -1.641523
      vertex -0.267683 -1.535582 -1.615058
    endloop
  endfacet
  facet normal 0.551211 -0.379222 -0.743207
    outer loop
      vertex -0.307579 -1.525134 -1.656960
      vertex -0.289015 -1.532477 -1.639445
      vertex -0.308754 -1.528167 -1.656284
    endloop
  endfacet
  facet normal 0.516284 0.807085 -0.286467
    outer loop
      vertex -0.293095 -1.524505 -1.643346
      vertex -0.268702 -1.528764 -1.611383
      vertex -0.290980 -1.525211 -1.641523
    endloop
  endfacet
  facet normal 0.713549 0.680791 0.165443
    outer loop
      vertex 0.109603 -1.883667 0.100224
      vertex 0.141961 -1.916577 0.096091
      vertex 0.109343 -1.835478 -0.096950
    endloop
  endfacet
  facet normal 0.709270 0.669736 0.219975
    outer loop
      vertex 0.095685 -1.935051 0.301543
      vertex 0.141961 -1.916577 0.096091
      vertex 0.109603 -1.883667 0.100224
    endloop
  endfacet
  facet normal 0.683141 0.674691 0.279484
    outer loop
      vertex 0.065260 -1.989665 0.507755
      vertex 0.129854 -1.966734 0.294511
      vertex 0.095685 -1.935051 0.301543
    endloop
  endfacet
  facet normal 0.655420 0.673824 0.341154
    outer loop
      vertex 0.100399 -2.019767 0.499701
      vertex 0.065260 -1.989665 0.507755
      vertex 0.014901 -2.047386 0.718511
    endloop
  endfacet
  facet normal 0.314413 0.885253 0.342742
    outer loop
      vertex 0.014901 -2.047386 0.718511
      vertex 0.015108 -1.967341 0.511576
      vertex -0.092628 -2.010864 0.722821
    endloop
  endfacet
  facet normal 0.307762 0.880605 0.360302
    outer loop
      vertex -0.060195 -2.107867 0.932199
      vertex -0.092628 -2.010864 0.722821
      vertex -0.159772 -2.073921 0.934289
    endloop
  endfacet
  facet normal 0.146054 0.935980 0.320328
    outer loop
      vertex -0.159772 -2.073921 0.934289
      vertex -0.355632 -1.968252 0.714832
      vertex -0.400241 -2.032950 0.924216
    endloop
  endfacet
  facet normal 0.151022 0.924814 0.349159
    outer loop
      vertex -0.253615 -2.139595 1.143266
      vertex -0.400241 -2.032950 0.924216
      vertex -0.459633 -2.100704 1.129365
    endloop
  endfacet
  facet normal 0.153137 0.912749 0.378733
    outer loop
      vertex -0.313213 -2.173070 1.244564
      vertex -0.459633 -2.100704 1.129365
      vertex -0.496682 -2.135767 1.228848
    endloop
  endfacet
  facet normal 0.443211 0.826678 0.346653
    outer loop
      vertex -0.496836 -1.829539 0.516440
      vertex -0.492808 -2.003055 0.925079
      vertex -0.455490 -1.936027 0.717521
    endloop
  endfacet
  facet normal 0.288122 0.881331 0.374489
    outer loop
      vertex -0.459633 -2.100704 1.129365
      vertex -0.400241 -2.032950 0.924216
      vertex -0.492808 -2.003055 0.925079
    endloop
  endfacet
  facet normal 0.582156 0.762602 0.282015
    outer loop
      vertex -0.442598 -1.705717 0.069648
      vertex -0.497502 -1.665133 0.073241
      vertex -0.496836 -1.829539 0.516440
    endloop
  endfacet
  facet normal 0.407432 -0.222468 -0.885724
    outer loop
      vertex -0.324324 -1.530967 -1.664378
      vertex -0.321066 -1.530551 -1.662984
      vertex -0.316033 -1.538222 -1.658742
    endloop
  endfacet
  facet normal 0.387906 0.046734 -0.920513
    outer loop
      vertex -0.324044 -1.526864 -1.664052
      vertex -0.321066 -1.530551 -1.662984
      vertex -0.324324 -1.530967 -1.664378
    endloop
  endfacet
  facet normal 0.334189 0.306988 -0.891109
    outer loop
      vertex -0.327368 -1.523357 -1.664090
      vertex -0.320668 -1.526318 -1.662597
      vertex -0.324044 -1.526864 -1.664052
    endloop
  endfacet
  facet normal 0.463011 0.497618 -0.733483
    outer loop
      vertex -0.327499 -1.513443 -1.660632
      vertex -0.324767 -1.506528 -1.654215
      vertex -0.325770 -1.514429 -1.660209
    endloop
  endfacet
  facet normal 0.399171 0.304520 -0.864829
    outer loop
      vertex -0.325770 -1.514429 -1.660209
      vertex -0.323210 -1.516136 -1.659628
      vertex -0.327368 -1.523357 -1.664090
    endloop
  endfacet
  facet normal 0.541375 0.637962 -0.547647
    outer loop
      vertex -0.324222 -1.493189 -1.638139
      vertex -0.324767 -1.506528 -1.654215
      vertex -0.327791 -1.505985 -1.656573
    endloop
  endfacet
  facet normal 0.990594 -0.033567 0.132650
    outer loop
      vertex -0.328142 -1.500336 -1.652525
      vertex -0.327791 -1.505985 -1.656573
      vertex -0.327935 -1.503424 -1.654850
    endloop
  endfacet
  facet normal 0.458271 0.807629 -0.371111
    outer loop
      vertex -0.330136 -1.467660 -1.602221
      vertex -0.331218 -1.476828 -1.623509
      vertex -0.332241 -1.472175 -1.614646
    endloop
  endfacet
  facet normal -0.074841 0.806963 -0.585840
    outer loop
      vertex -0.330162 -1.482644 -1.632906
      vertex -0.329680 -1.485806 -1.637323
      vertex -0.373329 -1.493309 -1.642082
    endloop
  endfacet
  facet normal 0.882647 0.437562 -0.171682
    outer loop
      vertex -0.331218 -1.476828 -1.623509
      vertex -0.327832 -1.490328 -1.640510
      vertex -0.330162 -1.482644 -1.632906
    endloop
  endfacet
  facet normal -0.059127 0.720132 -0.691314
    outer loop
      vertex -0.329233 -1.489148 -1.641519
      vertex -0.328461 -1.496405 -1.649144
      vertex -0.373329 -1.493309 -1.642082
    endloop
  endfacet
  facet normal 0.897776 0.326741 -0.295362
    outer loop
      vertex -0.327832 -1.490328 -1.640510
      vertex -0.328142 -1.500336 -1.652525
      vertex -0.328461 -1.496405 -1.649144
    endloop
  endfacet
  facet normal -0.111759 0.992762 -0.043967
    outer loop
      vertex -0.359332 -1.431555 -1.400551
      vertex -0.399068 -1.435973 -1.399311
      vertex -0.367625 -1.429703 -1.337652
    endloop
  endfacet
  facet normal 0.346883 0.937817 -0.013095
    outer loop
      vertex -0.357492 -1.431316 -1.334674
      vertex -0.355853 -1.433213 -1.427159
      vertex -0.359332 -1.431555 -1.400551
    endloop
  endfacet
  facet normal 0.192050 0.977411 -0.088229
    outer loop
      vertex -0.337672 -1.444852 -1.516512
      vertex -0.344094 -1.443753 -1.518316
      vertex -0.355853 -1.433213 -1.427159
    endloop
  endfacet
  facet normal -0.093889 0.975503 -0.198942
    outer loop
      vertex -0.344094 -1.443753 -1.518316
      vertex -0.340949 -1.448521 -1.543184
      vertex -0.383389 -1.452196 -1.541173
    endloop
  endfacet
  facet normal 0.411979 0.894485 -0.173695
    outer loop
      vertex -0.337672 -1.444852 -1.516512
      vertex -0.337857 -1.454769 -1.568022
      vertex -0.340949 -1.448521 -1.543184
    endloop
  endfacet
  facet normal 0.032214 0.937621 -0.346162
    outer loop
      vertex -0.337857 -1.454769 -1.568022
      vertex -0.330136 -1.467660 -1.602221
      vertex -0.332241 -1.472175 -1.614646
    endloop
  endfacet
  facet normal -0.183134 0.983087 -0.001058
    outer loop
      vertex -0.399068 -1.435973 -1.399311
      vertex -0.430643 -1.441560 -1.125361
      vertex -0.389506 -1.433949 -1.173973
    endloop
  endfacet
  facet normal 0.479097 -0.051220 -0.876266
    outer loop
      vertex -0.317616 -1.525502 -1.661285
      vertex -0.308754 -1.528167 -1.656284
      vertex -0.311545 -1.528996 -1.657761
    endloop
  endfacet
  facet normal 0.482741 0.067911 -0.873126
    outer loop
      vertex -0.320668 -1.526318 -1.662597
      vertex -0.311545 -1.528996 -1.657761
      vertex -0.314587 -1.529628 -1.659492
    endloop
  endfacet
  facet normal 0.470030 0.036330 -0.881902
    outer loop
      vertex -0.320668 -1.526318 -1.662597
      vertex -0.314587 -1.529628 -1.659492
      vertex -0.321066 -1.530551 -1.662984
    endloop
  endfacet
  facet normal -0.872665 0.427619 0.235792
    outer loop
      vertex -2.952983 -2.038324 0.493768
      vertex -2.942287 -2.019767 0.499701
      vertex -2.971742 -1.966734 0.294511
    endloop
  endfacet
  facet normal -0.899033 0.408350 0.158078
    outer loop
      vertex -2.981579 -1.986257 0.288996
      vertex -2.971742 -1.966734 0.294511
      vertex -2.983848 -1.916577 0.096091
    endloop
  endfacet
  facet normal -0.983108 0.181390 0.024423
    outer loop
      vertex -2.992640 -1.936774 0.092005
      vertex -2.988684 -1.889802 -0.097643
      vertex -2.995043 -1.936416 -0.007400
    endloop
  endfacet
  facet normal -0.917645 0.370194 0.144515
    outer loop
      vertex -2.981579 -1.986257 0.288996
      vertex -2.983848 -1.916577 0.096091
      vertex -2.992640 -1.936774 0.092005
    endloop
  endfacet
  facet normal -0.995432 0.042888 -0.085297
    outer loop
      vertex -2.971455 -1.866682 -0.287088
      vertex -2.988684 -1.889802 -0.097643
      vertex -2.970736 -1.844315 -0.284236
    endloop
  endfacet
  facet normal -0.387906 0.046734 -0.920513
    outer loop
      vertex -2.517843 -1.526864 -1.664052
      vertex -2.517563 -1.530967 -1.664378
      vertex -2.520822 -1.530551 -1.662984
    endloop
  endfacet
  facet normal -0.334448 0.307236 -0.890927
    outer loop
      vertex -2.522808 -1.525960 -1.661876
      vertex -2.514519 -1.523357 -1.664090
      vertex -2.517843 -1.526864 -1.664052
    endloop
  endfacet
  facet normal -0.399171 0.304520 -0.864829
    outer loop
      vertex -2.518678 -1.516136 -1.659628
      vertex -2.516117 -1.514429 -1.660209
      vertex -2.514519 -1.523357 -1.664090
    endloop
  endfacet
  facet normal -0.588770 0.439727 -0.678226
    outer loop
      vertex -2.517121 -1.506528 -1.654215
      vertex -2.515287 -1.505151 -1.654914
      vertex -2.516117 -1.514429 -1.660209
    endloop
  endfacet
  facet normal -0.216469 0.689565 -0.691117
    outer loop
      vertex -2.515287 -1.505151 -1.654914
      vertex -2.514055 -1.490328 -1.640510
      vertex -2.513833 -1.503836 -1.654057
    endloop
  endfacet
  facet normal 0.026841 0.456076 -0.889536
    outer loop
      vertex -2.513833 -1.503836 -1.654057
      vertex -2.514022 -1.500538 -1.652372
      vertex -2.469425 -1.507134 -1.654409
    endloop
  endfacet
  facet normal 0.325671 0.802127 -0.500530
    outer loop
      vertex -2.427069 -1.480291 -1.594224
      vertex -2.429410 -1.498689 -1.625231
      vertex -2.468558 -1.493309 -1.642082
    endloop
  endfacet
  facet normal 0.063802 0.661903 -0.746870
    outer loop
      vertex -2.514022 -1.500538 -1.652372
      vertex -2.468558 -1.493309 -1.642082
      vertex -2.469425 -1.507134 -1.654409
    endloop
  endfacet
  facet normal -0.663669 -0.523520 -0.534294
    outer loop
      vertex -2.563693 -1.550115 -1.618081
      vertex -2.608719 -1.574626 -1.538135
      vertex -2.572314 -1.547710 -1.609729
    endloop
  endfacet
  facet normal -0.779230 -0.451090 -0.435107
    outer loop
      vertex -2.608719 -1.574626 -1.538135
      vertex -2.680279 -1.615261 -1.367849
      vertex -2.619857 -1.568775 -1.524254
    endloop
  endfacet
  facet normal -0.942746 -0.078402 -0.324164
    outer loop
      vertex -2.665673 -1.584789 -1.417699
      vertex -2.680279 -1.615261 -1.367849
      vertex -2.746074 -1.646829 -1.168869
    endloop
  endfacet
  facet normal -0.585120 -0.466752 -0.663156
    outer loop
      vertex -2.563693 -1.550115 -1.618081
      vertex -2.543406 -1.535819 -1.646042
      vertex -2.537815 -1.536848 -1.650251
    endloop
  endfacet
  facet normal -0.483644 -0.332210 -0.809769
    outer loop
      vertex -2.537815 -1.536848 -1.650251
      vertex -2.527301 -1.529628 -1.659492
      vertex -2.520822 -1.530551 -1.662984
    endloop
  endfacet
  facet normal -0.966050 0.033933 -0.256118
    outer loop
      vertex -2.862266 -1.750470 -0.753189
      vertex -2.913246 -1.796880 -0.567046
      vertex -2.882388 -1.734468 -0.675172
    endloop
  endfacet
  facet normal -0.964976 0.045885 -0.258293
    outer loop
      vertex -2.746074 -1.646829 -1.168869
      vertex -2.862266 -1.750470 -0.753189
      vertex -2.882388 -1.734468 -0.675172
    endloop
  endfacet
  facet normal -0.979977 0.070742 -0.186119
    outer loop
      vertex -2.917817 -1.824249 -0.553379
      vertex -2.971455 -1.866682 -0.287088
      vertex -2.913246 -1.796880 -0.567046
    endloop
  endfacet
  facet normal -0.472624 0.879667 0.053027
    outer loop
      vertex -2.701831 -1.582549 -1.170644
      vertex -2.726251 -1.596598 -1.155237
      vertex -2.831545 -1.680159 -0.707508
    endloop
  endfacet
  facet normal -0.332244 0.941277 0.060098
    outer loop
      vertex -2.638266 -1.544235 -1.419327
      vertex -2.701831 -1.582549 -1.170644
      vertex -2.587724 -1.538312 -1.232667
    endloop
  endfacet
  facet normal -0.536988 0.841735 0.055914
    outer loop
      vertex -2.545647 -1.497179 -1.470883
      vertex -2.571119 -1.514440 -1.455667
      vertex -2.545812 -1.511405 -1.258314
    endloop
  endfacet
  facet normal -0.372031 0.925472 0.071373
    outer loop
      vertex -2.571119 -1.514440 -1.455667
      vertex -2.638266 -1.544235 -1.419327
      vertex -2.587724 -1.538312 -1.232667
    endloop
  endfacet
  facet normal -0.755518 0.653857 0.040787
    outer loop
      vertex -2.520033 -1.479276 -1.283422
      vertex -2.528820 -1.476796 -1.485940
      vertex -2.545647 -1.497179 -1.470883
    endloop
  endfacet
  facet normal -0.694434 0.710065 0.116484
    outer loop
      vertex -2.937547 -1.790013 -0.292514
      vertex -2.953073 -1.805844 -0.288569
      vertex -2.951231 -1.835478 -0.096950
    endloop
  endfacet
  facet normal -0.737811 0.655932 0.159336
    outer loop
      vertex -2.951491 -1.883667 0.100224
      vertex -2.951231 -1.835478 -0.096950
      vertex -2.981058 -1.869235 -0.096100
    endloop
  endfacet
  facet normal -0.709944 0.671274 0.213004
    outer loop
      vertex -2.971742 -1.966734 0.294511
      vertex -2.951491 -1.883667 0.100224
      vertex -2.983848 -1.916577 0.096091
    endloop
  endfacet
  facet normal -0.706420 0.705851 0.052404
    outer loop
      vertex -2.953073 -1.805844 -0.288569
      vertex -2.937547 -1.790013 -0.292514
      vertex -2.908806 -1.746695 -0.488553
    endloop
  endfacet
  facet normal -0.755760 0.653985 -0.033619
    outer loop
      vertex -2.922403 -1.762079 -0.482153
      vertex -2.908806 -1.746695 -0.488553
      vertex -2.863040 -1.704153 -0.689814
    endloop
  endfacet
  facet normal -0.603540 0.797303 0.006867
    outer loop
      vertex -2.726251 -1.596598 -1.155237
      vertex -2.863040 -1.704153 -0.689814
      vertex -2.831545 -1.680159 -0.707508
    endloop
  endfacet
  facet normal 0.663883 0.725962 0.179549
    outer loop
      vertex -0.349867 -1.520098 -0.872141
      vertex -0.433253 -1.551389 -0.437306
      vertex -0.389808 -1.596253 -0.416546
    endloop
  endfacet
  facet normal 0.587368 0.773554 0.237937
    outer loop
      vertex -0.389808 -1.596253 -0.416546
      vertex -0.497502 -1.665133 0.073241
      vertex -0.442598 -1.705717 0.069648
    endloop
  endfacet
  facet normal 0.763741 0.630077 0.140364
    outer loop
      vertex -0.378618 -1.476914 -0.909552
      vertex -0.349867 -1.520098 -0.872141
      vertex -0.357333 -1.456449 -1.117229
    endloop
  endfacet
  facet normal 0.585465 0.798742 0.138713
    outer loop
      vertex -0.357333 -1.456449 -1.117229
      vertex -0.395504 -1.461267 -0.928378
      vertex -0.378618 -1.476914 -0.909552
    endloop
  endfacet
  facet normal 0.238158 0.964028 0.118030
    outer loop
      vertex -0.370920 -1.441968 -1.135609
      vertex -0.396063 -1.437011 -1.125367
      vertex -0.395504 -1.461267 -0.928378
    endloop
  endfacet
  facet normal -0.130304 0.990461 0.044803
    outer loop
      vertex -0.389506 -1.433949 -1.173973
      vertex -0.430643 -1.441560 -1.125361
      vertex -0.396063 -1.437011 -1.125367
    endloop
  endfacet
  facet normal 0.070978 0.866686 -0.493778
    outer loop
      vertex -2.465676 -1.474122 -1.610675
      vertex -2.512139 -1.477313 -1.622956
      vertex -2.509060 -1.470006 -1.609686
    endloop
  endfacet
  facet normal -0.182122 0.951633 -0.247440
    outer loop
      vertex -2.497424 -1.443267 -1.515417
      vertex -2.509060 -1.470006 -1.609686
      vertex -2.504216 -1.444852 -1.516512
    endloop
  endfacet
  facet normal -0.215763 0.973862 -0.070986
    outer loop
      vertex -2.497424 -1.443267 -1.515417
      vertex -2.504216 -1.444852 -1.516512
      vertex -2.482554 -1.431600 -1.400551
    endloop
  endfacet
  facet normal -0.536794 0.825875 -0.172579
    outer loop
      vertex -2.511752 -1.467660 -1.602221
      vertex -2.509245 -1.447449 -1.513299
      vertex -2.504216 -1.444852 -1.516512
    endloop
  endfacet
  facet normal 0.080567 0.847272 -0.525013
    outer loop
      vertex -2.465676 -1.474122 -1.610675
      vertex -2.468558 -1.493309 -1.642082
      vertex -2.512139 -1.477313 -1.622956
    endloop
  endfacet
  facet normal -0.798352 0.595012 -0.092707
    outer loop
      vertex -2.516521 -1.455807 -1.504288
      vertex -2.509245 -1.447449 -1.513299
      vertex -2.519785 -1.474439 -1.595764
    endloop
  endfacet
  facet normal -0.847279 0.529781 0.038095
    outer loop
      vertex -2.502679 -1.447341 -1.314153
      vertex -2.516521 -1.455807 -1.504288
      vertex -2.528820 -1.476796 -1.485940
    endloop
  endfacet
  facet normal 0.553823 0.768585 -0.320246
    outer loop
      vertex -0.293095 -1.524505 -1.643346
      vertex -0.298709 -1.521235 -1.645208
      vertex -0.268702 -1.528764 -1.611383
    endloop
  endfacet
  facet normal 0.436381 0.858459 -0.269482
    outer loop
      vertex -0.298709 -1.521235 -1.645208
      vertex -0.311122 -1.516157 -1.649131
      vertex -0.278579 -1.522292 -1.615976
    endloop
  endfacet
  facet normal 0.456248 0.878376 -0.142454
    outer loop
      vertex -0.278579 -1.522292 -1.615976
      vertex -0.300855 -1.512247 -1.625388
      vertex -0.247832 -1.527709 -1.550903
    endloop
  endfacet
  facet normal 0.633779 0.764627 -0.116918
    outer loop
      vertex -0.231768 -1.539604 -1.541619
      vertex -0.247832 -1.527709 -1.550903
      vertex -0.203622 -1.544235 -1.419327
    endloop
  endfacet
  facet normal 0.534599 0.845081 -0.006446
    outer loop
      vertex -0.188997 -1.553417 -1.410238
      vertex -0.203622 -1.544235 -1.419327
      vertex -0.140057 -1.582549 -1.170644
    endloop
  endfacet
  facet normal 0.496745 0.867887 0.004059
    outer loop
      vertex -0.188997 -1.553417 -1.410238
      vertex -0.140057 -1.582549 -1.170644
      vertex -0.115637 -1.596598 -1.155237
    endloop
  endfacet
  facet normal 0.548706 0.833875 0.059778
    outer loop
      vertex -0.010343 -1.680159 -0.707508
      vertex 0.029731 -1.721124 -0.503907
      vertex 0.066919 -1.746695 -0.488553
    endloop
  endfacet
  facet normal 0.394576 0.915540 0.078076
    outer loop
      vertex -0.115637 -1.596598 -1.155237
      vertex -0.050852 -1.661011 -0.727322
      vertex -0.010343 -1.680159 -0.707508
    endloop
  endfacet
  facet normal 0.499985 0.857196 0.123412
    outer loop
      vertex 0.029731 -1.721124 -0.503907
      vertex 0.053706 -1.763994 -0.303269
      vertex 0.095659 -1.790013 -0.292514
    endloop
  endfacet
  facet normal 0.694434 0.710065 0.116484
    outer loop
      vertex 0.111185 -1.805844 -0.288569
      vertex 0.095659 -1.790013 -0.292514
      vertex 0.109343 -1.835478 -0.096950
    endloop
  endfacet
  facet normal 0.673784 0.149019 -0.723746
    outer loop
      vertex -0.307579 -1.525134 -1.656960
      vertex -0.293095 -1.524505 -1.643346
      vertex -0.290980 -1.525211 -1.641523
    endloop
  endfacet
  facet normal 0.296395 -0.315722 -0.901371
    outer loop
      vertex -0.327368 -1.523357 -1.664090
      vertex -0.307579 -1.525134 -1.656960
      vertex -0.308754 -1.528167 -1.656284
    endloop
  endfacet
  facet normal 0.458498 0.863426 0.210416
    outer loop
      vertex 0.109343 -1.835478 -0.096950
      vertex 0.063578 -1.809919 -0.102103
      vertex 0.109603 -1.883667 0.100224
    endloop
  endfacet
  facet normal 0.422599 0.870735 0.251458
    outer loop
      vertex 0.109603 -1.883667 0.100224
      vertex 0.045680 -1.911535 0.304152
      vertex 0.095685 -1.935051 0.301543
    endloop
  endfacet
  facet normal 0.407569 0.866067 0.289510
    outer loop
      vertex 0.095685 -1.935051 0.301543
      vertex 0.015108 -1.967341 0.511576
      vertex 0.065260 -1.989665 0.507755
    endloop
  endfacet
  facet normal 0.404732 0.852719 0.330247
    outer loop
      vertex 0.065260 -1.989665 0.507755
      vertex 0.015108 -1.967341 0.511576
      vertex 0.014901 -2.047386 0.718511
    endloop
  endfacet
  facet normal 0.249036 0.915611 0.315653
    outer loop
      vertex -0.092628 -2.010864 0.722821
      vertex 0.015108 -1.967341 0.511576
      vertex -0.046078 -1.950911 0.512190
    endloop
  endfacet
  facet normal 0.141718 0.935409 0.323923
    outer loop
      vertex -0.159772 -2.073921 0.934289
      vertex -0.092628 -2.010864 0.722821
      vertex -0.355632 -1.968252 0.714832
    endloop
  endfacet
  facet normal 0.297175 0.892575 0.339112
    outer loop
      vertex -0.400241 -2.032950 0.924216
      vertex -0.355632 -1.968252 0.714832
      vertex -0.455490 -1.936027 0.717521
    endloop
  endfacet
  facet normal 0.291778 0.893619 0.341044
    outer loop
      vertex -0.400241 -2.032950 0.924216
      vertex -0.455490 -1.936027 0.717521
      vertex -0.492808 -2.003055 0.925079
    endloop
  endfacet
  facet normal 0.518216 0.795284 0.314605
    outer loop
      vertex -0.424926 -1.872203 0.505839
      vertex -0.496836 -1.829539 0.516440
      vertex -0.455490 -1.936027 0.717521
    endloop
  endfacet
  facet normal 0.519762 0.804953 0.286178
    outer loop
      vertex -0.442598 -1.705717 0.069648
      vertex -0.496836 -1.829539 0.516440
      vertex -0.424926 -1.872203 0.505839
    endloop
  endfacet
  facet normal 0.388684 0.047468 -0.920148
    outer loop
      vertex -0.324044 -1.526864 -1.664052
      vertex -0.320668 -1.526318 -1.662597
      vertex -0.321066 -1.530551 -1.662984
    endloop
  endfacet
  facet normal 0.320008 0.265675 -0.909402
    outer loop
      vertex -0.327368 -1.523357 -1.664090
      vertex -0.317616 -1.525502 -1.661285
      vertex -0.320668 -1.526318 -1.662597
    endloop
  endfacet
  facet normal 0.607465 0.429676 -0.668106
    outer loop
      vertex -0.324767 -1.506528 -1.654215
      vertex -0.320111 -1.510058 -1.652252
      vertex -0.325770 -1.514429 -1.660209
    endloop
  endfacet
  facet normal 0.513284 0.543905 -0.663858
    outer loop
      vertex -0.325770 -1.514429 -1.660209
      vertex -0.320111 -1.510058 -1.652252
      vertex -0.323210 -1.516136 -1.659628
    endloop
  endfacet
  facet normal 0.018758 0.517747 -0.855328
    outer loop
      vertex -0.327368 -1.523357 -1.664090
      vertex -0.323210 -1.516136 -1.659628
      vertex -0.323951 -1.520361 -1.662202
    endloop
  endfacet
  facet normal 0.734645 0.509700 -0.447776
    outer loop
      vertex -0.324222 -1.493189 -1.638139
      vertex -0.316352 -1.500179 -1.633183
      vertex -0.324767 -1.506528 -1.654215
    endloop
  endfacet
  facet normal 0.716232 0.500637 -0.486183
    outer loop
      vertex -0.327832 -1.490328 -1.640510
      vertex -0.324222 -1.493189 -1.638139
      vertex -0.327791 -1.505985 -1.656573
    endloop
  endfacet
  facet normal 0.963584 0.192698 -0.185399
    outer loop
      vertex -0.327832 -1.490328 -1.640510
      vertex -0.327791 -1.505985 -1.656573
      vertex -0.328142 -1.500336 -1.652525
    endloop
  endfacet
  facet normal 0.588045 0.731580 -0.344955
    outer loop
      vertex -0.331218 -1.476828 -1.623509
      vertex -0.330136 -1.467660 -1.602221
      vertex -0.327141 -1.469269 -1.600528
    endloop
  endfacet
  facet normal -0.067845 0.785137 -0.615595
    outer loop
      vertex -0.329680 -1.485806 -1.637323
      vertex -0.329452 -1.487454 -1.639450
      vertex -0.373329 -1.493309 -1.642082
    endloop
  endfacet
  facet normal 0.794205 0.531790 -0.294004
    outer loop
      vertex -0.330162 -1.482644 -1.632906
      vertex -0.327832 -1.490328 -1.640510
      vertex -0.329680 -1.485806 -1.637323
    endloop
  endfacet
  facet normal 0.734788 0.594820 -0.325999
    outer loop
      vertex -0.327141 -1.469269 -1.600528
      vertex -0.327832 -1.490328 -1.640510
      vertex -0.331218 -1.476828 -1.623509
    endloop
  endfacet
  facet normal -0.064420 0.768764 -0.636280
    outer loop
      vertex -0.329452 -1.487454 -1.639450
      vertex -0.329233 -1.489148 -1.641519
      vertex -0.373329 -1.493309 -1.642082
    endloop
  endfacet
  facet normal 0.742155 0.521449 -0.421066
    outer loop
      vertex -0.329233 -1.489148 -1.641519
      vertex -0.327832 -1.490328 -1.640510
      vertex -0.328461 -1.496405 -1.649144
    endloop
  endfacet
  facet normal -0.194521 0.980898 -0.000555
    outer loop
      vertex -0.399068 -1.435973 -1.399311
      vertex -0.389506 -1.433949 -1.173973
      vertex -0.367625 -1.429703 -1.337652
    endloop
  endfacet
  facet normal 0.159478 0.987169 -0.008041
    outer loop
      vertex -0.359332 -1.431555 -1.400551
      vertex -0.367625 -1.429703 -1.337652
      vertex -0.357492 -1.431316 -1.334674
    endloop
  endfacet
  facet normal 0.508601 0.860959 -0.008650
    outer loop
      vertex -0.357492 -1.431316 -1.334674
      vertex -0.337672 -1.444852 -1.516512
      vertex -0.355853 -1.433213 -1.427159
    endloop
  endfacet
  facet normal 0.209641 0.964844 -0.158511
    outer loop
      vertex -0.340949 -1.448521 -1.543184
      vertex -0.344094 -1.443753 -1.518316
      vertex -0.337672 -1.444852 -1.516512
    endloop
  endfacet
  facet normal 0.619456 0.770458 -0.150563
    outer loop
      vertex -0.337672 -1.444852 -1.516512
      vertex -0.330136 -1.467660 -1.602221
      vertex -0.337857 -1.454769 -1.568022
    endloop
  endfacet
  facet normal 0.129501 0.951864 0.277822
    outer loop
      vertex -0.327368 -1.523357 -1.664090
      vertex -0.308754 -1.528167 -1.656284
      vertex -0.317616 -1.525502 -1.661285
    endloop
  endfacet
  facet normal 0.425506 -0.159062 -0.890867
    outer loop
      vertex -0.320668 -1.526318 -1.662597
      vertex -0.317616 -1.525502 -1.661285
      vertex -0.311545 -1.528996 -1.657761
    endloop
  endfacet
  facet normal -0.937204 0.342611 0.065312
    outer loop
      vertex -2.992640 -1.936774 0.092005
      vertex -2.981058 -1.869235 -0.096100
      vertex -2.988684 -1.889802 -0.097643
    endloop
  endfacet
  facet normal -0.919784 0.383929 0.081219
    outer loop
      vertex -2.992640 -1.936774 0.092005
      vertex -2.983848 -1.916577 0.096091
      vertex -2.981058 -1.869235 -0.096100
    endloop
  endfacet
  facet normal -0.954124 0.298812 -0.018935
    outer loop
      vertex -2.988684 -1.889802 -0.097643
      vertex -2.964302 -1.823867 -0.285764
      vertex -2.970736 -1.844315 -0.284236
    endloop
  endfacet
  facet normal -0.985369 0.052367 -0.162188
    outer loop
      vertex -2.937336 -1.799103 -0.472559
      vertex -2.971455 -1.866682 -0.287088
      vertex -2.970736 -1.844315 -0.284236
    endloop
  endfacet
  facet normal -0.458453 0.115096 -0.881234
    outer loop
      vertex -2.527301 -1.529628 -1.659492
      vertex -2.517843 -1.526864 -1.664052
      vertex -2.520822 -1.530551 -1.662984
    endloop
  endfacet
  facet normal -0.412712 -0.083873 -0.906992
    outer loop
      vertex -2.527301 -1.529628 -1.659492
      vertex -2.522808 -1.525960 -1.661876
      vertex -2.517843 -1.526864 -1.664052
    endloop
  endfacet
  facet normal -0.301132 0.159252 -0.940191
    outer loop
      vertex -2.524944 -1.525226 -1.661068
      vertex -2.514519 -1.523357 -1.664090
      vertex -2.522808 -1.525960 -1.661876
    endloop
  endfacet
  facet normal -0.151826 0.454832 -0.877540
    outer loop
      vertex -2.519282 -1.521024 -1.662057
      vertex -2.518678 -1.516136 -1.659628
      vertex -2.514519 -1.523357 -1.664090
    endloop
  endfacet
  facet normal -0.488889 0.486967 -0.723775
    outer loop
      vertex -2.517121 -1.506528 -1.654215
      vertex -2.516117 -1.514429 -1.660209
      vertex -2.518678 -1.516136 -1.659628
    endloop
  endfacet
  facet normal -0.628941 0.568057 -0.530796
    outer loop
      vertex -2.514055 -1.490328 -1.640510
      vertex -2.515287 -1.505151 -1.654914
      vertex -2.517121 -1.506528 -1.654215
    endloop
  endfacet
  facet normal -0.737887 0.471841 -0.482586
    outer loop
      vertex -2.513833 -1.503836 -1.654057
      vertex -2.514055 -1.490328 -1.640510
      vertex -2.512653 -1.489158 -1.641511
    endloop
  endfacet
  facet normal -0.744391 -0.337100 0.576407
    outer loop
      vertex -2.513833 -1.503836 -1.654057
      vertex -2.513431 -1.496367 -1.649171
      vertex -2.514022 -1.500538 -1.652372
    endloop
  endfacet
  facet normal 0.084938 0.599115 -0.796145
    outer loop
      vertex -2.514022 -1.500538 -1.652372
      vertex -2.513431 -1.496367 -1.649171
      vertex -2.468558 -1.493309 -1.642082
    endloop
  endfacet
  facet normal -0.707675 -0.271544 -0.652273
    outer loop
      vertex -2.543406 -1.535819 -1.646042
      vertex -2.563693 -1.550115 -1.618081
      vertex -2.572314 -1.547710 -1.609729
    endloop
  endfacet
  facet normal -0.802062 -0.295578 -0.518970
    outer loop
      vertex -2.572314 -1.547710 -1.609729
      vertex -2.608719 -1.574626 -1.538135
      vertex -2.619857 -1.568775 -1.524254
    endloop
  endfacet
  facet normal -0.872526 -0.259227 -0.414124
    outer loop
      vertex -2.619857 -1.568775 -1.524254
      vertex -2.680279 -1.615261 -1.367849
      vertex -2.665673 -1.584789 -1.417699
    endloop
  endfacet
  facet normal -0.954175 0.064916 -0.292124
    outer loop
      vertex -2.665673 -1.584789 -1.417699
      vertex -2.746074 -1.646829 -1.168869
      vertex -2.757594 -1.634214 -1.128437
    endloop
  endfacet
  facet normal -0.610799 -0.113538 -0.783603
    outer loop
      vertex -2.543406 -1.535819 -1.646042
      vertex -2.527301 -1.529628 -1.659492
      vertex -2.537815 -1.536848 -1.650251
    endloop
  endfacet
  facet normal -0.967929 0.053219 -0.245523
    outer loop
      vertex -2.882388 -1.734468 -0.675172
      vertex -2.913246 -1.796880 -0.567046
      vertex -2.937336 -1.799103 -0.472559
    endloop
  endfacet
  facet normal -0.962992 -0.017347 -0.268970
    outer loop
      vertex -2.746074 -1.646829 -1.168869
      vertex -2.882388 -1.734468 -0.675172
      vertex -2.757594 -1.634214 -1.128437
    endloop
  endfacet
  facet normal -0.948771 -0.197616 -0.246540
    outer loop
      vertex -2.913246 -1.796880 -0.567046
      vertex -2.971455 -1.866682 -0.287088
      vertex -2.937336 -1.799103 -0.472559
    endloop
  endfacet
  facet normal -0.495209 0.868744 0.007268
    outer loop
      vertex -2.638266 -1.544235 -1.419327
      vertex -2.726251 -1.596598 -1.155237
      vertex -2.701831 -1.582549 -1.170644
    endloop
  endfacet
  facet normal -0.578965 0.814069 -0.045735
    outer loop
      vertex -2.555039 -1.509429 -1.570045
      vertex -2.571119 -1.514440 -1.455667
      vertex -2.545647 -1.497179 -1.470883
    endloop
  endfacet
  facet normal -0.417218 0.908432 -0.026092
    outer loop
      vertex -2.594056 -1.527709 -1.550903
      vertex -2.638266 -1.544235 -1.419327
      vertex -2.571119 -1.514440 -1.455667
    endloop
  endfacet
  facet normal -0.789222 0.611738 -0.053902
    outer loop
      vertex -2.545647 -1.497179 -1.470883
      vertex -2.528820 -1.476796 -1.485940
      vertex -2.539868 -1.499168 -1.578077
    endloop
  endfacet
  facet normal -0.743534 0.659727 0.109172
    outer loop
      vertex -2.981058 -1.869235 -0.096100
      vertex -2.951231 -1.835478 -0.096950
      vertex -2.953073 -1.805844 -0.288569
    endloop
  endfacet
  facet normal -0.713976 0.682186 0.157676
    outer loop
      vertex -2.983848 -1.916577 0.096091
      vertex -2.951491 -1.883667 0.100224
      vertex -2.981058 -1.869235 -0.096100
    endloop
  endfacet
  facet normal -0.741816 0.669746 0.033891
    outer loop
      vertex -2.953073 -1.805844 -0.288569
      vertex -2.908806 -1.746695 -0.488553
      vertex -2.922403 -1.762079 -0.482153
    endloop
  endfacet
  facet normal -0.795844 0.602580 -0.059417
    outer loop
      vertex -2.922403 -1.762079 -0.482153
      vertex -2.863040 -1.704153 -0.689814
      vertex -2.874429 -1.718428 -0.682053
    endloop
  endfacet
  facet normal -0.672775 0.739359 -0.026872
    outer loop
      vertex -2.726251 -1.596598 -1.155237
      vertex -2.745437 -1.613538 -1.140982
      vertex -2.863040 -1.704153 -0.689814
    endloop
  endfacet
  facet normal 0.666313 0.723771 0.179396
    outer loop
      vertex -0.308492 -1.565720 -0.841758
      vertex -0.349867 -1.520098 -0.872141
      vertex -0.389808 -1.596253 -0.416546
    endloop
  endfacet
  facet normal 0.600822 0.763407 0.237113
    outer loop
      vertex -0.333396 -1.645832 -0.399866
      vertex -0.389808 -1.596253 -0.416546
      vertex -0.442598 -1.705717 0.069648
    endloop
  endfacet
  facet normal 0.801301 0.584540 0.127394
    outer loop
      vertex -0.349867 -1.520098 -0.872141
      vertex -0.334837 -1.495355 -1.080214
      vertex -0.357333 -1.456449 -1.117229
    endloop
  endfacet
  facet normal 0.622653 0.768858 0.145467
    outer loop
      vertex -0.357333 -1.456449 -1.117229
      vertex -0.370920 -1.441968 -1.135609
      vertex -0.395504 -1.461267 -0.928378
    endloop
  endfacet
  facet normal 0.228522 0.969194 0.091871
    outer loop
      vertex -0.389506 -1.433949 -1.173973
      vertex -0.396063 -1.437011 -1.125367
      vertex -0.370920 -1.441968 -1.135609
    endloop
  endfacet
  facet normal -0.341072 0.854625 -0.391519
    outer loop
      vertex -2.511752 -1.467660 -1.602221
      vertex -2.509060 -1.470006 -1.609686
      vertex -2.512139 -1.477313 -1.622956
    endloop
  endfacet
  facet normal 0.102816 0.958963 -0.264232
    outer loop
      vertex -2.504216 -1.444852 -1.516512
      vertex -2.509060 -1.470006 -1.609686
      vertex -2.511752 -1.467660 -1.602221
    endloop
  endfacet
  facet normal -0.539902 0.823956 -0.172055
    outer loop
      vertex -2.511752 -1.467660 -1.602221
      vertex -2.514746 -1.469269 -1.600528
      vertex -2.509245 -1.447449 -1.513299
    endloop
  endfacet
  facet normal 0.108909 0.870540 -0.479895
    outer loop
      vertex -2.468558 -1.493309 -1.642082
      vertex -2.511707 -1.482796 -1.632803
      vertex -2.512139 -1.477313 -1.622956
    endloop
  endfacet
  facet normal -0.761222 0.638785 -0.111779
    outer loop
      vertex -2.509245 -1.447449 -1.513299
      vertex -2.514746 -1.469269 -1.600528
      vertex -2.519785 -1.474439 -1.595764
    endloop
  endfacet
  facet normal -0.837182 0.540995 -0.080319
    outer loop
      vertex -2.516521 -1.455807 -1.504288
      vertex -2.519785 -1.474439 -1.595764
      vertex -2.528920 -1.487134 -1.586047
    endloop
  endfacet
  facet normal -0.879531 0.473414 -0.048003
    outer loop
      vertex -2.528820 -1.476796 -1.485940
      vertex -2.516521 -1.455807 -1.504288
      vertex -2.528920 -1.487134 -1.586047
    endloop
  endfacet
  facet normal 0.542227 0.590943 -0.597308
    outer loop
      vertex -0.311734 -1.521548 -1.657341
      vertex -0.298709 -1.521235 -1.645208
      vertex -0.293095 -1.524505 -1.643346
    endloop
  endfacet
  facet normal 0.459146 0.690211 -0.559279
    outer loop
      vertex -0.298709 -1.521235 -1.645208
      vertex -0.318333 -1.519099 -1.658682
      vertex -0.311122 -1.516157 -1.649131
    endloop
  endfacet
  facet normal 0.503578 0.790779 -0.347961
    outer loop
      vertex -0.311122 -1.516157 -1.649131
      vertex -0.300855 -1.512247 -1.625388
      vertex -0.278579 -1.522292 -1.615976
    endloop
  endfacet
  facet normal 0.484063 0.859094 -0.166257
    outer loop
      vertex -0.300855 -1.512247 -1.625388
      vertex -0.286848 -1.509429 -1.570045
      vertex -0.247832 -1.527709 -1.550903
    endloop
  endfacet
  facet normal 0.437733 0.898453 -0.034239
    outer loop
      vertex -0.247832 -1.527709 -1.550903
      vertex -0.286848 -1.509429 -1.570045
      vertex -0.203622 -1.544235 -1.419327
    endloop
  endfacet
  facet normal 0.385453 0.921702 0.043482
    outer loop
      vertex -0.203622 -1.544235 -1.419327
      vertex -0.270768 -1.514440 -1.455667
      vertex -0.140057 -1.582549 -1.170644
    endloop
  endfacet
  facet normal 0.468134 0.881493 0.061815
    outer loop
      vertex -0.115637 -1.596598 -1.155237
      vertex -0.140057 -1.582549 -1.170644
      vertex -0.050852 -1.661011 -0.727322
    endloop
  endfacet
  facet normal 0.380311 0.918304 0.109910
    outer loop
      vertex -0.010343 -1.680159 -0.707508
      vertex -0.050852 -1.661011 -0.727322
      vertex 0.029731 -1.721124 -0.503907
    endloop
  endfacet
  facet normal 0.488959 0.856575 0.164922
    outer loop
      vertex 0.095659 -1.790013 -0.292514
      vertex 0.053706 -1.763994 -0.303269
      vertex 0.109343 -1.835478 -0.096950
    endloop
  endfacet
  facet normal 0.332750 0.929539 0.158853
    outer loop
      vertex 0.029731 -1.721124 -0.503907
      vertex -0.017765 -1.701064 -0.521796
      vertex 0.053706 -1.763994 -0.303269
    endloop
  endfacet
  facet normal 0.612564 0.417719 -0.671026
    outer loop
      vertex -0.308715 -1.523134 -1.656753
      vertex -0.293095 -1.524505 -1.643346
      vertex -0.307579 -1.525134 -1.656960
    endloop
  endfacet
  facet normal 0.311904 -0.227603 -0.922449
    outer loop
      vertex -0.327368 -1.523357 -1.664090
      vertex -0.319199 -1.522210 -1.661611
      vertex -0.307579 -1.525134 -1.656960
    endloop
  endfacet
  facet normal 0.464910 0.867829 0.175306
    outer loop
      vertex 0.053706 -1.763994 -0.303269
      vertex 0.063578 -1.809919 -0.102103
      vertex 0.109343 -1.835478 -0.096950
    endloop
  endfacet
  facet normal 0.440417 0.871093 0.217324
    outer loop
      vertex 0.063578 -1.809919 -0.102103
      vertex 0.061098 -1.859064 0.099906
      vertex 0.109603 -1.883667 0.100224
    endloop
  endfacet
  facet normal 0.436121 0.863105 0.254654
    outer loop
      vertex 0.109603 -1.883667 0.100224
      vertex 0.061098 -1.859064 0.099906
      vertex 0.045680 -1.911535 0.304152
    endloop
  endfacet
  facet normal 0.419361 0.859242 0.292984
    outer loop
      vertex 0.095685 -1.935051 0.301543
      vertex 0.045680 -1.911535 0.304152
      vertex 0.015108 -1.967341 0.511576
    endloop
  endfacet
  facet normal 0.142369 0.943271 0.299953
    outer loop
      vertex -0.092628 -2.010864 0.722821
      vertex -0.046078 -1.950911 0.512190
      vertex -0.321619 -1.906419 0.503057
    endloop
  endfacet
  facet normal 0.251196 0.924771 0.285830
    outer loop
      vertex 0.015108 -1.967341 0.511576
      vertex 0.045680 -1.911535 0.304152
      vertex -0.046078 -1.950911 0.512190
    endloop
  endfacet
  facet normal 0.143797 0.943492 0.298570
    outer loop
      vertex -0.092628 -2.010864 0.722821
      vertex -0.321619 -1.906419 0.503057
      vertex -0.355632 -1.968252 0.714832
    endloop
  endfacet
  facet normal 0.299169 0.900782 0.314786
    outer loop
      vertex -0.355632 -1.968252 0.714832
      vertex -0.424926 -1.872203 0.505839
      vertex -0.455490 -1.936027 0.717521
    endloop
  endfacet
  facet normal 0.559209 0.781822 0.275751
    outer loop
      vertex -0.375383 -1.752701 0.066551
      vertex -0.442598 -1.705717 0.069648
      vertex -0.424926 -1.872203 0.505839
    endloop
  endfacet
  facet normal 0.652552 0.612591 -0.445991
    outer loop
      vertex -0.316352 -1.500179 -1.633183
      vertex -0.320111 -1.510058 -1.652252
      vertex -0.324767 -1.506528 -1.654215
    endloop
  endfacet
  facet normal 0.607647 0.468460 -0.641335
    outer loop
      vertex -0.323210 -1.516136 -1.659628
      vertex -0.320111 -1.510058 -1.652252
      vertex -0.315942 -1.513350 -1.650707
    endloop
  endfacet
  facet normal 0.442963 0.408492 -0.798071
    outer loop
      vertex -0.323210 -1.516136 -1.659628
      vertex -0.320927 -1.517737 -1.659180
      vertex -0.323951 -1.520361 -1.662202
    endloop
  endfacet
  facet normal 0.235662 0.311390 -0.920597
    outer loop
      vertex -0.327368 -1.523357 -1.664090
      vertex -0.323951 -1.520361 -1.662202
      vertex -0.319199 -1.522210 -1.661611
    endloop
  endfacet
  facet normal 0.723504 0.650198 -0.231912
    outer loop
      vertex -0.312967 -1.487134 -1.586047
      vertex -0.316352 -1.500179 -1.633183
      vertex -0.324222 -1.493189 -1.638139
    endloop
  endfacet
  facet normal 0.708001 0.632029 -0.315077
    outer loop
      vertex -0.322102 -1.474439 -1.595764
      vertex -0.324222 -1.493189 -1.638139
      vertex -0.327832 -1.490328 -1.640510
    endloop
  endfacet
  facet normal 0.539825 0.824053 -0.171827
    outer loop
      vertex -0.327141 -1.469269 -1.600528
      vertex -0.330136 -1.467660 -1.602221
      vertex -0.337672 -1.444852 -1.516512
    endloop
  endfacet
  facet normal 0.755577 0.554543 -0.348690
    outer loop
      vertex -0.329680 -1.485806 -1.637323
      vertex -0.327832 -1.490328 -1.640510
      vertex -0.329452 -1.487454 -1.639450
    endloop
  endfacet
  facet normal 0.804764 0.519349 -0.287457
    outer loop
      vertex -0.327141 -1.469269 -1.600528
      vertex -0.322102 -1.474439 -1.595764
      vertex -0.327832 -1.490328 -1.640510
    endloop
  endfacet
  facet normal 0.740209 0.556467 -0.377406
    outer loop
      vertex -0.329452 -1.487454 -1.639450
      vertex -0.327832 -1.490328 -1.640510
      vertex -0.329233 -1.489148 -1.641519
    endloop
  endfacet
  facet normal 0.144132 0.988539 0.044914
    outer loop
      vertex -0.357492 -1.431316 -1.334674
      vertex -0.367625 -1.429703 -1.337652
      vertex -0.389506 -1.433949 -1.173973
    endloop
  endfacet
  facet normal 0.466398 0.884448 -0.014999
    outer loop
      vertex -0.332642 -1.447449 -1.513299
      vertex -0.337672 -1.444852 -1.516512
      vertex -0.357492 -1.431316 -1.334674
    endloop
  endfacet
  facet normal -0.937627 0.347643 0.000319
    outer loop
      vertex -2.988684 -1.889802 -0.097643
      vertex -2.981058 -1.869235 -0.096100
      vertex -2.964302 -1.823867 -0.285764
    endloop
  endfacet
  facet normal -0.951750 0.292558 -0.092642
    outer loop
      vertex -2.970736 -1.844315 -0.284236
      vertex -2.964302 -1.823867 -0.285764
      vertex -2.932064 -1.779477 -0.476778
    endloop
  endfacet
  facet normal -0.965279 0.234606 -0.114874
    outer loop
      vertex -2.970736 -1.844315 -0.284236
      vertex -2.932064 -1.779477 -0.476778
      vertex -2.937336 -1.799103 -0.472559
    endloop
  endfacet
  facet normal -0.489162 0.032769 -0.871577
    outer loop
      vertex -2.530343 -1.528996 -1.657761
      vertex -2.522808 -1.525960 -1.661876
      vertex -2.527301 -1.529628 -1.659492
    endloop
  endfacet
  facet normal -0.421003 -0.272135 -0.865274
    outer loop
      vertex -2.534407 -1.527659 -1.655698
      vertex -2.524944 -1.525226 -1.661068
      vertex -2.522808 -1.525960 -1.661876
    endloop
  endfacet
  facet normal -0.093929 0.958581 0.268886
    outer loop
      vertex -2.534407 -1.527659 -1.655698
      vertex -2.514519 -1.523357 -1.664090
      vertex -2.524944 -1.525226 -1.661068
    endloop
  endfacet
  facet normal -0.237908 0.314985 -0.918795
    outer loop
      vertex -2.524256 -1.522981 -1.661440
      vertex -2.519282 -1.521024 -1.662057
      vertex -2.514519 -1.523357 -1.664090
    endloop
  endfacet
  facet normal -0.459868 0.440117 -0.771245
    outer loop
      vertex -2.520961 -1.517737 -1.659180
      vertex -2.518678 -1.516136 -1.659628
      vertex -2.519282 -1.521024 -1.662057
    endloop
  endfacet
  facet normal -0.617583 0.459625 -0.638229
    outer loop
      vertex -2.521777 -1.510058 -1.652252
      vertex -2.517121 -1.506528 -1.654215
      vertex -2.518678 -1.516136 -1.659628
    endloop
  endfacet
  facet normal -0.717185 0.524190 -0.459207
    outer loop
      vertex -2.517665 -1.493189 -1.638139
      vertex -2.514055 -1.490328 -1.640510
      vertex -2.517121 -1.506528 -1.654215
    endloop
  endfacet
  facet normal -0.990755 -0.032833 0.131627
    outer loop
      vertex -2.513833 -1.503836 -1.654057
      vertex -2.512653 -1.489158 -1.641511
      vertex -2.513431 -1.496367 -1.649171
    endloop
  endfacet
  facet normal -0.736499 0.565214 -0.371622
    outer loop
      vertex -2.514055 -1.490328 -1.640510
      vertex -2.512430 -1.487495 -1.639422
      vertex -2.512653 -1.489158 -1.641511
    endloop
  endfacet
  facet normal 0.059250 0.723899 -0.687357
    outer loop
      vertex -2.468558 -1.493309 -1.642082
      vertex -2.513431 -1.496367 -1.649171
      vertex -2.512653 -1.489158 -1.641511
    endloop
  endfacet
  facet normal -0.600654 -0.483743 -0.636559
    outer loop
      vertex -2.572314 -1.547710 -1.609729
      vertex -2.548488 -1.534402 -1.642323
      vertex -2.543406 -1.535819 -1.646042
    endloop
  endfacet
  facet normal -0.709221 -0.483011 -0.513523
    outer loop
      vertex -2.572314 -1.547710 -1.609729
      vertex -2.619857 -1.568775 -1.524254
      vertex -2.579496 -1.544311 -1.603006
    endloop
  endfacet
  facet normal -0.897156 -0.163524 -0.410331
    outer loop
      vertex -2.611495 -1.551996 -1.549222
      vertex -2.619857 -1.568775 -1.524254
      vertex -2.665673 -1.584789 -1.417699
    endloop
  endfacet
  facet normal -0.953870 0.021464 -0.299452
    outer loop
      vertex -2.665673 -1.584789 -1.417699
      vertex -2.757594 -1.634214 -1.128437
      vertex -2.672887 -1.576980 -1.394158
    endloop
  endfacet
  facet normal -0.517145 -0.350836 -0.780689
    outer loop
      vertex -2.543406 -1.535819 -1.646042
      vertex -2.530343 -1.528996 -1.657761
      vertex -2.527301 -1.529628 -1.659492
    endloop
  endfacet
  facet normal -0.957538 0.216224 -0.190705
    outer loop
      vertex -2.937336 -1.799103 -0.472559
      vertex -2.932064 -1.779477 -0.476778
      vertex -2.882388 -1.734468 -0.675172
    endloop
  endfacet
  facet normal -0.925326 0.333142 -0.181077
    outer loop
      vertex -2.882388 -1.734468 -0.675172
      vertex -2.752506 -1.623356 -1.134460
      vertex -2.757594 -1.634214 -1.128437
    endloop
  endfacet
  facet normal -0.536864 0.843589 -0.011597
    outer loop
      vertex -2.638266 -1.544235 -1.419327
      vertex -2.652890 -1.553417 -1.410238
      vertex -2.726251 -1.596598 -1.155237
    endloop
  endfacet
  facet normal -0.576330 0.815910 -0.046212
    outer loop
      vertex -2.539868 -1.499168 -1.578077
      vertex -2.555039 -1.509429 -1.570045
      vertex -2.545647 -1.497179 -1.470883
    endloop
  endfacet
  facet normal -0.432733 0.901269 -0.021358
    outer loop
      vertex -2.555039 -1.509429 -1.570045
      vertex -2.594056 -1.527709 -1.550903
      vertex -2.571119 -1.514440 -1.455667
    endloop
  endfacet
  facet normal -0.568430 0.817984 -0.088259
    outer loop
      vertex -2.594056 -1.527709 -1.550903
      vertex -2.652890 -1.553417 -1.410238
      vertex -2.638266 -1.544235 -1.419327
    endloop
  endfacet
  facet normal -0.759498 0.647146 -0.066064
    outer loop
      vertex -2.528820 -1.476796 -1.485940
      vertex -2.528920 -1.487134 -1.586047
      vertex -2.539868 -1.499168 -1.578077
    endloop
  endfacet
  facet normal -0.843804 0.534010 0.053187
    outer loop
      vertex -2.981058 -1.869235 -0.096100
      vertex -2.953073 -1.805844 -0.288569
      vertex -2.964302 -1.823867 -0.285764
    endloop
  endfacet
  facet normal -0.849720 0.527007 -0.015475
    outer loop
      vertex -2.964302 -1.823867 -0.285764
      vertex -2.953073 -1.805844 -0.288569
      vertex -2.922403 -1.762079 -0.482153
    endloop
  endfacet
  facet normal -0.801909 0.590565 -0.090417
    outer loop
      vertex -2.874429 -1.718428 -0.682053
      vertex -2.863040 -1.704153 -0.689814
      vertex -2.745437 -1.613538 -1.140982
    endloop
  endfacet
  facet normal -0.883062 0.455585 -0.112446
    outer loop
      vertex -2.932064 -1.779477 -0.476778
      vertex -2.922403 -1.762079 -0.482153
      vertex -2.874429 -1.718428 -0.682053
    endloop
  endfacet
  facet normal -0.691562 0.718165 -0.077341
    outer loop
      vertex -2.652890 -1.553417 -1.410238
      vertex -2.745437 -1.613538 -1.140982
      vertex -2.726251 -1.596598 -1.155237
    endloop
  endfacet
  facet normal 0.687780 0.713348 0.134512
    outer loop
      vertex -0.334837 -1.495355 -1.080214
      vertex -0.349867 -1.520098 -0.872141
      vertex -0.308492 -1.565720 -0.841758
    endloop
  endfacet
  facet normal 0.620665 0.764616 0.173599
    outer loop
      vertex -0.308492 -1.565720 -0.841758
      vertex -0.389808 -1.596253 -0.416546
      vertex -0.333396 -1.645832 -0.399866
    endloop
  endfacet
  facet normal 0.564413 0.792130 0.232309
    outer loop
      vertex -0.333396 -1.645832 -0.399866
      vertex -0.442598 -1.705717 0.069648
      vertex -0.375383 -1.752701 0.066551
    endloop
  endfacet
  facet normal 0.816369 0.568553 0.101433
    outer loop
      vertex -0.357333 -1.456449 -1.117229
      vertex -0.334837 -1.495355 -1.080214
      vertex -0.339209 -1.447341 -1.314153
    endloop
  endfacet
  facet normal 0.662682 0.742806 0.095348
    outer loop
      vertex -0.339209 -1.447341 -1.314153
      vertex -0.370920 -1.441968 -1.135609
      vertex -0.357333 -1.456449 -1.117229
    endloop
  endfacet
  facet normal 0.279990 0.957830 0.064562
    outer loop
      vertex -0.349786 -1.435091 -1.329297
      vertex -0.389506 -1.433949 -1.173973
      vertex -0.370920 -1.441968 -1.135609
    endloop
  endfacet
  facet normal -0.585424 0.739104 -0.333173
    outer loop
      vertex -2.512139 -1.477313 -1.622956
      vertex -2.514746 -1.469269 -1.600528
      vertex -2.511752 -1.467660 -1.602221
    endloop
  endfacet
  facet normal 0.075885 0.816541 -0.572278
    outer loop
      vertex -2.468558 -1.493309 -1.642082
      vertex -2.512198 -1.485882 -1.637271
      vertex -2.511707 -1.482796 -1.632803
    endloop
  endfacet
  facet normal -0.717440 0.594786 -0.362642
    outer loop
      vertex -2.514055 -1.490328 -1.640510
      vertex -2.512139 -1.477313 -1.622956
      vertex -2.511707 -1.482796 -1.632803
    endloop
  endfacet
  facet normal -0.802758 0.529413 -0.274411
    outer loop
      vertex -2.519785 -1.474439 -1.595764
      vertex -2.514746 -1.469269 -1.600528
      vertex -2.517665 -1.493189 -1.638139
    endloop
  endfacet
  facet normal -0.860396 0.471913 -0.192399
    outer loop
      vertex -2.528920 -1.487134 -1.586047
      vertex -2.519785 -1.474439 -1.595764
      vertex -2.525535 -1.500179 -1.633183
    endloop
  endfacet
  facet normal 0.479212 0.732549 -0.483454
    outer loop
      vertex -0.293095 -1.524505 -1.643346
      vertex -0.308715 -1.523134 -1.656753
      vertex -0.311734 -1.521548 -1.657341
    endloop
  endfacet
  facet normal 0.389669 0.809496 -0.439174
    outer loop
      vertex -0.298709 -1.521235 -1.645208
      vertex -0.311734 -1.521548 -1.657341
      vertex -0.318333 -1.519099 -1.658682
    endloop
  endfacet
  facet normal 0.466549 0.682575 -0.562516
    outer loop
      vertex -0.311122 -1.516157 -1.649131
      vertex -0.318333 -1.519099 -1.658682
      vertex -0.320927 -1.517737 -1.659180
    endloop
  endfacet
  facet normal 0.554670 0.748656 -0.363118
    outer loop
      vertex -0.311122 -1.516157 -1.649131
      vertex -0.315942 -1.513350 -1.650707
      vertex -0.300855 -1.512247 -1.625388
    endloop
  endfacet
  facet normal 0.599734 0.776983 -0.191353
    outer loop
      vertex -0.300855 -1.512247 -1.625388
      vertex -0.309286 -1.506695 -1.629267
      vertex -0.286848 -1.509429 -1.570045
    endloop
  endfacet
  facet normal 0.413783 0.910191 -0.018303
    outer loop
      vertex -0.286848 -1.509429 -1.570045
      vertex -0.270768 -1.514440 -1.455667
      vertex -0.203622 -1.544235 -1.419327
    endloop
  endfacet
  facet normal 0.323811 0.942997 0.076840
    outer loop
      vertex -0.270768 -1.514440 -1.455667
      vertex -0.254164 -1.538312 -1.232667
      vertex -0.140057 -1.582549 -1.170644
    endloop
  endfacet
  facet normal 0.309315 0.945141 0.105037
    outer loop
      vertex -0.140057 -1.582549 -1.170644
      vertex -0.254164 -1.538312 -1.232667
      vertex -0.050852 -1.661011 -0.727322
    endloop
  endfacet
  facet normal 0.345455 0.929989 0.125626
    outer loop
      vertex -0.050852 -1.661011 -0.727322
      vertex -0.017765 -1.701064 -0.521796
      vertex 0.029731 -1.721124 -0.503907
    endloop
  endfacet
  facet normal 0.309641 0.935853 0.168230
    outer loop
      vertex -0.017765 -1.701064 -0.521796
      vertex 0.000535 -1.743948 -0.316920
      vertex 0.053706 -1.763994 -0.303269
    endloop
  endfacet
  facet normal 0.420926 0.326927 -0.846133
    outer loop
      vertex -0.319199 -1.522210 -1.661611
      vertex -0.308715 -1.523134 -1.656753
      vertex -0.307579 -1.525134 -1.656960
    endloop
  endfacet
  facet normal 0.300817 0.932858 0.198204
    outer loop
      vertex 0.053706 -1.763994 -0.303269
      vertex 0.000535 -1.743948 -0.316920
      vertex 0.063578 -1.809919 -0.102103
    endloop
  endfacet
  facet normal 0.279882 0.932032 0.230179
    outer loop
      vertex 0.063578 -1.809919 -0.102103
      vertex 0.006069 -1.790594 -0.110429
      vertex 0.061098 -1.859064 0.099906
    endloop
  endfacet
  facet normal 0.258517 0.930743 0.258623
    outer loop
      vertex 0.045680 -1.911535 0.304152
      vertex 0.061098 -1.859064 0.099906
      vertex -0.015972 -1.894207 0.303421
    endloop
  endfacet
  facet normal 0.143983 0.949158 0.279945
    outer loop
      vertex -0.046078 -1.950911 0.512190
      vertex -0.295291 -1.847231 0.288839
      vertex -0.321619 -1.906419 0.503057
    endloop
  endfacet
  facet normal 0.255974 0.922915 0.287585
    outer loop
      vertex -0.046078 -1.950911 0.512190
      vertex 0.045680 -1.911535 0.304152
      vertex -0.015972 -1.894207 0.303421
    endloop
  endfacet
  facet normal 0.306290 0.899426 0.311802
    outer loop
      vertex -0.355632 -1.968252 0.714832
      vertex -0.321619 -1.906419 0.503057
      vertex -0.424926 -1.872203 0.505839
    endloop
  endfacet
  facet normal 0.295648 0.912829 0.281666
    outer loop
      vertex -0.375383 -1.752701 0.066551
      vertex -0.424926 -1.872203 0.505839
      vertex -0.295291 -1.847231 0.288839
    endloop
  endfacet
  facet normal 0.729820 0.537570 -0.422353
    outer loop
      vertex -0.316352 -1.500179 -1.633183
      vertex -0.309286 -1.506695 -1.629267
      vertex -0.320111 -1.510058 -1.652252
    endloop
  endfacet
  facet normal 0.654588 0.640272 -0.401953
    outer loop
      vertex -0.309286 -1.506695 -1.629267
      vertex -0.315942 -1.513350 -1.650707
      vertex -0.320111 -1.510058 -1.652252
    endloop
  endfacet
  facet normal 0.530174 0.584320 -0.614399
    outer loop
      vertex -0.323210 -1.516136 -1.659628
      vertex -0.315942 -1.513350 -1.650707
      vertex -0.320927 -1.517737 -1.659180
    endloop
  endfacet
  facet normal 0.394688 0.460600 -0.795028
    outer loop
      vertex -0.323951 -1.520361 -1.662202
      vertex -0.320927 -1.517737 -1.659180
      vertex -0.318333 -1.519099 -1.658682
    endloop
  endfacet
  facet normal 0.336018 0.644019 -0.687264
    outer loop
      vertex -0.323951 -1.520361 -1.662202
      vertex -0.311734 -1.521548 -1.657341
      vertex -0.319199 -1.522210 -1.661611
    endloop
  endfacet
  facet normal 0.789191 0.574980 -0.215811
    outer loop
      vertex -0.312967 -1.487134 -1.586047
      vertex -0.302020 -1.499168 -1.578077
      vertex -0.316352 -1.500179 -1.633183
    endloop
  endfacet
  facet normal 0.865546 0.440541 -0.238229
    outer loop
      vertex -0.322102 -1.474439 -1.595764
      vertex -0.312967 -1.487134 -1.586047
      vertex -0.324222 -1.493189 -1.638139
    endloop
  endfacet
  facet normal 0.536864 0.825802 -0.172707
    outer loop
      vertex -0.327141 -1.469269 -1.600528
      vertex -0.337672 -1.444852 -1.516512
      vertex -0.332642 -1.447449 -1.513299
    endloop
  endfacet
  facet normal 0.758499 0.643326 -0.103971
    outer loop
      vertex -0.325366 -1.455807 -1.504288
      vertex -0.322102 -1.474439 -1.595764
      vertex -0.327141 -1.469269 -1.600528
    endloop
  endfacet
  facet normal 0.385622 0.918072 0.091866
    outer loop
      vertex -0.349786 -1.435091 -1.329297
      vertex -0.357492 -1.431316 -1.334674
      vertex -0.389506 -1.433949 -1.173973
    endloop
  endfacet
  facet normal 0.449963 0.892865 -0.018046
    outer loop
      vertex -0.332642 -1.447449 -1.513299
      vertex -0.357492 -1.431316 -1.334674
      vertex -0.349786 -1.435091 -1.329297
    endloop
  endfacet
  facet normal -0.878538 0.476190 -0.037612
    outer loop
      vertex -2.964302 -1.823867 -0.285764
      vertex -2.922403 -1.762079 -0.482153
      vertex -2.932064 -1.779477 -0.476778
    endloop
  endfacet
  facet normal -0.464306 -0.046369 -0.884460
    outer loop
      vertex -2.534407 -1.527659 -1.655698
      vertex -2.522808 -1.525960 -1.661876
      vertex -2.530343 -1.528996 -1.657761
    endloop
  endfacet
  facet normal -0.273638 -0.421465 -0.864575
    outer loop
      vertex -2.534407 -1.527659 -1.655698
      vertex -2.534393 -1.525142 -1.656930
      vertex -2.514519 -1.523357 -1.664090
    endloop
  endfacet
  facet normal -0.239031 -0.549635 -0.800478
    outer loop
      vertex -2.514519 -1.523357 -1.664090
      vertex -2.534393 -1.525142 -1.656930
      vertex -2.524256 -1.522981 -1.661440
    endloop
  endfacet
  facet normal -0.322829 0.586244 -0.743034
    outer loop
      vertex -2.524256 -1.522981 -1.661440
      vertex -2.523555 -1.519099 -1.658682
      vertex -2.519282 -1.521024 -1.662057
    endloop
  endfacet
  facet normal -0.401384 0.478492 -0.780984
    outer loop
      vertex -2.523555 -1.519099 -1.658682
      vertex -2.520961 -1.517737 -1.659180
      vertex -2.519282 -1.521024 -1.662057
    endloop
  endfacet
  facet normal -0.512160 0.544721 -0.664057
    outer loop
      vertex -2.520961 -1.517737 -1.659180
      vertex -2.521777 -1.510058 -1.652252
      vertex -2.518678 -1.516136 -1.659628
    endloop
  endfacet
  facet normal -0.647219 0.575752 -0.499617
    outer loop
      vertex -2.517665 -1.493189 -1.638139
      vertex -2.517121 -1.506528 -1.654215
      vertex -2.521777 -1.510058 -1.652252
    endloop
  endfacet
  facet normal -0.710847 0.617162 -0.337354
    outer loop
      vertex -2.514746 -1.469269 -1.600528
      vertex -2.514055 -1.490328 -1.640510
      vertex -2.517665 -1.493189 -1.638139
    endloop
  endfacet
  facet normal 0.065069 0.777258 -0.625808
    outer loop
      vertex -2.468558 -1.493309 -1.642082
      vertex -2.512653 -1.489158 -1.641511
      vertex -2.512430 -1.487495 -1.639422
    endloop
  endfacet
  facet normal -0.753037 0.562859 -0.340773
    outer loop
      vertex -2.514055 -1.490328 -1.640510
      vertex -2.512198 -1.485882 -1.637271
      vertex -2.512430 -1.487495 -1.639422
    endloop
  endfacet
  facet normal -0.611569 -0.160012 -0.774841
    outer loop
      vertex -2.548488 -1.534402 -1.642323
      vertex -2.530343 -1.528996 -1.657761
      vertex -2.543406 -1.535819 -1.646042
    endloop
  endfacet
  facet normal -0.722869 -0.266890 -0.637362
    outer loop
      vertex -2.548488 -1.534402 -1.642323
      vertex -2.572314 -1.547710 -1.609729
      vertex -2.579496 -1.544311 -1.603006
    endloop
  endfacet
  facet normal -0.770577 -0.378770 -0.512586
    outer loop
      vertex -2.579496 -1.544311 -1.603006
      vertex -2.619857 -1.568775 -1.524254
      vertex -2.611495 -1.551996 -1.549222
    endloop
  endfacet
  facet normal -0.925534 0.167980 -0.339368
    outer loop
      vertex -2.611495 -1.551996 -1.549222
      vertex -2.665673 -1.584789 -1.417699
      vertex -2.672887 -1.576980 -1.394158
    endloop
  endfacet
  facet normal -0.924108 0.306186 -0.228638
    outer loop
      vertex -2.757594 -1.634214 -1.128437
      vertex -2.752506 -1.623356 -1.134460
      vertex -2.672887 -1.576980 -1.394158
    endloop
  endfacet
  facet normal -0.909537 0.391737 -0.138868
    outer loop
      vertex -2.932064 -1.779477 -0.476778
      vertex -2.874429 -1.718428 -0.682053
      vertex -2.882388 -1.734468 -0.675172
    endloop
  endfacet
  facet normal -0.909863 0.380590 -0.165226
    outer loop
      vertex -2.882388 -1.734468 -0.675172
      vertex -2.874429 -1.718428 -0.682053
      vertex -2.752506 -1.623356 -1.134460
    endloop
  endfacet
  facet normal -0.618300 0.761303 -0.195253
    outer loop
      vertex -2.541032 -1.512247 -1.625388
      vertex -2.555039 -1.509429 -1.570045
      vertex -2.539868 -1.499168 -1.578077
    endloop
  endfacet
  facet normal -0.480530 0.863137 -0.155196
    outer loop
      vertex -2.563309 -1.522292 -1.615976
      vertex -2.594056 -1.527709 -1.550903
      vertex -2.555039 -1.509429 -1.570045
    endloop
  endfacet
  facet normal -0.636739 0.760492 -0.127338
    outer loop
      vertex -2.594056 -1.527709 -1.550903
      vertex -2.610119 -1.539604 -1.541619
      vertex -2.652890 -1.553417 -1.410238
    endloop
  endfacet
  facet normal -0.786746 0.584771 -0.197670
    outer loop
      vertex -2.539868 -1.499168 -1.578077
      vertex -2.528920 -1.487134 -1.586047
      vertex -2.532601 -1.506695 -1.629267
    endloop
  endfacet
  facet normal -0.840893 0.528732 -0.115507
    outer loop
      vertex -2.874429 -1.718428 -0.682053
      vertex -2.745437 -1.613538 -1.140982
      vertex -2.752506 -1.623356 -1.134460
    endloop
  endfacet
  facet normal -0.701957 0.707327 -0.083334
    outer loop
      vertex -2.652890 -1.553417 -1.410238
      vertex -2.664748 -1.564184 -1.401748
      vertex -2.745437 -1.613538 -1.140982
    endloop
  endfacet
  facet normal 0.756917 0.644753 0.106632
    outer loop
      vertex -0.308492 -1.565720 -0.841758
      vertex -0.296075 -1.511405 -1.258314
      vertex -0.334837 -1.495355 -1.080214
    endloop
  endfacet
  facet normal 0.350179 0.917997 0.186162
    outer loop
      vertex -0.308492 -1.565720 -0.841758
      vertex -0.333396 -1.645832 -0.399866
      vertex -0.238333 -1.641930 -0.597921
    endloop
  endfacet
  facet normal 0.316747 0.917947 0.238842
    outer loop
      vertex -0.333396 -1.645832 -0.399866
      vertex -0.375383 -1.752701 0.066551
      vertex -0.257492 -1.736294 -0.152853
    endloop
  endfacet
  facet normal 0.832722 0.545245 0.096344
    outer loop
      vertex -0.334837 -1.495355 -1.080214
      vertex -0.321854 -1.479276 -1.283422
      vertex -0.339209 -1.447341 -1.314153
    endloop
  endfacet
  facet normal 0.688165 0.718545 0.100604
    outer loop
      vertex -0.339209 -1.447341 -1.314153
      vertex -0.349786 -1.435091 -1.329297
      vertex -0.370920 -1.441968 -1.135609
    endloop
  endfacet
  facet normal -0.829231 0.488468 -0.271614
    outer loop
      vertex -2.514055 -1.490328 -1.640510
      vertex -2.514746 -1.469269 -1.600528
      vertex -2.512139 -1.477313 -1.622956
    endloop
  endfacet
  facet normal 0.068732 0.794580 -0.603257
    outer loop
      vertex -2.468558 -1.493309 -1.642082
      vertex -2.512430 -1.487495 -1.639422
      vertex -2.512198 -1.485882 -1.637271
    endloop
  endfacet
  facet normal -0.792745 0.538823 -0.285000
    outer loop
      vertex -2.514055 -1.490328 -1.640510
      vertex -2.511707 -1.482796 -1.632803
      vertex -2.512198 -1.485882 -1.637271
    endloop
  endfacet
  facet normal -0.732612 0.608120 -0.305728
    outer loop
      vertex -2.519785 -1.474439 -1.595764
      vertex -2.517665 -1.493189 -1.638139
      vertex -2.525535 -1.500179 -1.633183
    endloop
  endfacet
  facet normal -0.725734 0.647881 -0.231431
    outer loop
      vertex -2.528920 -1.487134 -1.586047
      vertex -2.525535 -1.500179 -1.633183
      vertex -2.532601 -1.506695 -1.629267
    endloop
  endfacet
  facet normal 0.403540 0.478759 -0.779709
    outer loop
      vertex -0.319199 -1.522210 -1.661611
      vertex -0.311734 -1.521548 -1.657341
      vertex -0.308715 -1.523134 -1.656753
    endloop
  endfacet
  facet normal 0.355714 0.541395 -0.761813
    outer loop
      vertex -0.323951 -1.520361 -1.662202
      vertex -0.318333 -1.519099 -1.658682
      vertex -0.311734 -1.521548 -1.657341
    endloop
  endfacet
  facet normal 0.537211 0.577312 -0.614911
    outer loop
      vertex -0.320927 -1.517737 -1.659180
      vertex -0.315942 -1.513350 -1.650707
      vertex -0.311122 -1.516157 -1.649131
    endloop
  endfacet
  facet normal 0.625391 0.668922 -0.401783
    outer loop
      vertex -0.315942 -1.513350 -1.650707
      vertex -0.309286 -1.506695 -1.629267
      vertex -0.300855 -1.512247 -1.625388
    endloop
  endfacet
  facet normal 0.619285 0.759379 -0.199573
    outer loop
      vertex -0.309286 -1.506695 -1.629267
      vertex -0.302020 -1.499168 -1.578077
      vertex -0.286848 -1.509429 -1.570045
    endloop
  endfacet
  facet normal 0.576001 0.816197 -0.045225
    outer loop
      vertex -0.286848 -1.509429 -1.570045
      vertex -0.302020 -1.499168 -1.578077
      vertex -0.270768 -1.514440 -1.455667
    endloop
  endfacet
  facet normal 0.539728 0.840367 0.049775
    outer loop
      vertex -0.270768 -1.514440 -1.455667
      vertex -0.296240 -1.497179 -1.470883
      vertex -0.254164 -1.538312 -1.232667
    endloop
  endfacet
  facet normal 0.232284 0.962485 0.140240
    outer loop
      vertex -0.254164 -1.538312 -1.232667
      vertex -0.240276 -1.603359 -0.809247
      vertex -0.050852 -1.661011 -0.727322
    endloop
  endfacet
  facet normal 0.227552 0.962011 0.150847
    outer loop
      vertex -0.050852 -1.661011 -0.727322
      vertex -0.240276 -1.603359 -0.809247
      vertex -0.017765 -1.701064 -0.521796
    endloop
  endfacet
  facet normal 0.194692 0.963401 0.184264
    outer loop
      vertex -0.017765 -1.701064 -0.521796
      vertex -0.238333 -1.641930 -0.597921
      vertex 0.000535 -1.743948 -0.316920
    endloop
  endfacet
  facet normal 0.285194 0.936527 0.203915
    outer loop
      vertex 0.000535 -1.743948 -0.316920
      vertex 0.006069 -1.790594 -0.110429
      vertex 0.063578 -1.809919 -0.102103
    endloop
  endfacet
  facet normal 0.269017 0.934335 0.233771
    outer loop
      vertex 0.006069 -1.790594 -0.110429
      vertex 0.000709 -1.840764 0.096260
      vertex 0.061098 -1.859064 0.099906
    endloop
  endfacet
  facet normal 0.265511 0.928156 0.260825
    outer loop
      vertex 0.061098 -1.859064 0.099906
      vertex 0.000709 -1.840764 0.096260
      vertex -0.015972 -1.894207 0.303421
    endloop
  endfacet
  facet normal 0.308041 0.906621 0.288355
    outer loop
      vertex -0.295291 -1.847231 0.288839
      vertex -0.424926 -1.872203 0.505839
      vertex -0.321619 -1.906419 0.503057
    endloop
  endfacet
  facet normal 0.145106 0.949332 0.278772
    outer loop
      vertex -0.046078 -1.950911 0.512190
      vertex -0.015972 -1.894207 0.303421
      vertex -0.295291 -1.847231 0.288839
    endloop
  endfacet
  facet normal 0.327920 0.906133 0.267190
    outer loop
      vertex -0.274442 -1.790490 0.070824
      vertex -0.375383 -1.752701 0.066551
      vertex -0.295291 -1.847231 0.288839
    endloop
  endfacet
  facet normal 0.721817 0.662587 -0.199896
    outer loop
      vertex -0.302020 -1.499168 -1.578077
      vertex -0.309286 -1.506695 -1.629267
      vertex -0.316352 -1.500179 -1.633183
    endloop
  endfacet
  facet normal 0.755867 0.652587 -0.052862
    outer loop
      vertex -0.296240 -1.497179 -1.470883
      vertex -0.302020 -1.499168 -1.578077
      vertex -0.312967 -1.487134 -1.586047
    endloop
  endfacet
  facet normal 0.830352 0.554377 -0.056415
    outer loop
      vertex -0.313067 -1.476796 -1.485940
      vertex -0.312967 -1.487134 -1.586047
      vertex -0.322102 -1.474439 -1.595764
    endloop
  endfacet
  facet normal 0.800318 0.591594 -0.097507
    outer loop
      vertex -0.332642 -1.447449 -1.513299
      vertex -0.325366 -1.455807 -1.504288
      vertex -0.327141 -1.469269 -1.600528
    endloop
  endfacet
  facet normal 0.884058 0.463140 -0.062791
    outer loop
      vertex -0.325366 -1.455807 -1.504288
      vertex -0.313067 -1.476796 -1.485940
      vertex -0.322102 -1.474439 -1.595764
    endloop
  endfacet
  facet normal 0.741073 0.670996 0.023979
    outer loop
      vertex -0.349786 -1.435091 -1.329297
      vertex -0.325366 -1.455807 -1.504288
      vertex -0.332642 -1.447449 -1.513299
    endloop
  endfacet
  facet normal -0.516569 -0.411089 -0.751107
    outer loop
      vertex -2.548488 -1.534402 -1.642323
      vertex -2.534407 -1.527659 -1.655698
      vertex -2.530343 -1.528996 -1.657761
    endloop
  endfacet
  facet normal -0.561212 -0.361207 -0.744695
    outer loop
      vertex -2.552872 -1.532477 -1.639445
      vertex -2.534393 -1.525142 -1.656930
      vertex -2.534407 -1.527659 -1.655698
    endloop
  endfacet
  facet normal -0.441902 0.341799 -0.829395
    outer loop
      vertex -2.533172 -1.523134 -1.656753
      vertex -2.524256 -1.522981 -1.661440
      vertex -2.534393 -1.525142 -1.656930
    endloop
  endfacet
  facet normal -0.363824 0.582285 -0.727033
    outer loop
      vertex -2.530154 -1.521548 -1.657341
      vertex -2.523555 -1.519099 -1.658682
      vertex -2.524256 -1.522981 -1.661440
    endloop
  endfacet
  facet normal -0.457985 0.650313 -0.606089
    outer loop
      vertex -2.525946 -1.513350 -1.650707
      vertex -2.520961 -1.517737 -1.659180
      vertex -2.523555 -1.519099 -1.658682
    endloop
  endfacet
  facet normal -0.615918 0.490657 -0.616361
    outer loop
      vertex -2.525946 -1.513350 -1.650707
      vertex -2.521777 -1.510058 -1.652252
      vertex -2.520961 -1.517737 -1.659180
    endloop
  endfacet
  facet normal -0.736008 0.530859 -0.420096
    outer loop
      vertex -2.525535 -1.500179 -1.633183
      vertex -2.517665 -1.493189 -1.638139
      vertex -2.521777 -1.510058 -1.652252
    endloop
  endfacet
  facet normal -0.618258 -0.493273 -0.611914
    outer loop
      vertex -2.548488 -1.534402 -1.642323
      vertex -2.579496 -1.544311 -1.603006
      vertex -2.552872 -1.532477 -1.639445
    endloop
  endfacet
  facet normal -0.823890 -0.221217 -0.521793
    outer loop
      vertex -2.574232 -1.535593 -1.615014
      vertex -2.579496 -1.544311 -1.603006
      vertex -2.611495 -1.551996 -1.549222
    endloop
  endfacet
  facet normal -0.931237 0.075145 -0.356583
    outer loop
      vertex -2.611495 -1.551996 -1.549222
      vertex -2.672887 -1.576980 -1.394158
      vertex -2.615547 -1.547031 -1.537593
    endloop
  endfacet
  facet normal -0.875477 0.444776 -0.188980
    outer loop
      vertex -2.752506 -1.623356 -1.134460
      vertex -2.664748 -1.564184 -1.401748
      vertex -2.672887 -1.576980 -1.394158
    endloop
  endfacet
  facet normal -0.601252 0.773847 -0.199141
    outer loop
      vertex -2.532601 -1.506695 -1.629267
      vertex -2.541032 -1.512247 -1.625388
      vertex -2.539868 -1.499168 -1.578077
    endloop
  endfacet
  facet normal -0.461473 0.872383 -0.161217
    outer loop
      vertex -2.541032 -1.512247 -1.625388
      vertex -2.563309 -1.522292 -1.615976
      vertex -2.555039 -1.509429 -1.570045
    endloop
  endfacet
  facet normal -0.604537 0.765029 -0.221958
    outer loop
      vertex -2.563309 -1.522292 -1.615976
      vertex -2.573186 -1.528764 -1.611383
      vertex -2.594056 -1.527709 -1.550903
    endloop
  endfacet
  facet normal -0.663744 0.707936 -0.241393
    outer loop
      vertex -2.573186 -1.528764 -1.611383
      vertex -2.610119 -1.539604 -1.541619
      vertex -2.594056 -1.527709 -1.550903
    endloop
  endfacet
  facet normal -0.725406 0.668023 -0.165925
    outer loop
      vertex -2.664748 -1.564184 -1.401748
      vertex -2.652890 -1.553417 -1.410238
      vertex -2.610119 -1.539604 -1.541619
    endloop
  endfacet
  facet normal -0.849561 0.499935 -0.168259
    outer loop
      vertex -2.752506 -1.623356 -1.134460
      vertex -2.745437 -1.613538 -1.140982
      vertex -2.664748 -1.564184 -1.401748
    endloop
  endfacet
  facet normal 0.736460 0.669051 0.099990
    outer loop
      vertex -0.334837 -1.495355 -1.080214
      vertex -0.296075 -1.511405 -1.258314
      vertex -0.321854 -1.479276 -1.283422
    endloop
  endfacet
  facet normal 0.479421 0.868273 0.127505
    outer loop
      vertex -0.254164 -1.538312 -1.232667
      vertex -0.296075 -1.511405 -1.258314
      vertex -0.308492 -1.565720 -0.841758
    endloop
  endfacet
  facet normal 0.417592 0.894538 0.159433
    outer loop
      vertex -0.240276 -1.603359 -0.809247
      vertex -0.308492 -1.565720 -0.841758
      vertex -0.238333 -1.641930 -0.597921
    endloop
  endfacet
  facet normal 0.367037 0.909732 0.194091
    outer loop
      vertex -0.238333 -1.641930 -0.597921
      vertex -0.333396 -1.645832 -0.399866
      vertex -0.244711 -1.686200 -0.378363
    endloop
  endfacet
  facet normal 0.358927 0.906644 0.221740
    outer loop
      vertex -0.244711 -1.686200 -0.378363
      vertex -0.333396 -1.645832 -0.399866
      vertex -0.257492 -1.736294 -0.152853
    endloop
  endfacet
  facet normal 0.330704 0.911154 0.245833
    outer loop
      vertex -0.257492 -1.736294 -0.152853
      vertex -0.375383 -1.752701 0.066551
      vertex -0.274442 -1.790490 0.070824
    endloop
  endfacet
  facet normal 0.861218 0.506647 0.040141
    outer loop
      vertex -0.339209 -1.447341 -1.314153
      vertex -0.321854 -1.479276 -1.283422
      vertex -0.325366 -1.455807 -1.504288
    endloop
  endfacet
  facet normal 0.741721 0.670273 0.024155
    outer loop
      vertex -0.349786 -1.435091 -1.329297
      vertex -0.339209 -1.447341 -1.314153
      vertex -0.325366 -1.455807 -1.504288
    endloop
  endfacet
  facet normal -0.731295 0.553338 -0.398778
    outer loop
      vertex -2.532601 -1.506695 -1.629267
      vertex -2.525535 -1.500179 -1.633183
      vertex -2.525946 -1.513350 -1.650707
    endloop
  endfacet
  facet normal 0.579189 0.813876 -0.046329
    outer loop
      vertex -0.302020 -1.499168 -1.578077
      vertex -0.296240 -1.497179 -1.470883
      vertex -0.270768 -1.514440 -1.455667
    endloop
  endfacet
  facet normal 0.514513 0.855596 0.056859
    outer loop
      vertex -0.296240 -1.497179 -1.470883
      vertex -0.296075 -1.511405 -1.258314
      vertex -0.254164 -1.538312 -1.232667
    endloop
  endfacet
  facet normal 0.433908 0.892538 0.122881
    outer loop
      vertex -0.254164 -1.538312 -1.232667
      vertex -0.308492 -1.565720 -0.841758
      vertex -0.240276 -1.603359 -0.809247
    endloop
  endfacet
  facet normal 0.198454 0.964502 0.174218
    outer loop
      vertex -0.240276 -1.603359 -0.809247
      vertex -0.238333 -1.641930 -0.597921
      vertex -0.017765 -1.701064 -0.521796
    endloop
  endfacet
  facet normal 0.176970 0.963791 0.199470
    outer loop
      vertex 0.000535 -1.743948 -0.316920
      vertex -0.238333 -1.641930 -0.597921
      vertex -0.244711 -1.686200 -0.378363
    endloop
  endfacet
  facet normal 0.173182 0.961671 0.212597
    outer loop
      vertex 0.006069 -1.790594 -0.110429
      vertex 0.000535 -1.743948 -0.316920
      vertex -0.244711 -1.686200 -0.378363
    endloop
  endfacet
  facet normal 0.159344 0.958410 0.236770
    outer loop
      vertex 0.000709 -1.840764 0.096260
      vertex 0.006069 -1.790594 -0.110429
      vertex -0.257492 -1.736294 -0.152853
    endloop
  endfacet
  facet normal 0.150479 0.954273 0.258300
    outer loop
      vertex -0.015972 -1.894207 0.303421
      vertex 0.000709 -1.840764 0.096260
      vertex -0.274442 -1.790490 0.070824
    endloop
  endfacet
  facet normal 0.146716 0.953778 0.262262
    outer loop
      vertex -0.015972 -1.894207 0.303421
      vertex -0.274442 -1.790490 0.070824
      vertex -0.295291 -1.847231 0.288839
    endloop
  endfacet
  facet normal 0.791674 0.607793 -0.061970
    outer loop
      vertex -0.313067 -1.476796 -1.485940
      vertex -0.296240 -1.497179 -1.470883
      vertex -0.312967 -1.487134 -1.586047
    endloop
  endfacet
  facet normal 0.845055 0.532932 0.043191
    outer loop
      vertex -0.321854 -1.479276 -1.283422
      vertex -0.313067 -1.476796 -1.485940
      vertex -0.325366 -1.455807 -1.504288
    endloop
  endfacet
  facet normal -0.604539 -0.242549 -0.758750
    outer loop
      vertex -2.552872 -1.532477 -1.639445
      vertex -2.534407 -1.527659 -1.655698
      vertex -2.548488 -1.534402 -1.642323
    endloop
  endfacet
  facet normal -0.703146 0.439915 -0.558624
    outer loop
      vertex -2.574232 -1.535593 -1.615014
      vertex -2.534393 -1.525142 -1.656930
      vertex -2.552872 -1.532477 -1.639445
    endloop
  endfacet
  facet normal -0.609577 0.429392 -0.666362
    outer loop
      vertex -2.548793 -1.524505 -1.643346
      vertex -2.533172 -1.523134 -1.656753
      vertex -2.534393 -1.525142 -1.656930
    endloop
  endfacet
  facet normal -0.410355 0.497435 -0.764308
    outer loop
      vertex -2.533172 -1.523134 -1.656753
      vertex -2.530154 -1.521548 -1.657341
      vertex -2.524256 -1.522981 -1.661440
    endloop
  endfacet
  facet normal -0.387799 0.756947 -0.525968
    outer loop
      vertex -2.530765 -1.516157 -1.649131
      vertex -2.523555 -1.519099 -1.658682
      vertex -2.530154 -1.521548 -1.657341
    endloop
  endfacet
  facet normal -0.541192 0.596764 -0.592439
    outer loop
      vertex -2.525946 -1.513350 -1.650707
      vertex -2.523555 -1.519099 -1.658682
      vertex -2.530765 -1.516157 -1.649131
    endloop
  endfacet
  facet normal -0.650594 0.614306 -0.446493
    outer loop
      vertex -2.525535 -1.500179 -1.633183
      vertex -2.521777 -1.510058 -1.652252
      vertex -2.525946 -1.513350 -1.650707
    endloop
  endfacet
  facet normal -0.636843 -0.463772 -0.615911
    outer loop
      vertex -2.552872 -1.532477 -1.639445
      vertex -2.579496 -1.544311 -1.603006
      vertex -2.574232 -1.535593 -1.615014
    endloop
  endfacet
  facet normal -0.863848 0.278347 -0.419869
    outer loop
      vertex -2.574232 -1.535593 -1.615014
      vertex -2.611495 -1.551996 -1.549222
      vertex -2.615547 -1.547031 -1.537593
    endloop
  endfacet
  facet normal -0.876998 0.399342 -0.267208
    outer loop
      vertex -2.672887 -1.576980 -1.394158
      vertex -2.664748 -1.564184 -1.401748
      vertex -2.615547 -1.547031 -1.537593
    endloop
  endfacet
  facet normal -0.624444 0.681181 -0.382179
    outer loop
      vertex -2.530765 -1.516157 -1.649131
      vertex -2.541032 -1.512247 -1.625388
      vertex -2.532601 -1.506695 -1.629267
    endloop
  endfacet
  facet normal -0.497158 0.809192 -0.313116
    outer loop
      vertex -2.543178 -1.521235 -1.645208
      vertex -2.563309 -1.522292 -1.615976
      vertex -2.541032 -1.512247 -1.625388
    endloop
  endfacet
  facet normal -0.624460 0.678962 -0.386084
    outer loop
      vertex -2.548793 -1.524505 -1.643346
      vertex -2.573186 -1.528764 -1.611383
      vertex -2.563309 -1.522292 -1.615976
    endloop
  endfacet
  facet normal -0.777089 0.537213 -0.327924
    outer loop
      vertex -2.610119 -1.539604 -1.541619
      vertex -2.573186 -1.528764 -1.611383
      vertex -2.576779 -1.532756 -1.609407
    endloop
  endfacet
  facet normal -0.841191 0.482702 -0.243714
    outer loop
      vertex -2.664748 -1.564184 -1.401748
      vertex -2.610119 -1.539604 -1.541619
      vertex -2.615547 -1.547031 -1.537593
    endloop
  endfacet
  facet normal 0.763420 0.644598 0.041016
    outer loop
      vertex -0.321854 -1.479276 -1.283422
      vertex -0.296075 -1.511405 -1.258314
      vertex -0.313067 -1.476796 -1.485940
    endloop
  endfacet
  facet normal 0.162198 0.961292 0.222730
    outer loop
      vertex 0.006069 -1.790594 -0.110429
      vertex -0.244711 -1.686200 -0.378363
      vertex -0.257492 -1.736294 -0.152853
    endloop
  endfacet
  facet normal 0.152481 0.957807 0.243631
    outer loop
      vertex 0.000709 -1.840764 0.096260
      vertex -0.257492 -1.736294 -0.152853
      vertex -0.274442 -1.790490 0.070824
    endloop
  endfacet
  facet normal -0.555337 0.729709 -0.398906
    outer loop
      vertex -2.525946 -1.513350 -1.650707
      vertex -2.530765 -1.516157 -1.649131
      vertex -2.532601 -1.506695 -1.629267
    endloop
  endfacet
  facet normal 0.754528 0.654842 0.043237
    outer loop
      vertex -0.296075 -1.511405 -1.258314
      vertex -0.296240 -1.497179 -1.470883
      vertex -0.313067 -1.476796 -1.485940
    endloop
  endfacet
  facet normal -0.645462 -0.320363 -0.693358
    outer loop
      vertex -2.574232 -1.535593 -1.615014
      vertex -2.550908 -1.525212 -1.641523
      vertex -2.534393 -1.525142 -1.656930
    endloop
  endfacet
  facet normal -0.545875 0.610747 -0.573593
    outer loop
      vertex -2.533172 -1.523134 -1.656753
      vertex -2.548793 -1.524505 -1.643346
      vertex -2.543178 -1.521235 -1.645208
    endloop
  endfacet
  facet normal -0.674234 0.155075 -0.722052
    outer loop
      vertex -2.550908 -1.525212 -1.641523
      vertex -2.548793 -1.524505 -1.643346
      vertex -2.534393 -1.525142 -1.656930
    endloop
  endfacet
  facet normal -0.473631 0.705924 -0.526635
    outer loop
      vertex -2.530154 -1.521548 -1.657341
      vertex -2.533172 -1.523134 -1.656753
      vertex -2.543178 -1.521235 -1.645208
    endloop
  endfacet
  facet normal -0.458884 0.726608 -0.511338
    outer loop
      vertex -2.530765 -1.516157 -1.649131
      vertex -2.530154 -1.521548 -1.657341
      vertex -2.543178 -1.521235 -1.645208
    endloop
  endfacet
  facet normal -0.883644 0.107215 -0.455716
    outer loop
      vertex -2.574232 -1.535593 -1.615014
      vertex -2.615547 -1.547031 -1.537593
      vertex -2.576779 -1.532756 -1.609407
    endloop
  endfacet
  facet normal -0.444848 0.832797 -0.329484
    outer loop
      vertex -2.530765 -1.516157 -1.649131
      vertex -2.543178 -1.521235 -1.645208
      vertex -2.541032 -1.512247 -1.625388
    endloop
  endfacet
  facet normal -0.555603 0.751641 -0.355444
    outer loop
      vertex -2.543178 -1.521235 -1.645208
      vertex -2.548793 -1.524505 -1.643346
      vertex -2.563309 -1.522292 -1.615976
    endloop
  endfacet
  facet normal -0.516652 0.806737 -0.286786
    outer loop
      vertex -2.573186 -1.528764 -1.611383
      vertex -2.548793 -1.524505 -1.643346
      vertex -2.550908 -1.525212 -1.641523
    endloop
  endfacet
  facet normal -0.750810 0.426063 -0.504732
    outer loop
      vertex -2.550908 -1.525212 -1.641523
      vertex -2.576779 -1.532756 -1.609407
      vertex -2.573186 -1.528764 -1.611383
    endloop
  endfacet
  facet normal -0.834257 0.409777 -0.368914
    outer loop
      vertex -2.615547 -1.547031 -1.537593
      vertex -2.610119 -1.539604 -1.541619
      vertex -2.576779 -1.532756 -1.609407
    endloop
  endfacet
  facet normal -0.765469 0.362897 -0.531379
    outer loop
      vertex -2.550908 -1.525212 -1.641523
      vertex -2.574232 -1.535593 -1.615014
      vertex -2.576779 -1.532756 -1.609407
    endloop
  endfacet
  facet normal 0.000000 0.218888 -0.975750
    outer loop
      vertex -1.870944 -2.900000 0.504990
      vertex -1.870944 -2.836633 0.519205
      vertex -0.970944 -2.836633 0.519205
    endloop
  endfacet
  facet normal 0.000000 0.218888 -0.975750
    outer loop
      vertex -1.870944 -2.900000 0.504990
      vertex -0.970944 -2.836633 0.519205
      vertex -0.970944 -2.900000 0.504990
    endloop
  endfacet
  facet normal 0.000000 0.082349 0.996603
    outer loop
      vertex -1.870944 -2.824814 1.498858
      vertex -1.870944 -2.900000 1.505071
      vertex -0.970944 -2.900000 1.505071
    endloop
  endfacet
  facet normal -0.000000 0.082349 0.996603
    outer loop
      vertex -1.870944 -2.824814 1.498858
      vertex -0.970944 -2.900000 1.505071
      vertex -0.970944 -2.824814 1.498858
    endloop
  endfacet
  facet normal 1.000000 0.000000 0.000000
    outer loop
      vertex -0.970944 -2.900000 1.505071
      vertex -0.970944 -2.900000 0.504990
      vertex -0.970944 -2.836633 0.519205
    endloop
  endfacet
  facet normal 1.000000 0.000000 0.000000
    outer loop
      vertex -0.970944 -2.824814 1.498858
      vertex -0.970944 -2.836633 0.519205
      vertex -0.970944 -2.706919 0.511371
    endloop
  endfacet
  facet normal 1.000000 0.000000 0.000000
    outer loop
      vertex -0.970944 -2.824814 1.498858
      vertex -0.970944 -2.900000 1.505071
      vertex -0.970944 -2.836633 0.519205
    endloop
  endfacet
  facet normal 1.000000 0.000000 0.000000
    outer loop
      vertex -0.970944 -2.630954 1.519088
      vertex -0.970944 -2.824814 1.498858
      vertex -0.970944 -2.706919 0.511371
    endloop
  endfacet
  facet normal 0.000000 -0.060288 -0.998181
    outer loop
      vertex -1.870944 -2.836633 0.519205
      vertex -1.870944 -2.706919 0.511371
      vertex -0.970944 -2.706919 0.511371
    endloop
  endfacet
  facet normal 0.000000 -0.060288 -0.998181
    outer loop
      vertex -1.870944 -2.836633 0.519205
      vertex -0.970944 -2.706919 0.511371
      vertex -0.970944 -2.836633 0.519205
    endloop
  endfacet
  facet normal 0.000000 -0.103789 0.994599
    outer loop
      vertex -1.870944 -2.630954 1.519088
      vertex -0.970944 -2.824814 1.498858
      vertex -0.970944 -2.630954 1.519088
    endloop
  endfacet
  facet normal 0.000000 -0.103789 0.994599
    outer loop
      vertex -1.870944 -2.630954 1.519088
      vertex -1.870944 -2.824814 1.498858
      vertex -0.970944 -2.824814 1.498858
    endloop
  endfacet
  facet normal 0.000000 -0.368740 -0.929533
    outer loop
      vertex -1.870944 -2.706919 0.511371
      vertex -1.870944 -2.587991 0.464193
      vertex -0.970944 -2.587991 0.464193
    endloop
  endfacet
  facet normal 0.000000 -0.368740 -0.929533
    outer loop
      vertex -1.870944 -2.706919 0.511371
      vertex -0.970944 -2.587991 0.464193
      vertex -0.970944 -2.706919 0.511371
    endloop
  endfacet
  facet normal 0.000000 -0.220930 0.975290
    outer loop
      vertex -0.992319 -2.333796 1.586403
      vertex -0.970944 -2.630954 1.519088
      vertex -0.970944 -2.333796 1.586403
    endloop
  endfacet
  facet normal 0.000000 -0.220930 0.975290
    outer loop
      vertex -1.135194 -2.333796 1.586403
      vertex -0.970944 -2.630954 1.519088
      vertex -0.992319 -2.333796 1.586403
    endloop
  endfacet
  facet normal 0.000000 -0.220930 0.975290
    outer loop
      vertex -1.278069 -2.333796 1.586403
      vertex -0.970944 -2.630954 1.519088
      vertex -1.135194 -2.333796 1.586403
    endloop
  endfacet
  facet normal 0.000000 -0.220930 0.975290
    outer loop
      vertex -1.420944 -2.333796 1.586403
      vertex -0.970944 -2.630954 1.519088
      vertex -1.278069 -2.333796 1.586403
    endloop
  endfacet
  facet normal 0.000000 -0.220930 0.975290
    outer loop
      vertex -1.870944 -2.630954 1.519088
      vertex -1.420944 -2.333796 1.586403
      vertex -1.563819 -2.333796 1.586403
    endloop
  endfacet
  facet normal 0.000000 -0.220930 0.975290
    outer loop
      vertex -1.870944 -2.630954 1.519088
      vertex -0.970944 -2.630954 1.519088
      vertex -1.420944 -2.333796 1.586403
    endloop
  endfacet
  facet normal 0.000000 -0.220930 0.975290
    outer loop
      vertex -1.706694 -2.333796 1.586403
      vertex -1.870944 -2.630954 1.519088
      vertex -1.563819 -2.333796 1.586403
    endloop
  endfacet
  facet normal 0.000000 -0.220930 0.975290
    outer loop
      vertex -1.870944 -2.333796 1.586403
      vertex -1.870944 -2.630954 1.519088
      vertex -1.706694 -2.333796 1.586403
    endloop
  endfacet
  facet normal 0.000000 -0.623380 -0.781919
    outer loop
      vertex -1.870944 -2.587991 0.464193
      vertex -1.870944 -2.482204 0.379855
      vertex -0.970944 -2.482204 0.379855
    endloop
  endfacet
  facet normal 0.000000 -0.623380 -0.781919
    outer loop
      vertex -1.870944 -2.587991 0.464193
      vertex -0.970944 -2.482204 0.379855
      vertex -0.970944 -2.587991 0.464193
    endloop
  endfacet
  facet normal 0.000000 -0.792781 -0.609506
    outer loop
      vertex -0.970944 -2.380736 0.247876
      vertex -0.970944 -2.482204 0.379855
      vertex -1.870944 -2.482204 0.379855
    endloop
  endfacet
  facet normal -0.000000 -0.792781 -0.609506
    outer loop
      vertex -0.970944 -2.380736 0.247876
      vertex -1.870944 -2.482204 0.379855
      vertex -1.870944 -2.380736 0.247876
    endloop
  endfacet
  facet normal 0.000000 -0.050500 0.998724
    outer loop
      vertex -1.870944 -2.333796 1.586403
      vertex -1.706694 -2.333796 1.586403
      vertex -1.850013 -2.322309 1.586984
    endloop
  endfacet
  facet normal 0.000000 -0.050500 0.998724
    outer loop
      vertex -1.992444 -2.333796 1.586403
      vertex -1.870944 -2.333796 1.586403
      vertex -1.850013 -2.322309 1.586984
    endloop
  endfacet
  facet normal 0.000000 -0.897182 -0.441662
    outer loop
      vertex -0.970944 -2.275700 0.034507
      vertex -0.970944 -2.380736 0.247876
      vertex -1.870944 -2.380736 0.247876
    endloop
  endfacet
  facet normal -0.000000 -0.897182 -0.441662
    outer loop
      vertex -0.970944 -2.275700 0.034507
      vertex -1.870944 -2.380736 0.247876
      vertex -1.870944 -2.275700 0.034507
    endloop
  endfacet
  facet normal 0.000000 -0.004687 0.999989
    outer loop
      vertex -0.970944 -2.333796 1.586403
      vertex -0.841506 -2.333796 1.586403
      vertex -0.849445 -2.321485 1.586461
    endloop
  endfacet
  facet normal 0.000000 -0.402528 0.915407
    outer loop
      vertex -0.970944 -2.333796 1.586403
      vertex -0.849252 -2.351536 1.578602
      vertex -0.841506 -2.333796 1.586403
    endloop
  endfacet
  facet normal -0.000000 -0.954196 -0.299181
    outer loop
      vertex -1.420944 -2.179748 -0.271518
      vertex -1.870944 -2.275700 0.034507
      vertex -1.870944 -2.179748 -0.271518
    endloop
  endfacet
  facet normal -0.000000 -0.954196 -0.299181
    outer loop
      vertex -0.970944 -2.275700 0.034507
      vertex -1.870944 -2.275700 0.034507
      vertex -1.420944 -2.179748 -0.271518
    endloop
  endfacet
  facet normal -0.000000 -0.954196 -0.299181
    outer loop
      vertex -1.266898 -2.179748 -0.271518
      vertex -0.970944 -2.275700 0.034507
      vertex -1.420944 -2.179748 -0.271518
    endloop
  endfacet
  facet normal -0.000000 -0.954196 -0.299181
    outer loop
      vertex -0.970944 -2.179748 -0.271518
      vertex -0.970944 -2.275700 0.034507
      vertex -1.266898 -2.179748 -0.271518
    endloop
  endfacet
  facet normal 0.000000 -0.419672 0.907676
    outer loop
      vertex -2.008319 -2.333796 1.586403
      vertex -2.008791 -2.353339 1.577367
      vertex -2.000381 -2.333796 1.586403
    endloop
  endfacet
  facet normal 0.000000 -0.419672 0.907676
    outer loop
      vertex -2.024194 -2.333796 1.586403
      vertex -2.008791 -2.353339 1.577367
      vertex -2.008319 -2.333796 1.586403
    endloop
  endfacet
  facet normal -0.000000 -0.968034 -0.250820
    outer loop
      vertex -1.420944 -2.179748 -0.271518
      vertex -1.870944 -2.179748 -0.271518
      vertex -1.580024 -2.142417 -0.415596
    endloop
  endfacet
  facet normal 0.000000 -0.404092 0.914719
    outer loop
      vertex -0.793881 -2.333796 1.586403
      vertex -0.793708 -2.346426 1.580823
      vertex -0.789912 -2.333796 1.586403
    endloop
  endfacet
  facet normal 0.000000 -0.404092 0.914719
    outer loop
      vertex -0.801819 -2.333796 1.586403
      vertex -0.793708 -2.346426 1.580823
      vertex -0.793881 -2.333796 1.586403
    endloop
  endfacet
endsolid Mesh
